trade_id,trade_date,client_id,asset_class,notional_amount,internal_clearing_fee,custodian_charged_fee,settlement_delay_days,trade_failed,fail_reason
TRD-100000,31-12-2025,CLI-1134,Equities,355199.94,166.2,166.2,1,0,Settled
TRD-100001,16-12-2025,CLI-1077,Fixed Income,478873.5,175.04,175.04,0,0,Settled
TRD-100002,16-02-2025,CLI-1069,Fixed Income,1150284.95,258.62,328.83,3,0,Settled
TRD-100003,21-12-2025,CLI-1077,FX Options,266623.45,111.27,111.27,4,0,Settled
TRD-100004,07-11-2025,CLI-1139,Equities,253168.2,74.77,74.77,0,0,Settled
TRD-100005,04-11-2025,CLI-1149,Fixed Income,11777.65,1.85,1.85,2,0,Settled
TRD-100006,24-05-2025,CLI-1045,Fixed Income,485216.32,220.19,220.19,2,0,Settled
TRD-100007,26-09-2025,CLI-1084,OTC Derivatives,25112.04,5.91,5.91,1,0,Settled
TRD-100008,04-05-2025,CLI-1111,Equities,360739.39,136.92,136.92,0,0,Settled
TRD-100009,16-04-2025,CLI-1003,Equities,825417.07,178.49,178.49,1,0,Settled
TRD-100010,07-06-2025,CLI-1043,Equities,409166.16,122.76,122.76,0,0,Settled
TRD-100011,27-05-2025,CLI-1024,OTC Derivatives,167106.23,71.27,71.27,1,0,Settled
TRD-100012,25-05-2025,CLI-1073,Equities,781283.29,127.12,127.12,3,0,Settled
TRD-100013,30-04-2025,CLI-1097,Fixed Income,167161.58,82.06,82.06,3,0,Settled
TRD-100014,15-11-2025,CLI-1079,Equities,670312.83,85.86,115.49,3,1,Margin Breach
TRD-100015,02-10-2025,CLI-1055,OTC Derivatives,481135.73,150.89,150.89,1,0,Settled
TRD-100016,02-04-2025,CLI-1003,FX Options,103162.56,48.12,48.12,1,0,Settled
TRD-100017,27-02-2025,CLI-1120,Fixed Income,1187644.3,568.02,568.02,1,0,Settled
TRD-100018,12-12-2025,CLI-1082,Equities,121974.24,23.52,23.52,1,0,Settled
TRD-100019,17-08-2025,CLI-1095,Equities,2292353.69,361.26,361.26,0,0,Settled
TRD-100020,27-04-2025,CLI-1012,Equities,13668.67,5.33,5.33,1,0,Settled
TRD-100021,14-11-2025,CLI-1018,Equities,162911.74,19.03,19.03,2,0,Settled
TRD-100022,06-10-2025,CLI-1008,Fixed Income,121484.47,35.73,43.87,2,0,Settled
TRD-100023,07-05-2025,CLI-1099,Fixed Income,17046.12,7.13,7.13,2,0,Settled
TRD-100024,09-05-2025,CLI-1059,FX Options,669071,216.85,216.85,1,0,Settled
TRD-100025,27-02-2025,CLI-1127,Equities,601147.74,105.32,105.32,1,0,Settled
TRD-100026,02-05-2025,CLI-1030,Fixed Income,795952.98,234.66,234.66,1,0,Settled
TRD-100027,01-01-2025,CLI-1061,Fixed Income,158326.8,74.18,74.18,1,0,Settled
TRD-100028,27-08-2025,CLI-1104,Fixed Income,303794.99,105.38,105.38,2,0,Settled
TRD-100029,17-10-2025,CLI-1112,Equities,548102.88,212.99,212.99,0,0,Settled
TRD-100030,06-04-2025,CLI-1012,Fixed Income,299702.6,70.28,70.28,2,0,Settled
TRD-100031,06-05-2025,CLI-1090,Fixed Income,607549.1,106.56,106.56,2,1,System Lag
TRD-100032,28-04-2025,CLI-1035,OTC Derivatives,512524.65,103.66,103.66,0,1,System Lag
TRD-100033,17-02-2025,CLI-1137,FX Options,70884.88,22.21,22.21,2,0,Settled
TRD-100034,30-03-2025,CLI-1049,Equities,769440.23,163.19,163.19,1,1,System Lag
TRD-100035,25-08-2025,CLI-1045,Equities,647692.08,205.18,205.18,1,0,Settled
TRD-100036,29-09-2025,CLI-1059,Fixed Income,543316.15,208.15,208.15,0,0,Settled
TRD-100037,08-07-2025,CLI-1111,Fixed Income,94264.72,37.12,37.12,0,0,Settled
TRD-100038,11-07-2025,CLI-1021,Equities,165984.96,27.53,27.53,1,1,Custodian Delay
TRD-100039,10-03-2025,CLI-1059,OTC Derivatives,259759.09,103.95,139.09,3,0,Settled
TRD-100040,05-10-2025,CLI-1129,FX Options,174203.16,64.29,64.29,0,0,Settled
TRD-100041,15-12-2025,CLI-1083,FX Options,139262.51,14.59,14.59,1,0,Settled
TRD-100042,04-09-2025,CLI-1127,Equities,828295.81,102.34,102.34,3,0,Settled
TRD-100043,17-03-2025,CLI-1124,OTC Derivatives,518376.42,185.84,185.84,3,0,Settled
TRD-100044,03-06-2025,CLI-1027,OTC Derivatives,426747.6,108.17,108.17,2,1,Margin Breach
TRD-100045,24-05-2025,CLI-1060,Fixed Income,138061.16,21.87,21.87,1,0,Settled
TRD-100046,27-03-2025,CLI-1083,Fixed Income,1260985.08,148.49,148.49,2,0,Settled
TRD-100047,04-07-2025,CLI-1043,OTC Derivatives,116091.32,19.01,19.01,0,0,Settled
TRD-100048,12-10-2025,CLI-1134,Fixed Income,802252.99,387.49,387.49,1,0,Settled
TRD-100049,08-08-2025,CLI-1031,Equities,1710688.7,668.92,668.92,1,0,Settled
TRD-100050,10-03-2025,CLI-1123,Fixed Income,659311.6,205.1,205.1,0,0,Settled
TRD-100051,16-02-2025,CLI-1028,Fixed Income,2480935.49,1182.45,1182.45,1,0,Settled
TRD-100052,04-04-2025,CLI-1026,Equities,536414.92,186.48,186.48,1,0,Settled
TRD-100053,26-08-2025,CLI-1047,FX Options,132605.34,51.75,51.75,2,0,Settled
TRD-100054,23-07-2025,CLI-1052,Fixed Income,123964.68,26.41,26.41,0,0,Settled
TRD-100055,06-08-2025,CLI-1026,Fixed Income,206198.65,69.2,69.2,0,0,Settled
TRD-100056,07-12-2025,CLI-1014,Equities,13577.78,2.14,2.14,2,0,Settled
TRD-100057,08-02-2025,CLI-1095,Fixed Income,582378.07,152.46,152.46,1,1,Margin Breach
TRD-100058,10-04-2025,CLI-1001,Equities,166443.73,18.86,18.86,1,0,Settled
TRD-100059,16-10-2025,CLI-1014,Equities,854195.19,159.44,159.44,4,0,Settled
TRD-100060,11-09-2025,CLI-1010,Fixed Income,232497.6,30.21,30.21,1,0,Settled
TRD-100061,10-08-2025,CLI-1095,Fixed Income,336921.4,85.95,85.95,2,0,Settled
TRD-100062,23-12-2025,CLI-1067,Fixed Income,1696143.42,741.58,741.58,1,0,Settled
TRD-100063,23-01-2025,CLI-1047,Equities,148649.5,37.34,37.34,1,1,SSI Mismatch
TRD-100064,07-09-2025,CLI-1142,Fixed Income,648727.33,280.68,280.68,0,0,Settled
TRD-100065,10-01-2025,CLI-1138,Equities,713488.98,258.71,258.71,1,0,Settled
TRD-100066,03-09-2025,CLI-1041,FX Options,134870.93,40.98,40.98,2,1,System Lag
TRD-100067,21-11-2025,CLI-1100,Fixed Income,357571.42,69.64,69.64,5,1,System Lag
TRD-100068,10-04-2025,CLI-1124,Fixed Income,225546.81,105.75,105.75,2,0,Settled
TRD-100069,17-10-2025,CLI-1073,Equities,748999.26,91.14,91.14,3,0,Settled
TRD-100070,29-06-2025,CLI-1014,Equities,497070.26,186.68,186.68,2,0,Settled
TRD-100071,11-08-2025,CLI-1010,FX Options,333115.63,116.09,116.09,0,0,Settled
TRD-100072,07-09-2025,CLI-1048,Equities,765618.83,211.63,211.63,1,0,Settled
TRD-100073,27-05-2025,CLI-1124,Fixed Income,144041.41,28.25,28.25,5,0,Settled
TRD-100074,06-04-2025,CLI-1137,Fixed Income,710443.93,193.44,193.44,1,0,Settled
TRD-100075,14-09-2025,CLI-1143,Equities,1012628.52,454.78,454.78,1,0,Settled
TRD-100076,21-11-2025,CLI-1010,OTC Derivatives,1064421.16,462.71,563.45,2,1,Custodian Delay
TRD-100077,04-01-2025,CLI-1077,Fixed Income,775483.43,369.56,369.56,1,0,Settled
TRD-100078,16-01-2025,CLI-1053,Equities,272136.29,60.72,60.72,0,0,Settled
TRD-100079,07-10-2025,CLI-1148,Equities,2013387.3,513.09,513.09,0,0,Settled
TRD-100080,02-12-2025,CLI-1140,Equities,248690.3,26.73,26.73,1,0,Settled
TRD-100081,04-09-2025,CLI-1023,OTC Derivatives,518920.09,247.62,247.62,0,0,Settled
TRD-100082,15-09-2025,CLI-1082,Fixed Income,97816.49,22.67,22.67,1,0,Settled
TRD-100083,09-06-2025,CLI-1049,Equities,1977361.83,517.41,517.41,3,1,Margin Breach
TRD-100084,06-12-2025,CLI-1123,Equities,618674.13,286.52,286.52,0,0,Settled
TRD-100085,01-06-2025,CLI-1017,Fixed Income,709948.32,220.54,220.54,0,0,Settled
TRD-100086,27-06-2025,CLI-1053,Fixed Income,44019.9,14.37,14.37,2,0,Settled
TRD-100087,12-06-2025,CLI-1108,Fixed Income,730729.81,124.58,124.58,0,0,Settled
TRD-100088,02-02-2025,CLI-1088,Equities,755213.21,226.16,226.16,1,0,Settled
TRD-100089,28-06-2025,CLI-1054,Equities,567024.5,264.96,264.96,1,0,Settled
TRD-100090,11-04-2025,CLI-1144,Fixed Income,182591.76,59.07,68.47,1,0,Settled
TRD-100091,25-09-2025,CLI-1007,FX Options,346368.49,69.98,69.98,1,0,Settled
TRD-100092,19-11-2025,CLI-1002,Equities,68511,7.71,7.71,0,0,Settled
TRD-100093,06-03-2025,CLI-1108,Fixed Income,328938.61,77.14,77.14,0,0,Settled
TRD-100094,17-06-2025,CLI-1098,Fixed Income,149740.47,49.27,49.27,1,0,Settled
TRD-100095,26-11-2025,CLI-1062,Fixed Income,224697.31,26.3,26.3,1,0,Settled
TRD-100096,12-02-2025,CLI-1099,Equities,98726.96,33.95,33.95,0,0,Settled
TRD-100097,13-02-2025,CLI-1095,OTC Derivatives,140717.69,43.53,43.53,2,0,Settled
TRD-100098,12-10-2025,CLI-1080,Fixed Income,49829.41,20.6,20.6,2,1,Custodian Delay
TRD-100099,12-01-2025,CLI-1044,Fixed Income,1272248.24,141.93,141.93,1,0,Settled
TRD-100100,05-04-2025,CLI-1086,Equities,387948.39,159.97,159.97,0,0,Settled
TRD-100101,29-10-2025,CLI-1002,Equities,262705.13,81.01,81.01,1,0,Settled
TRD-100102,10-09-2025,CLI-1022,Equities,392890.35,97.52,97.52,0,0,Settled
TRD-100103,30-08-2025,CLI-1071,OTC Derivatives,504824.99,245.42,245.42,3,0,Settled
TRD-100104,04-02-2025,CLI-1020,Equities,1284746.86,210.76,210.76,2,1,System Lag
TRD-100105,03-08-2025,CLI-1138,Fixed Income,108429.12,34.32,34.32,1,0,Settled
TRD-100106,03-12-2025,CLI-1130,Equities,185170.73,42.29,42.29,0,0,Settled
TRD-100107,31-03-2025,CLI-1113,Fixed Income,1870481.05,581.71,581.71,1,0,Settled
TRD-100108,21-09-2025,CLI-1006,Fixed Income,241965.44,77.65,77.65,0,0,Settled
TRD-100109,03-04-2025,CLI-1037,Equities,21410.03,2.91,2.91,1,0,Settled
TRD-100110,31-03-2025,CLI-1067,Equities,89875.2,32.76,32.76,4,1,Custodian Delay
TRD-100111,25-04-2025,CLI-1008,Equities,23345.89,8.26,8.26,4,1,Margin Breach
TRD-100112,15-04-2025,CLI-1066,Fixed Income,2308756.91,941.48,941.48,0,0,Settled
TRD-100113,15-07-2025,CLI-1009,Fixed Income,173468.52,23.64,23.64,3,0,Settled
TRD-100114,10-11-2025,CLI-1044,Equities,1295511.8,283.59,283.59,1,0,Settled
TRD-100115,24-04-2025,CLI-1022,Fixed Income,2756713.26,992.54,992.54,2,0,Settled
TRD-100116,16-03-2025,CLI-1017,Equities,467946.93,72.39,72.39,1,0,Settled
TRD-100117,05-08-2025,CLI-1132,Equities,26879.91,9.97,9.97,1,0,Settled
TRD-100118,04-10-2025,CLI-1089,Equities,52556.57,6.5,6.5,2,0,Settled
TRD-100119,06-09-2025,CLI-1081,OTC Derivatives,338493.51,79.2,79.2,2,0,Settled
TRD-100120,13-06-2025,CLI-1082,Equities,270582.79,118.7,118.7,2,1,System Lag
TRD-100121,23-12-2025,CLI-1079,Equities,475927.24,195,195,1,1,Margin Breach
TRD-100122,11-07-2025,CLI-1035,Equities,298881.56,106.97,106.97,2,0,Settled
TRD-100123,15-08-2025,CLI-1129,Equities,1369632.8,613.85,613.85,3,0,Settled
TRD-100124,26-06-2025,CLI-1028,Fixed Income,392579.14,150.64,209.72,2,0,Settled
TRD-100125,09-04-2025,CLI-1074,Equities,601637.68,185.15,185.15,1,0,Settled
TRD-100126,05-02-2025,CLI-1022,Equities,1144020.69,562.73,562.73,1,0,Settled
TRD-100127,06-04-2025,CLI-1052,Fixed Income,89422.77,33.8,33.8,1,0,Settled
TRD-100128,01-06-2025,CLI-1077,Equities,140510.11,47.85,47.85,2,1,Margin Breach
TRD-100129,31-05-2025,CLI-1074,OTC Derivatives,66762.8,17.6,17.6,0,0,Settled
TRD-100130,09-07-2025,CLI-1131,Fixed Income,85201.26,39.27,39.27,2,1,SSI Mismatch
TRD-100131,12-08-2025,CLI-1073,Equities,369318.62,80.62,80.62,1,0,Settled
TRD-100132,06-02-2025,CLI-1012,Fixed Income,203699.1,21.12,21.12,3,0,Settled
TRD-100133,25-09-2025,CLI-1148,Equities,285106.3,50.95,50.95,1,0,Settled
TRD-100134,02-07-2025,CLI-1097,Fixed Income,2032486.76,292.29,292.29,1,0,Settled
TRD-100135,13-01-2025,CLI-1135,Fixed Income,95218.83,21.67,21.67,2,1,SSI Mismatch
TRD-100136,06-10-2025,CLI-1097,Equities,399147.86,171.77,171.77,0,1,Margin Breach
TRD-100137,05-08-2025,CLI-1135,Fixed Income,62053.51,22.38,22.38,2,0,Settled
TRD-100138,21-12-2025,CLI-1038,OTC Derivatives,201726.81,33.81,33.81,0,0,Settled
TRD-100139,27-12-2025,CLI-1080,FX Options,384886.2,159.93,159.93,1,0,Settled
TRD-100140,13-10-2025,CLI-1069,Fixed Income,1475269.6,445.07,445.07,2,0,Settled
TRD-100141,30-09-2025,CLI-1036,Fixed Income,258155.91,78.76,78.76,1,0,Settled
TRD-100142,03-03-2025,CLI-1094,Equities,43554.48,10.66,10.66,0,0,Settled
TRD-100143,25-03-2025,CLI-1128,Equities,255643.42,113.98,113.98,2,0,Settled
TRD-100144,05-08-2025,CLI-1129,Fixed Income,88760.53,20.18,20.18,0,0,Settled
TRD-100145,08-12-2025,CLI-1053,Equities,140675.64,19.36,19.36,0,1,SSI Mismatch
TRD-100146,06-07-2025,CLI-1141,FX Options,491285.97,108.62,108.62,0,0,Settled
TRD-100147,19-01-2025,CLI-1118,Equities,44902.24,17.34,17.34,1,0,Settled
TRD-100148,26-06-2025,CLI-1012,Equities,322486.16,117.07,117.07,1,0,Settled
TRD-100149,10-04-2025,CLI-1083,Equities,480114.47,84.12,84.12,1,0,Settled
TRD-100150,21-08-2025,CLI-1002,OTC Derivatives,283968.22,41.09,41.09,0,0,Settled
TRD-100151,17-03-2025,CLI-1072,Fixed Income,19655.81,7.16,7.16,5,0,Settled
TRD-100152,22-09-2025,CLI-1033,Fixed Income,2127471.24,788.34,788.34,0,0,Settled
TRD-100153,11-10-2025,CLI-1009,Equities,238733.88,58.84,58.84,0,0,Settled
TRD-100154,25-07-2025,CLI-1078,OTC Derivatives,763840.61,333.89,333.89,3,0,Settled
TRD-100155,11-08-2025,CLI-1112,Equities,207000.41,101.7,101.7,3,0,Settled
TRD-100156,21-02-2025,CLI-1069,OTC Derivatives,332194.47,60.55,60.55,3,0,Settled
TRD-100157,05-12-2025,CLI-1010,Fixed Income,255890.43,84.66,84.66,1,0,Settled
TRD-100158,24-05-2025,CLI-1124,Equities,219685.09,22.44,22.44,2,0,Settled
TRD-100159,10-03-2025,CLI-1107,Fixed Income,21046.83,8.11,8.11,0,0,Settled
TRD-100160,09-04-2025,CLI-1028,Fixed Income,233159.91,61.95,61.95,1,0,Settled
TRD-100161,25-01-2025,CLI-1110,Equities,1111324.59,197.05,197.05,1,1,SSI Mismatch
TRD-100162,22-02-2025,CLI-1103,OTC Derivatives,596226.31,239.02,239.02,5,1,SSI Mismatch
TRD-100163,31-05-2025,CLI-1078,Fixed Income,88574.25,37.58,37.58,2,0,Settled
TRD-100164,24-05-2025,CLI-1001,Equities,457209.59,66.05,66.05,1,0,Settled
TRD-100165,26-02-2025,CLI-1140,Equities,1123881.97,130.82,130.82,3,1,System Lag
TRD-100166,08-02-2025,CLI-1089,Fixed Income,612043.14,142.99,142.99,2,0,Settled
TRD-100167,19-04-2025,CLI-1116,Fixed Income,90486.18,31.71,31.71,1,0,Settled
TRD-100168,30-06-2025,CLI-1148,Fixed Income,1021842.6,426.48,426.48,1,0,Settled
TRD-100169,11-02-2025,CLI-1020,Fixed Income,189441.56,60.32,60.32,1,0,Settled
TRD-100170,05-07-2025,CLI-1041,Fixed Income,312637.89,103.89,103.89,1,0,Settled
TRD-100171,11-08-2025,CLI-1070,FX Options,383424.59,161.02,161.02,1,0,Settled
TRD-100172,02-05-2025,CLI-1122,Fixed Income,960251.53,299.15,299.15,0,0,Settled
TRD-100173,13-05-2025,CLI-1087,OTC Derivatives,1351246.02,465.45,465.45,1,0,Settled
TRD-100174,12-06-2025,CLI-1078,Equities,1337156.7,409.82,409.82,1,1,System Lag
TRD-100175,03-08-2025,CLI-1067,Equities,13992.99,6.33,6.33,1,0,Settled
TRD-100176,09-08-2025,CLI-1022,Equities,1284808.9,249.52,249.52,2,0,Settled
TRD-100177,23-08-2025,CLI-1088,Fixed Income,37960.92,7.8,7.8,2,0,Settled
TRD-100178,27-11-2025,CLI-1014,OTC Derivatives,164468.96,24.87,24.87,0,0,Settled
TRD-100179,26-05-2025,CLI-1044,Equities,371790.67,159.05,159.05,1,0,Settled
TRD-100180,27-08-2025,CLI-1140,Equities,336891.79,89.18,89.18,2,0,Settled
TRD-100181,17-03-2025,CLI-1001,OTC Derivatives,474067.54,113.38,113.38,1,0,Settled
TRD-100182,09-01-2025,CLI-1111,Equities,336431.04,165.71,165.71,3,1,SSI Mismatch
TRD-100183,15-03-2025,CLI-1101,Fixed Income,1371904.46,645.78,645.78,1,1,SSI Mismatch
TRD-100184,10-09-2025,CLI-1008,Fixed Income,147579.64,72.14,72.14,3,0,Settled
TRD-100185,18-08-2025,CLI-1140,OTC Derivatives,170119.64,26.7,26.7,1,1,Custodian Delay
TRD-100186,07-01-2025,CLI-1068,Equities,1277497.82,583.18,583.18,0,0,Settled
TRD-100187,23-06-2025,CLI-1016,Equities,49921.93,11.56,11.56,1,0,Settled
TRD-100188,21-05-2025,CLI-1021,Fixed Income,480241.54,50.46,50.46,0,1,Custodian Delay
TRD-100189,17-06-2025,CLI-1127,FX Options,582436.95,149.41,149.41,0,0,Settled
TRD-100190,19-06-2025,CLI-1113,Fixed Income,362146.25,109.98,109.98,1,1,Margin Breach
TRD-100191,10-10-2025,CLI-1021,Equities,602464.12,86.33,86.33,1,0,Settled
TRD-100192,02-05-2025,CLI-1142,Fixed Income,104826.97,33.03,33.03,0,0,Settled
TRD-100193,13-07-2025,CLI-1125,FX Options,967412,413.84,532.78,0,0,Settled
TRD-100194,05-01-2025,CLI-1100,OTC Derivatives,85426.38,21.45,29.02,1,0,Settled
TRD-100195,29-01-2025,CLI-1015,FX Options,266090.31,64.14,64.14,1,0,Settled
TRD-100196,14-06-2025,CLI-1032,Equities,49120.03,11.57,11.57,1,0,Settled
TRD-100197,05-12-2025,CLI-1034,Equities,403960.94,189.55,189.55,2,0,Settled
TRD-100198,16-05-2025,CLI-1118,Fixed Income,563946.32,67.39,67.39,0,0,Settled
TRD-100199,31-12-2025,CLI-1074,OTC Derivatives,1426990.72,396.75,396.75,1,0,Settled
TRD-100200,17-11-2025,CLI-1102,Equities,682261.9,140.44,140.44,2,1,Margin Breach
TRD-100201,08-12-2025,CLI-1080,Equities,399464.66,182.76,182.76,2,0,Settled
TRD-100202,25-05-2025,CLI-1146,OTC Derivatives,1358681.39,188.07,188.07,0,0,Settled
TRD-100203,23-11-2025,CLI-1129,Equities,335462.45,88.76,88.76,2,0,Settled
TRD-100204,05-08-2025,CLI-1024,Equities,421862.22,110.83,110.83,0,0,Settled
TRD-100205,28-10-2025,CLI-1086,Fixed Income,463292.16,210.96,210.96,0,0,Settled
TRD-100206,12-05-2025,CLI-1021,Fixed Income,273799.19,50.98,50.98,1,0,Settled
TRD-100207,19-10-2025,CLI-1004,OTC Derivatives,921571.48,329.88,329.88,1,0,Settled
TRD-100208,11-03-2025,CLI-1082,Equities,112391.53,17.28,17.28,2,0,Settled
TRD-100209,09-09-2025,CLI-1116,Fixed Income,414663.22,199.7,199.7,3,1,System Lag
TRD-100210,02-10-2025,CLI-1141,Fixed Income,650486.78,219.35,219.35,0,0,Settled
TRD-100211,30-12-2025,CLI-1091,Fixed Income,1181579.45,414.15,414.15,1,1,Margin Breach
TRD-100212,01-07-2025,CLI-1007,Fixed Income,1086730.93,297.23,297.23,0,0,Settled
TRD-100213,16-06-2025,CLI-1034,Equities,365391.17,86.57,86.57,0,0,Settled
TRD-100214,01-04-2025,CLI-1066,Equities,525235.92,97.21,116.3,2,0,Settled
TRD-100215,21-07-2025,CLI-1143,Equities,260633.84,89.03,89.03,0,0,Settled
TRD-100216,12-12-2025,CLI-1060,Equities,325722.99,156.94,156.94,1,1,Margin Breach
TRD-100217,19-01-2025,CLI-1069,Fixed Income,1193646.04,291.15,291.15,0,0,Settled
TRD-100218,08-02-2025,CLI-1036,OTC Derivatives,1344684,609.5,609.5,4,0,Settled
TRD-100219,06-05-2025,CLI-1088,OTC Derivatives,1138873.07,181.66,181.66,1,1,System Lag
TRD-100220,22-06-2025,CLI-1110,OTC Derivatives,84465.17,40.07,40.07,1,1,Custodian Delay
TRD-100221,21-05-2025,CLI-1064,Equities,958840.14,230.31,230.31,0,1,System Lag
TRD-100222,30-08-2025,CLI-1139,Fixed Income,1491765.48,375.76,375.76,1,0,Settled
TRD-100223,08-08-2025,CLI-1062,Equities,234120.83,66.76,66.76,1,0,Settled
TRD-100224,06-05-2025,CLI-1149,Equities,375576.46,145.46,145.46,1,0,Settled
TRD-100225,27-02-2025,CLI-1115,Equities,765011.85,296.72,296.72,0,0,Settled
TRD-100226,28-05-2025,CLI-1131,Fixed Income,422857.39,123.4,123.4,2,0,Settled
TRD-100227,13-11-2025,CLI-1092,FX Options,2526710.59,781.41,781.41,2,0,Settled
TRD-100228,27-12-2025,CLI-1095,Equities,314139.63,35.18,35.18,1,0,Settled
TRD-100229,01-01-2025,CLI-1021,Equities,635781.59,140.96,140.96,1,0,Settled
TRD-100230,14-12-2025,CLI-1106,OTC Derivatives,796531.63,189.9,189.9,1,0,Settled
TRD-100231,09-07-2025,CLI-1105,Equities,350708.54,113.45,113.45,1,1,System Lag
TRD-100232,10-07-2025,CLI-1058,OTC Derivatives,982398.7,317.63,317.63,0,0,Settled
TRD-100233,08-11-2025,CLI-1098,OTC Derivatives,404999.32,155.5,155.5,3,1,System Lag
TRD-100234,27-04-2025,CLI-1044,FX Options,275217.31,106.46,106.46,0,0,Settled
TRD-100235,14-05-2025,CLI-1058,Fixed Income,67045.75,13.01,13.01,1,0,Settled
TRD-100236,27-02-2025,CLI-1137,Fixed Income,259954.03,106.08,106.08,3,0,Settled
TRD-100237,13-02-2025,CLI-1147,Fixed Income,672010.05,72.47,72.47,2,0,Settled
TRD-100238,22-06-2025,CLI-1034,Fixed Income,1280969.74,495.05,495.05,1,0,Settled
TRD-100239,09-06-2025,CLI-1138,Fixed Income,154961.89,21.82,21.82,2,0,Settled
TRD-100240,22-06-2025,CLI-1074,Equities,229435.09,89.91,103.85,1,0,Settled
TRD-100241,13-11-2025,CLI-1077,Fixed Income,93594.91,29.09,29.09,2,0,Settled
TRD-100242,30-10-2025,CLI-1016,Fixed Income,596758.81,164.05,164.05,4,0,Settled
TRD-100243,29-05-2025,CLI-1080,OTC Derivatives,1621798.85,610.23,610.23,2,1,Custodian Delay
TRD-100244,21-03-2025,CLI-1050,OTC Derivatives,522149.9,59.81,72.15,1,1,Margin Breach
TRD-100245,01-08-2025,CLI-1039,Fixed Income,489960.06,92.79,92.79,0,0,Settled
TRD-100246,22-07-2025,CLI-1028,Equities,413146.66,143.19,143.19,0,0,Settled
TRD-100247,09-09-2025,CLI-1026,OTC Derivatives,56307.56,24.71,32.78,1,0,Settled
TRD-100248,17-08-2025,CLI-1122,Fixed Income,663748.66,167.56,167.56,2,1,Custodian Delay
TRD-100249,13-06-2025,CLI-1012,OTC Derivatives,470713.88,95.79,95.79,1,0,Settled
TRD-100250,15-08-2025,CLI-1015,FX Options,551581.28,169.61,169.61,0,1,Custodian Delay
TRD-100251,27-05-2025,CLI-1043,Equities,1155383.07,403.14,403.14,0,0,Settled
TRD-100252,20-01-2025,CLI-1006,OTC Derivatives,776147.67,208.04,254.55,1,0,Settled
TRD-100253,16-02-2025,CLI-1077,Equities,769148.32,346.64,346.64,0,0,Settled
TRD-100254,21-08-2025,CLI-1004,Equities,1319908.2,408.35,408.35,1,0,Settled
TRD-100255,01-11-2025,CLI-1006,Fixed Income,2309343.2,264.03,264.03,0,0,Settled
TRD-100256,14-01-2025,CLI-1017,Equities,445279.68,84.26,84.26,2,0,Settled
TRD-100257,23-05-2025,CLI-1140,OTC Derivatives,67639,18.96,18.96,0,1,SSI Mismatch
TRD-100258,01-01-2025,CLI-1076,Equities,317288.08,120.28,120.28,2,1,System Lag
TRD-100259,23-02-2025,CLI-1015,Equities,784644.69,147.44,186.54,0,0,Settled
TRD-100260,16-09-2025,CLI-1082,Fixed Income,24058.46,11.8,11.8,2,0,Settled
TRD-100261,24-05-2025,CLI-1023,OTC Derivatives,39284.82,8.93,8.93,0,0,Settled
TRD-100262,12-01-2025,CLI-1052,FX Options,44759.6,14.01,14.01,0,0,Settled
TRD-100263,26-11-2025,CLI-1016,OTC Derivatives,666588.42,71.72,71.72,2,1,Margin Breach
TRD-100264,12-08-2025,CLI-1116,Fixed Income,357741.58,162.4,162.4,1,0,Settled
TRD-100265,29-09-2025,CLI-1145,Equities,240143.85,99.79,99.79,1,0,Settled
TRD-100266,24-12-2025,CLI-1007,Equities,65810.62,11.73,11.73,1,1,SSI Mismatch
TRD-100267,05-06-2025,CLI-1033,Equities,668832.58,316.55,316.55,2,0,Settled
TRD-100268,08-01-2025,CLI-1088,Fixed Income,203581.66,46.08,46.08,1,0,Settled
TRD-100269,02-05-2025,CLI-1089,Fixed Income,164162.89,61.87,61.87,1,0,Settled
TRD-100270,14-12-2025,CLI-1017,Fixed Income,538235.23,230.14,230.14,2,1,Custodian Delay
TRD-100271,13-06-2025,CLI-1028,OTC Derivatives,419367.55,166.22,166.22,3,0,Settled
TRD-100272,31-03-2025,CLI-1098,Fixed Income,235030.42,109.77,109.77,2,1,Custodian Delay
TRD-100273,16-05-2025,CLI-1035,Equities,522895.84,233.06,233.06,4,0,Settled
TRD-100274,05-07-2025,CLI-1026,Equities,168192.73,83.73,83.73,1,0,Settled
TRD-100275,12-11-2025,CLI-1103,OTC Derivatives,801958.83,138.77,138.77,0,0,Settled
TRD-100276,27-06-2025,CLI-1063,OTC Derivatives,140240.34,31.12,31.12,1,0,Settled
TRD-100277,28-01-2025,CLI-1006,OTC Derivatives,96485.32,34.2,34.2,2,1,System Lag
TRD-100278,08-08-2025,CLI-1110,Equities,772638.95,303.82,303.82,1,0,Settled
TRD-100279,23-12-2025,CLI-1110,FX Options,625315.89,196.25,196.25,0,0,Settled
TRD-100280,10-02-2025,CLI-1007,Equities,110837.2,14.36,14.36,2,0,Settled
TRD-100281,16-08-2025,CLI-1145,Equities,71788.13,31.35,31.35,0,0,Settled
TRD-100282,11-07-2025,CLI-1114,FX Options,921312.75,446.24,446.24,0,0,Settled
TRD-100283,25-05-2025,CLI-1028,Equities,759392.3,199.12,199.12,0,0,Settled
TRD-100284,20-07-2025,CLI-1120,Fixed Income,208196.22,39.54,52.5,0,0,Settled
TRD-100285,31-07-2025,CLI-1036,Equities,546760.96,58.9,58.9,1,0,Settled
TRD-100286,08-08-2025,CLI-1015,Fixed Income,76286.03,14.87,14.87,0,0,Settled
TRD-100287,28-08-2025,CLI-1002,FX Options,363671.39,138.18,138.18,0,0,Settled
TRD-100288,15-02-2025,CLI-1022,Equities,19453.96,9.04,9.04,2,0,Settled
TRD-100289,04-02-2025,CLI-1055,Fixed Income,258462.91,35.51,35.51,0,0,Settled
TRD-100290,10-09-2025,CLI-1011,Equities,48895.82,15.71,15.71,2,0,Settled
TRD-100291,23-03-2025,CLI-1032,Fixed Income,332318.7,125.69,125.69,2,0,Settled
TRD-100292,13-09-2025,CLI-1040,Equities,283815.39,59.76,59.76,2,1,Margin Breach
TRD-100293,16-07-2025,CLI-1141,Equities,303839.86,99.65,99.65,1,0,Settled
TRD-100294,30-10-2025,CLI-1048,Equities,33195.46,12.82,17.87,4,0,Settled
TRD-100295,10-01-2025,CLI-1111,Equities,234407.92,101.99,101.99,1,0,Settled
TRD-100296,08-11-2025,CLI-1049,FX Options,716286.01,201.28,201.28,1,0,Settled
TRD-100297,13-10-2025,CLI-1025,Equities,240156.86,95.86,95.86,1,0,Settled
TRD-100298,30-08-2025,CLI-1043,Equities,637934.81,140.8,140.8,0,0,Settled
TRD-100299,08-09-2025,CLI-1114,Fixed Income,240604.19,44.56,44.56,1,0,Settled
TRD-100300,31-12-2025,CLI-1145,Equities,285164.04,49.88,49.88,0,0,Settled
TRD-100301,05-01-2025,CLI-1138,OTC Derivatives,424932.81,103.49,103.49,1,0,Settled
TRD-100302,29-04-2025,CLI-1071,FX Options,1514732.44,173.21,173.21,1,0,Settled
TRD-100303,16-10-2025,CLI-1062,Fixed Income,67627.12,14.42,14.42,0,0,Settled
TRD-100304,06-03-2025,CLI-1133,OTC Derivatives,26733.81,9.65,9.65,2,0,Settled
TRD-100305,26-05-2025,CLI-1123,Fixed Income,478192.11,171.75,171.75,2,0,Settled
TRD-100306,12-08-2025,CLI-1014,Equities,1498917.58,193.99,193.99,1,0,Settled
TRD-100307,27-08-2025,CLI-1066,Fixed Income,2298929.89,494.19,494.19,1,0,Settled
TRD-100308,26-06-2025,CLI-1140,Fixed Income,340983.44,111.78,111.78,0,0,Settled
TRD-100309,24-09-2025,CLI-1122,Fixed Income,325632.61,74.06,85.34,2,0,Settled
TRD-100310,07-12-2025,CLI-1016,OTC Derivatives,527767.72,141.02,141.02,0,0,Settled
TRD-100311,09-10-2025,CLI-1089,Fixed Income,415554.22,160.04,160.04,3,1,System Lag
TRD-100312,04-03-2025,CLI-1112,FX Options,512681.28,53.17,69.18,1,1,System Lag
TRD-100313,05-08-2025,CLI-1107,OTC Derivatives,1045734.41,220.19,304.28,2,0,Settled
TRD-100314,08-12-2025,CLI-1098,Fixed Income,695813.57,109.21,109.21,0,0,Settled
TRD-100315,11-11-2025,CLI-1069,Fixed Income,353460.69,53.39,53.39,0,0,Settled
TRD-100316,10-10-2025,CLI-1102,Equities,319822.41,154.67,154.67,1,1,Custodian Delay
TRD-100317,26-06-2025,CLI-1091,FX Options,520272.8,130.39,130.39,1,1,SSI Mismatch
TRD-100318,08-04-2025,CLI-1030,Fixed Income,314133.13,97.64,97.64,0,0,Settled
TRD-100319,15-04-2025,CLI-1147,Equities,316041.13,124.37,124.37,1,0,Settled
TRD-100320,09-04-2025,CLI-1018,Equities,18220.15,2.17,2.17,1,0,Settled
TRD-100321,07-11-2025,CLI-1012,Fixed Income,105619.08,20.74,20.74,0,0,Settled
TRD-100322,06-01-2025,CLI-1003,Equities,345217.18,149.43,149.43,3,0,Settled
TRD-100323,16-07-2025,CLI-1005,Equities,874824.8,389.12,389.12,0,0,Settled
TRD-100324,17-12-2025,CLI-1106,Fixed Income,173368.79,43.2,43.2,4,1,SSI Mismatch
TRD-100325,13-05-2025,CLI-1105,Equities,379745.77,94.92,94.92,2,0,Settled
TRD-100326,24-12-2025,CLI-1068,Fixed Income,221531.08,89.22,89.22,1,0,Settled
TRD-100327,16-09-2025,CLI-1094,Equities,65356.29,14.25,14.25,0,0,Settled
TRD-100328,23-01-2025,CLI-1127,Equities,1598608.89,234.74,234.74,4,1,Margin Breach
TRD-100329,22-02-2025,CLI-1060,Fixed Income,974387.45,197.81,197.81,1,0,Settled
TRD-100330,14-06-2025,CLI-1094,Fixed Income,50872.14,12.97,12.97,1,0,Settled
TRD-100331,21-07-2025,CLI-1120,Equities,646103.09,78.1,78.1,1,0,Settled
TRD-100332,24-03-2025,CLI-1105,Equities,223533.3,65.15,65.15,0,0,Settled
TRD-100333,25-05-2025,CLI-1029,Fixed Income,2644360.55,1047.17,1047.17,0,0,Settled
TRD-100334,26-03-2025,CLI-1011,Equities,190053.64,58.06,58.06,1,0,Settled
TRD-100335,19-03-2025,CLI-1037,Equities,146389.14,18.85,18.85,2,0,Settled
TRD-100336,01-01-2025,CLI-1147,Equities,429538.18,118.58,118.58,0,0,Settled
TRD-100337,20-02-2025,CLI-1016,OTC Derivatives,911287.36,349.54,349.54,1,0,Settled
TRD-100338,22-06-2025,CLI-1134,OTC Derivatives,116917.8,14.41,14.41,0,0,Settled
TRD-100339,24-07-2025,CLI-1007,OTC Derivatives,627908.53,77.82,77.82,1,0,Settled
TRD-100340,17-09-2025,CLI-1126,OTC Derivatives,41686.44,10.35,10.35,2,0,Settled
TRD-100341,15-10-2025,CLI-1147,Fixed Income,1266250.4,225.37,225.37,1,0,Settled
TRD-100342,03-02-2025,CLI-1031,Fixed Income,52275.34,24.77,24.77,1,0,Settled
TRD-100343,14-12-2025,CLI-1043,Fixed Income,1238051.02,411.7,530.94,0,0,Settled
TRD-100344,05-04-2025,CLI-1073,Equities,347464.32,74.68,74.68,1,0,Settled
TRD-100345,13-03-2025,CLI-1145,Fixed Income,307186.15,117.32,117.32,2,0,Settled
TRD-100346,08-02-2025,CLI-1139,OTC Derivatives,1821678.45,455.37,455.37,3,1,Custodian Delay
TRD-100347,03-06-2025,CLI-1072,Fixed Income,2332172.69,356.46,356.46,4,0,Settled
TRD-100348,07-09-2025,CLI-1066,Equities,535165.59,104.3,104.3,2,0,Settled
TRD-100349,11-06-2025,CLI-1146,Equities,77978.19,27.85,37.69,1,1,SSI Mismatch
TRD-100350,28-04-2025,CLI-1038,Fixed Income,362782.06,43.81,43.81,4,0,Settled
TRD-100351,16-09-2025,CLI-1119,Fixed Income,386621.77,80.83,80.83,1,0,Settled
TRD-100352,02-11-2025,CLI-1126,OTC Derivatives,371232.83,68.06,68.06,0,1,Custodian Delay
TRD-100353,25-09-2025,CLI-1101,Equities,431394.5,77.85,77.85,0,0,Settled
TRD-100354,23-02-2025,CLI-1090,OTC Derivatives,19451.12,7.26,7.26,2,0,Settled
TRD-100355,24-08-2025,CLI-1106,Fixed Income,631057.67,271.56,271.56,0,0,Settled
TRD-100356,10-08-2025,CLI-1137,OTC Derivatives,633082.42,244.59,244.59,1,0,Settled
TRD-100357,08-09-2025,CLI-1105,Fixed Income,71349.3,25.56,25.56,1,0,Settled
TRD-100358,09-11-2025,CLI-1145,Fixed Income,432263.53,201.69,201.69,2,0,Settled
TRD-100359,22-04-2025,CLI-1100,Fixed Income,430083.06,53.05,53.05,2,0,Settled
TRD-100360,12-09-2025,CLI-1107,OTC Derivatives,583560.66,97.45,97.45,2,1,SSI Mismatch
TRD-100361,30-10-2025,CLI-1113,FX Options,54632.97,14.52,14.52,0,0,Settled
TRD-100362,26-07-2025,CLI-1124,Equities,502423.06,125.09,125.09,2,0,Settled
TRD-100363,17-08-2025,CLI-1050,Equities,174774.49,46.7,46.7,0,0,Settled
TRD-100364,07-12-2025,CLI-1038,FX Options,363626.09,66.39,66.39,0,0,Settled
TRD-100365,07-03-2025,CLI-1064,Fixed Income,752115.81,120.19,120.19,3,0,Settled
TRD-100366,16-03-2025,CLI-1035,Fixed Income,621485.97,188.73,188.73,3,0,Settled
TRD-100367,13-04-2025,CLI-1132,Fixed Income,73293.79,34.54,34.54,2,1,Margin Breach
TRD-100368,11-07-2025,CLI-1130,Equities,457246.01,117.42,117.42,2,1,Margin Breach
TRD-100369,09-09-2025,CLI-1050,OTC Derivatives,1748767.11,205.2,205.2,1,0,Settled
TRD-100370,14-08-2025,CLI-1118,OTC Derivatives,95257.43,36.43,36.43,4,0,Settled
TRD-100371,21-10-2025,CLI-1016,Equities,968345.42,209.59,209.59,2,0,Settled
TRD-100372,02-11-2025,CLI-1010,Equities,616251.34,122.04,122.04,0,0,Settled
TRD-100373,08-04-2025,CLI-1045,OTC Derivatives,753617.47,173.11,173.11,1,0,Settled
TRD-100374,04-12-2025,CLI-1062,Equities,175613.84,68.41,68.41,2,0,Settled
TRD-100375,13-10-2025,CLI-1146,OTC Derivatives,179760.69,76.85,76.85,3,0,Settled
TRD-100376,01-12-2025,CLI-1040,Equities,1192333.75,399.7,399.7,2,0,Settled
TRD-100377,13-12-2025,CLI-1129,Fixed Income,233012.34,53.36,53.36,1,0,Settled
TRD-100378,04-11-2025,CLI-1026,FX Options,42544.21,9.54,9.54,1,0,Settled
TRD-100379,06-09-2025,CLI-1027,Fixed Income,468891.8,70.2,70.2,0,0,Settled
TRD-100380,15-06-2025,CLI-1093,Fixed Income,76661.52,36.29,36.29,0,0,Settled
TRD-100381,01-12-2025,CLI-1060,Fixed Income,806281.16,286.44,286.44,0,0,Settled
TRD-100382,30-01-2025,CLI-1125,Equities,523257.14,57.97,57.97,1,0,Settled
TRD-100383,04-09-2025,CLI-1034,Equities,1048627.99,382.69,382.69,3,0,Settled
TRD-100384,16-04-2025,CLI-1018,FX Options,778180.28,217,217,1,0,Settled
TRD-100385,20-02-2025,CLI-1058,OTC Derivatives,69455.76,33.97,33.97,1,0,Settled
TRD-100386,22-03-2025,CLI-1052,Fixed Income,249882.1,106.86,106.86,1,0,Settled
TRD-100387,13-05-2025,CLI-1066,Equities,754851.17,127.21,127.21,1,0,Settled
TRD-100388,12-10-2025,CLI-1145,Equities,280076.99,108.68,108.68,0,0,Settled
TRD-100389,18-05-2025,CLI-1084,Equities,1804344.87,530.89,530.89,2,0,Settled
TRD-100390,03-07-2025,CLI-1034,Fixed Income,675411.76,118.07,140.11,1,0,Settled
TRD-100391,26-11-2025,CLI-1103,OTC Derivatives,17810.65,6.76,6.76,2,1,System Lag
TRD-100392,30-09-2025,CLI-1118,Fixed Income,1070072.15,341.3,341.3,1,0,Settled
TRD-100393,06-12-2025,CLI-1102,OTC Derivatives,63127.56,7.08,7.08,1,0,Settled
TRD-100394,10-03-2025,CLI-1113,Equities,85716.03,30.74,30.74,2,0,Settled
TRD-100395,03-02-2025,CLI-1056,Equities,673055.91,238.26,238.26,1,0,Settled
TRD-100396,19-09-2025,CLI-1041,Equities,1011123.82,159.39,159.39,1,0,Settled
TRD-100397,22-02-2025,CLI-1104,Fixed Income,394312.26,94.48,94.48,2,0,Settled
TRD-100398,24-07-2025,CLI-1034,Equities,180576.4,60.38,60.38,2,0,Settled
TRD-100399,06-05-2025,CLI-1079,FX Options,226404.44,35.21,35.21,2,1,Margin Breach
TRD-100400,23-08-2025,CLI-1082,Equities,219951.41,97.02,97.02,0,0,Settled
TRD-100401,12-02-2025,CLI-1066,FX Options,207765.88,23.06,23.06,1,0,Settled
TRD-100402,28-08-2025,CLI-1093,Fixed Income,149136.35,21.05,21.05,2,0,Settled
TRD-100403,21-04-2025,CLI-1117,FX Options,479353.93,70.2,70.2,2,1,SSI Mismatch
TRD-100404,06-09-2025,CLI-1000,Fixed Income,1163323.26,362.08,362.08,1,0,Settled
TRD-100405,31-05-2025,CLI-1073,FX Options,193422.1,67.32,67.32,3,0,Settled
TRD-100406,02-07-2025,CLI-1094,Equities,113324.11,29.63,29.63,0,0,Settled
TRD-100407,02-12-2025,CLI-1125,OTC Derivatives,921865.58,198.63,198.63,1,0,Settled
TRD-100408,05-04-2025,CLI-1054,FX Options,686978.12,291.09,291.09,1,0,Settled
TRD-100409,08-01-2025,CLI-1103,Equities,1345644.85,171.32,171.32,0,0,Settled
TRD-100410,26-12-2025,CLI-1149,Equities,100473.09,21.31,21.31,0,0,Settled
TRD-100411,03-07-2025,CLI-1086,Fixed Income,87889.27,10.16,10.16,0,0,Settled
TRD-100412,08-10-2025,CLI-1021,FX Options,399820.5,42.2,42.2,1,0,Settled
TRD-100413,14-07-2025,CLI-1106,Fixed Income,486521,117.42,117.42,1,1,Custodian Delay
TRD-100414,18-12-2025,CLI-1025,Fixed Income,337130.03,59.99,59.99,0,0,Settled
TRD-100415,14-07-2025,CLI-1127,Equities,466855.33,96.8,96.8,0,0,Settled
TRD-100416,04-06-2025,CLI-1111,Equities,109457.09,46.89,46.89,5,1,Margin Breach
TRD-100417,03-04-2025,CLI-1077,OTC Derivatives,336591.98,55.6,55.6,2,0,Settled
TRD-100418,09-06-2025,CLI-1127,Equities,546607.61,225.25,225.25,0,0,Settled
TRD-100419,02-03-2025,CLI-1139,Fixed Income,293439.19,108.58,108.58,3,0,Settled
TRD-100420,02-05-2025,CLI-1078,FX Options,578854.35,133.47,133.47,2,0,Settled
TRD-100421,20-02-2025,CLI-1002,Equities,310002.66,98.77,98.77,2,0,Settled
TRD-100422,04-10-2025,CLI-1072,Fixed Income,212932.28,59.15,59.15,1,0,Settled
TRD-100423,05-01-2025,CLI-1009,Equities,190919.16,28.9,28.9,3,0,Settled
TRD-100424,02-04-2025,CLI-1068,Fixed Income,274581.41,127.1,127.1,2,0,Settled
TRD-100425,19-06-2025,CLI-1129,Equities,21680.18,7.11,7.11,1,1,SSI Mismatch
TRD-100426,13-11-2025,CLI-1069,OTC Derivatives,562101.65,254.12,254.12,1,1,System Lag
TRD-100427,22-01-2025,CLI-1133,Equities,942505.97,404.84,404.84,2,1,System Lag
TRD-100428,22-11-2025,CLI-1068,Fixed Income,228963.49,30.2,30.2,0,0,Settled
TRD-100429,01-01-2025,CLI-1091,Fixed Income,33563.17,6.14,6.14,1,1,SSI Mismatch
TRD-100430,13-05-2025,CLI-1082,Equities,2172845.74,343.54,343.54,0,0,Settled
TRD-100431,21-08-2025,CLI-1023,OTC Derivatives,163057.63,70.49,70.49,2,1,Margin Breach
TRD-100432,12-01-2025,CLI-1143,Equities,77692.91,34.57,34.57,0,0,Settled
TRD-100433,12-12-2025,CLI-1094,Fixed Income,240821.35,74.94,74.94,2,0,Settled
TRD-100434,15-02-2025,CLI-1115,Equities,680769.57,96.45,117.99,1,0,Settled
TRD-100435,03-02-2025,CLI-1109,Fixed Income,184010.96,28.38,28.38,1,0,Settled
TRD-100436,19-03-2025,CLI-1028,Equities,437484.01,186.11,186.11,2,0,Settled
TRD-100437,06-08-2025,CLI-1054,Fixed Income,278550.57,131.39,168.94,3,1,System Lag
TRD-100438,28-10-2025,CLI-1054,Equities,72647.84,13.06,13.06,0,0,Settled
TRD-100439,14-03-2025,CLI-1018,OTC Derivatives,210453.02,21.98,21.98,1,0,Settled
TRD-100440,09-10-2025,CLI-1133,Equities,655256.7,152.27,175.16,2,0,Settled
TRD-100441,06-09-2025,CLI-1034,OTC Derivatives,483379.99,54.24,54.24,2,0,Settled
TRD-100442,16-02-2025,CLI-1117,OTC Derivatives,73790.78,31.82,38.43,0,0,Settled
TRD-100443,01-05-2025,CLI-1055,Equities,99158.24,29.41,36.45,1,0,Settled
TRD-100444,02-08-2025,CLI-1035,Fixed Income,521845.22,186.17,186.17,0,0,Settled
TRD-100445,27-08-2025,CLI-1014,Equities,849435.3,224.76,224.76,0,0,Settled
TRD-100446,25-02-2025,CLI-1036,Equities,224987.39,53.59,53.59,1,0,Settled
TRD-100447,16-12-2025,CLI-1106,OTC Derivatives,462317.9,87.32,87.32,0,0,Settled
TRD-100448,17-04-2025,CLI-1124,Fixed Income,103552.64,42.27,51.27,1,0,Settled
TRD-100449,15-11-2025,CLI-1007,Fixed Income,196530.18,74.33,74.33,3,0,Settled
TRD-100450,17-02-2025,CLI-1012,Equities,20239.23,4.94,4.94,0,0,Settled
TRD-100451,02-03-2025,CLI-1068,Equities,741104.02,169.3,169.3,1,0,Settled
TRD-100452,03-12-2025,CLI-1082,Equities,266255.04,26.76,26.76,3,0,Settled
TRD-100453,26-01-2025,CLI-1066,OTC Derivatives,856751.11,107.45,107.45,3,0,Settled
TRD-100454,19-10-2025,CLI-1007,Fixed Income,626139.84,218.71,218.71,2,0,Settled
TRD-100455,14-09-2025,CLI-1025,OTC Derivatives,892298.66,272.9,272.9,1,0,Settled
TRD-100456,08-01-2025,CLI-1045,Equities,178197.19,48.81,48.81,2,0,Settled
TRD-100457,23-04-2025,CLI-1094,Equities,112350.29,48.42,48.42,0,0,Settled
TRD-100458,21-12-2025,CLI-1082,Equities,1796093.98,541.63,541.63,2,0,Settled
TRD-100459,10-09-2025,CLI-1147,Equities,641733.66,162.87,162.87,1,0,Settled
TRD-100460,29-06-2025,CLI-1044,Equities,908011.07,149.37,149.37,0,0,Settled
TRD-100461,26-07-2025,CLI-1010,OTC Derivatives,16610.19,7.11,7.11,2,0,Settled
TRD-100462,30-10-2025,CLI-1000,OTC Derivatives,228835.31,75.63,75.63,1,1,System Lag
TRD-100463,07-05-2025,CLI-1136,Fixed Income,688983.09,94.38,94.38,1,0,Settled
TRD-100464,25-02-2025,CLI-1000,Fixed Income,50595.72,18.19,18.19,0,0,Settled
TRD-100465,02-08-2025,CLI-1054,Equities,428901.46,115.82,115.82,0,0,Settled
TRD-100466,14-01-2025,CLI-1023,OTC Derivatives,290246.76,123.23,123.23,0,0,Settled
TRD-100467,28-01-2025,CLI-1119,Equities,18886.76,8.83,8.83,0,0,Settled
TRD-100468,19-03-2025,CLI-1029,FX Options,144577.76,49.18,49.18,2,0,Settled
TRD-100469,04-08-2025,CLI-1039,Fixed Income,177590.93,69.73,69.73,2,0,Settled
TRD-100470,31-12-2025,CLI-1058,Equities,69312.92,8.5,8.5,1,0,Settled
TRD-100471,03-06-2025,CLI-1052,FX Options,509207.37,165.04,165.04,0,0,Settled
TRD-100472,14-01-2025,CLI-1084,Equities,148798.47,59.84,59.84,1,0,Settled
TRD-100473,06-07-2025,CLI-1022,Fixed Income,172601.64,51.56,51.56,1,0,Settled
TRD-100474,08-11-2025,CLI-1002,Fixed Income,1152562.2,388.9,388.9,2,0,Settled
TRD-100475,07-01-2025,CLI-1141,Equities,324732.41,149.24,149.24,2,1,System Lag
TRD-100476,03-01-2025,CLI-1030,Fixed Income,258895.59,46.4,46.4,1,0,Settled
TRD-100477,21-04-2025,CLI-1005,Fixed Income,653443.63,91.02,91.02,1,1,SSI Mismatch
TRD-100478,26-08-2025,CLI-1128,OTC Derivatives,1211831.82,455.96,455.96,0,0,Settled
TRD-100479,29-12-2025,CLI-1117,Equities,22677.54,9.73,9.73,0,0,Settled
TRD-100480,27-08-2025,CLI-1017,FX Options,307320.01,135.28,135.28,2,0,Settled
TRD-100481,01-10-2025,CLI-1087,Equities,481807.01,171.84,171.84,0,0,Settled
TRD-100482,21-10-2025,CLI-1121,Equities,201775.81,87.43,87.43,0,0,Settled
TRD-100483,15-08-2025,CLI-1069,Equities,750099.75,285.24,285.24,0,0,Settled
TRD-100484,15-01-2025,CLI-1033,Equities,1788523.48,241.36,241.36,1,0,Settled
TRD-100485,11-07-2025,CLI-1144,Equities,1446114.96,585.41,585.41,0,0,Settled
TRD-100486,29-04-2025,CLI-1030,FX Options,164611.23,28.27,28.27,2,0,Settled
TRD-100487,28-01-2025,CLI-1093,Equities,138310.28,26.92,26.92,1,0,Settled
TRD-100488,21-07-2025,CLI-1123,Equities,1589014.21,409.74,409.74,1,0,Settled
TRD-100489,08-02-2025,CLI-1001,Equities,316824.76,71.55,71.55,4,1,Custodian Delay
TRD-100490,30-09-2025,CLI-1143,OTC Derivatives,126784.94,28.99,34.46,0,0,Settled
TRD-100491,19-08-2025,CLI-1068,OTC Derivatives,623786.15,104.61,104.61,1,1,Margin Breach
TRD-100492,27-03-2025,CLI-1081,Equities,177331.16,38.58,38.58,0,0,Settled
TRD-100493,06-05-2025,CLI-1076,Equities,165473.29,17.85,17.85,2,0,Settled
TRD-100494,27-10-2025,CLI-1131,Equities,1067012.53,308.54,308.54,2,0,Settled
TRD-100495,25-01-2025,CLI-1007,Equities,98654.56,40.2,40.2,3,0,Settled
TRD-100496,25-05-2025,CLI-1032,Equities,43279.85,19.26,19.26,1,0,Settled
TRD-100497,13-01-2025,CLI-1074,Fixed Income,166798.45,71.42,71.42,0,0,Settled
TRD-100498,31-07-2025,CLI-1134,Equities,476903.39,127.13,127.13,0,0,Settled
TRD-100499,25-01-2025,CLI-1024,Fixed Income,75674.23,29.68,29.68,3,0,Settled
TRD-100500,09-03-2025,CLI-1146,Equities,328945.81,70.77,70.77,0,0,Settled
TRD-100501,08-03-2025,CLI-1059,FX Options,503540.52,61.55,61.55,2,0,Settled
TRD-100502,21-08-2025,CLI-1105,FX Options,954367.59,353.49,353.49,3,0,Settled
TRD-100503,19-04-2025,CLI-1102,Fixed Income,140597.71,50.55,50.55,1,1,Custodian Delay
TRD-100504,26-05-2025,CLI-1058,Equities,860081.7,361.79,361.79,1,0,Settled
TRD-100505,21-04-2025,CLI-1010,Equities,143878.46,49.85,49.85,0,0,Settled
TRD-100506,16-08-2025,CLI-1045,Fixed Income,574690.22,93.53,93.53,0,0,Settled
TRD-100507,21-04-2025,CLI-1091,OTC Derivatives,291650.66,128.7,128.7,0,1,Custodian Delay
TRD-100508,03-02-2025,CLI-1070,Fixed Income,70903.76,24.88,24.88,3,0,Settled
TRD-100509,21-04-2025,CLI-1077,OTC Derivatives,636342.55,269.2,330.51,0,1,SSI Mismatch
TRD-100510,21-09-2025,CLI-1084,FX Options,132798.51,54.4,54.4,1,0,Settled
TRD-100511,24-08-2025,CLI-1005,Equities,107170.81,23.49,23.49,1,0,Settled
TRD-100512,24-03-2025,CLI-1134,Fixed Income,231835.05,30.1,30.1,2,0,Settled
TRD-100513,11-02-2025,CLI-1059,Equities,539633.64,92.06,92.06,1,0,Settled
TRD-100514,11-04-2025,CLI-1113,Equities,143284.26,19.65,19.65,1,1,Custodian Delay
TRD-100515,06-01-2025,CLI-1022,Fixed Income,111463.11,22,22,0,0,Settled
TRD-100516,29-06-2025,CLI-1128,Equities,15001.75,4.26,5.6,2,0,Settled
TRD-100517,09-10-2025,CLI-1089,OTC Derivatives,328991.64,152.23,152.23,2,0,Settled
TRD-100518,16-11-2025,CLI-1035,Equities,289872.77,130.1,130.1,3,0,Settled
TRD-100519,14-08-2025,CLI-1034,Fixed Income,143200.23,55.48,55.48,0,0,Settled
TRD-100520,11-11-2025,CLI-1049,Fixed Income,37572.54,4.12,4.12,3,0,Settled
TRD-100521,31-12-2025,CLI-1110,Fixed Income,290407.14,68.7,68.7,1,0,Settled
TRD-100522,17-08-2025,CLI-1052,Equities,786068.49,293.16,293.16,1,0,Settled
TRD-100523,16-10-2025,CLI-1148,OTC Derivatives,638128.26,96.75,96.75,0,0,Settled
TRD-100524,30-05-2025,CLI-1062,Fixed Income,995903.41,418.71,418.71,4,0,Settled
TRD-100525,04-10-2025,CLI-1037,Fixed Income,14814.45,6.9,8.28,3,0,Settled
TRD-100526,17-07-2025,CLI-1041,Equities,1706902.14,412.46,412.46,0,0,Settled
TRD-100527,11-03-2025,CLI-1121,Fixed Income,218828.76,83.67,83.67,4,1,System Lag
TRD-100528,22-04-2025,CLI-1093,OTC Derivatives,2332881.32,371.59,371.59,3,1,SSI Mismatch
TRD-100529,04-01-2025,CLI-1025,Fixed Income,155590.4,58.55,58.55,0,0,Settled
TRD-100530,16-12-2025,CLI-1005,OTC Derivatives,328890.66,35.71,35.71,3,0,Settled
TRD-100531,27-11-2025,CLI-1134,Fixed Income,228421.91,36.62,36.62,2,0,Settled
TRD-100532,14-11-2025,CLI-1126,Equities,229842.53,88.25,88.25,0,0,Settled
TRD-100533,16-12-2025,CLI-1092,Equities,933473.64,359.14,359.14,1,0,Settled
TRD-100534,05-04-2025,CLI-1147,Equities,696035.87,248.11,248.11,2,0,Settled
TRD-100535,01-06-2025,CLI-1133,Fixed Income,2433712.3,708.08,708.08,0,0,Settled
TRD-100536,07-11-2025,CLI-1026,OTC Derivatives,485330.7,179.55,179.55,1,1,Margin Breach
TRD-100537,17-05-2025,CLI-1079,Equities,321117.57,131.5,131.5,1,0,Settled
TRD-100538,04-09-2025,CLI-1084,Fixed Income,57195.93,27.83,27.83,2,0,Settled
TRD-100539,31-08-2025,CLI-1103,Fixed Income,2846348.27,1296.39,1296.39,0,0,Settled
TRD-100540,31-01-2025,CLI-1128,Fixed Income,410957.47,171.7,171.7,1,0,Settled
TRD-100541,09-02-2025,CLI-1115,Equities,612782.82,231.57,231.57,2,0,Settled
TRD-100542,17-08-2025,CLI-1117,Equities,271063.28,89.36,89.36,1,0,Settled
TRD-100543,05-02-2025,CLI-1080,Equities,406722.17,60.29,60.29,1,0,Settled
TRD-100544,11-08-2025,CLI-1059,Equities,1438661.55,239.14,239.14,0,0,Settled
TRD-100545,06-01-2025,CLI-1014,Equities,101012.46,43.24,43.24,2,0,Settled
TRD-100546,18-11-2025,CLI-1149,Equities,182918.79,77.07,77.07,1,0,Settled
TRD-100547,08-08-2025,CLI-1025,Fixed Income,92472.54,31.98,31.98,1,1,System Lag
TRD-100548,16-03-2025,CLI-1136,Equities,795627.87,219.22,219.22,0,0,Settled
TRD-100549,04-01-2025,CLI-1032,FX Options,42026.79,4.64,4.64,1,0,Settled
TRD-100550,01-12-2025,CLI-1059,Equities,52578.36,12.14,12.14,0,0,Settled
TRD-100551,14-05-2025,CLI-1010,Equities,187262.99,50.23,50.23,4,0,Settled
TRD-100552,28-04-2025,CLI-1146,Equities,370966.97,109.19,109.19,0,0,Settled
TRD-100553,04-04-2025,CLI-1148,Equities,270669.35,127.68,127.68,0,0,Settled
TRD-100554,03-03-2025,CLI-1001,OTC Derivatives,32925.81,4.72,4.72,1,1,SSI Mismatch
TRD-100555,13-07-2025,CLI-1010,Equities,1589026.29,488.7,488.7,1,1,Margin Breach
TRD-100556,01-12-2025,CLI-1131,FX Options,1537417.68,380,380,1,0,Settled
TRD-100557,22-07-2025,CLI-1135,OTC Derivatives,173805.24,86.21,100.74,1,0,Settled
TRD-100558,26-01-2025,CLI-1046,Fixed Income,667499.89,296.87,296.87,1,0,Settled
TRD-100559,22-06-2025,CLI-1008,Fixed Income,442057.21,121.79,121.79,3,1,System Lag
TRD-100560,27-10-2025,CLI-1128,Fixed Income,145561.1,72.76,72.76,1,0,Settled
TRD-100561,13-05-2025,CLI-1132,Equities,162021.97,49.52,49.52,0,0,Settled
TRD-100562,22-11-2025,CLI-1111,Fixed Income,347804.12,58.03,70.68,1,0,Settled
TRD-100563,28-04-2025,CLI-1097,Equities,281706.21,90.81,90.81,0,0,Settled
TRD-100564,20-11-2025,CLI-1072,Equities,182111.63,34.69,34.69,0,0,Settled
TRD-100565,02-10-2025,CLI-1061,Fixed Income,833859.68,295.62,295.62,0,0,Settled
TRD-100566,31-07-2025,CLI-1111,Fixed Income,338371.87,160.72,160.72,1,0,Settled
TRD-100567,13-08-2025,CLI-1016,OTC Derivatives,541885.28,224.6,224.6,0,0,Settled
TRD-100568,20-01-2025,CLI-1098,Equities,114912.26,24.05,24.05,2,0,Settled
TRD-100569,23-04-2025,CLI-1101,OTC Derivatives,391256.84,85.58,85.58,1,0,Settled
TRD-100570,20-05-2025,CLI-1101,Equities,201345.25,25.71,25.71,1,0,Settled
TRD-100571,16-02-2025,CLI-1114,Equities,383710.47,82.25,103.3,2,0,Settled
TRD-100572,01-01-2025,CLI-1110,Equities,768944.29,105.38,105.38,0,0,Settled
TRD-100573,31-03-2025,CLI-1113,Fixed Income,742480.96,222.58,222.58,0,0,Settled
TRD-100574,22-05-2025,CLI-1115,Equities,228648.72,87.65,87.65,0,0,Settled
TRD-100575,16-11-2025,CLI-1125,Fixed Income,602538.1,241.3,241.3,0,0,Settled
TRD-100576,07-02-2025,CLI-1119,OTC Derivatives,1427572.18,176.75,176.75,0,0,Settled
TRD-100577,20-10-2025,CLI-1101,Fixed Income,501307.86,118.3,118.3,0,0,Settled
TRD-100578,19-05-2025,CLI-1011,Fixed Income,90325.12,19.44,19.44,1,0,Settled
TRD-100579,22-12-2025,CLI-1013,OTC Derivatives,579262.08,82.09,82.09,2,1,System Lag
TRD-100580,29-11-2025,CLI-1009,OTC Derivatives,65412.37,16.03,16.03,3,1,SSI Mismatch
TRD-100581,16-09-2025,CLI-1075,Fixed Income,1038293.98,228.14,228.14,2,0,Settled
TRD-100582,10-06-2025,CLI-1091,Equities,373517.98,132.15,132.15,2,0,Settled
TRD-100583,27-06-2025,CLI-1147,OTC Derivatives,253180.94,114.77,114.77,1,0,Settled
TRD-100584,10-01-2025,CLI-1026,Fixed Income,39347.99,11.09,11.09,0,0,Settled
TRD-100585,18-09-2025,CLI-1090,Equities,249650.34,99.53,99.53,0,0,Settled
TRD-100586,18-05-2025,CLI-1105,Equities,1177588.59,186.53,186.53,3,0,Settled
TRD-100587,21-06-2025,CLI-1015,OTC Derivatives,20603.13,9.44,9.44,0,0,Settled
TRD-100588,13-01-2025,CLI-1023,Equities,331843.53,53.44,53.44,0,0,Settled
TRD-100589,17-06-2025,CLI-1063,FX Options,1347971.29,238.38,238.38,3,0,Settled
TRD-100590,10-05-2025,CLI-1036,Equities,261132.02,37.23,50.37,1,0,Settled
TRD-100591,25-03-2025,CLI-1075,OTC Derivatives,289461.74,64.8,64.8,0,0,Settled
TRD-100592,17-11-2025,CLI-1097,Equities,442039,141.88,176.7,2,0,Settled
TRD-100593,15-11-2025,CLI-1097,Fixed Income,320820.25,158.87,158.87,2,0,Settled
TRD-100594,11-04-2025,CLI-1010,OTC Derivatives,102323.14,42.7,42.7,1,0,Settled
TRD-100595,25-11-2025,CLI-1124,Fixed Income,19364.93,4.88,4.88,2,0,Settled
TRD-100596,30-09-2025,CLI-1027,Fixed Income,480562.86,158.75,158.75,1,1,SSI Mismatch
TRD-100597,22-09-2025,CLI-1094,Equities,1277931.08,446.41,541.33,1,0,Settled
TRD-100598,07-02-2025,CLI-1149,Equities,66228.45,28.42,28.42,0,0,Settled
TRD-100599,04-04-2025,CLI-1135,Equities,128464.52,50.69,50.69,0,0,Settled
TRD-100600,05-04-2025,CLI-1002,Fixed Income,241199.89,79.05,79.05,1,0,Settled
TRD-100601,01-11-2025,CLI-1146,Equities,837066.59,307.77,307.77,4,1,Margin Breach
TRD-100602,10-03-2025,CLI-1085,Equities,166849,66.47,66.47,1,0,Settled
TRD-100603,14-11-2025,CLI-1021,Fixed Income,1078765.91,165.33,165.33,4,1,Custodian Delay
TRD-100604,24-08-2025,CLI-1012,Fixed Income,38262.89,6.89,6.89,1,0,Settled
TRD-100605,30-11-2025,CLI-1112,OTC Derivatives,1424741.44,534.9,534.9,1,0,Settled
TRD-100606,17-05-2025,CLI-1142,Equities,421339.95,185.46,185.46,3,1,Custodian Delay
TRD-100607,17-03-2025,CLI-1115,Equities,547610.52,144.41,144.41,0,0,Settled
TRD-100608,04-02-2025,CLI-1010,FX Options,239187.37,117.67,117.67,1,0,Settled
TRD-100609,01-01-2025,CLI-1033,Equities,771617,143.85,143.85,2,0,Settled
TRD-100610,23-10-2025,CLI-1093,OTC Derivatives,101100.53,26.96,26.96,2,0,Settled
TRD-100611,16-11-2025,CLI-1066,OTC Derivatives,35074.25,8.82,8.82,1,0,Settled
TRD-100612,01-03-2025,CLI-1047,OTC Derivatives,261690.82,123.55,168.94,0,0,Settled
TRD-100613,16-11-2025,CLI-1000,Equities,971033.34,207.95,207.95,1,0,Settled
TRD-100614,15-12-2025,CLI-1092,OTC Derivatives,713099.24,205.6,205.6,4,1,SSI Mismatch
TRD-100615,24-11-2025,CLI-1149,OTC Derivatives,374030.8,65.42,65.42,1,0,Settled
TRD-100616,24-09-2025,CLI-1121,Fixed Income,434476.99,134.04,134.04,0,0,Settled
TRD-100617,27-12-2025,CLI-1093,Equities,79569.44,35.25,35.25,0,0,Settled
TRD-100618,17-08-2025,CLI-1052,Equities,928424.99,205.75,205.75,2,0,Settled
TRD-100619,27-09-2025,CLI-1031,Equities,783136.92,332.3,332.3,1,0,Settled
TRD-100620,12-11-2025,CLI-1117,Fixed Income,544240.99,252.81,252.81,1,0,Settled
TRD-100621,13-10-2025,CLI-1138,Fixed Income,323858.62,41.84,41.84,0,0,Settled
TRD-100622,18-10-2025,CLI-1135,Equities,1678537.93,675.73,675.73,1,0,Settled
TRD-100623,01-08-2025,CLI-1141,Fixed Income,1066114.5,215.5,215.5,2,0,Settled
TRD-100624,14-06-2025,CLI-1037,Equities,527017.27,89.66,89.66,2,0,Settled
TRD-100625,05-01-2025,CLI-1109,Fixed Income,242449.14,82.54,82.54,0,0,Settled
TRD-100626,05-12-2025,CLI-1112,FX Options,491196.5,187.76,187.76,1,0,Settled
TRD-100627,19-03-2025,CLI-1019,Equities,438352.06,113.05,113.05,3,1,System Lag
TRD-100628,03-03-2025,CLI-1044,Equities,260637.35,30.15,30.15,1,0,Settled
TRD-100629,12-05-2025,CLI-1124,Equities,193127.47,89.51,106.86,2,1,Margin Breach
TRD-100630,30-03-2025,CLI-1105,Fixed Income,271289.54,106.43,106.43,2,0,Settled
TRD-100631,25-08-2025,CLI-1063,OTC Derivatives,436553.99,91.09,91.09,1,0,Settled
TRD-100632,11-02-2025,CLI-1142,FX Options,289426.03,86.46,86.46,2,0,Settled
TRD-100633,30-03-2025,CLI-1074,Equities,162973.59,18.11,18.11,1,0,Settled
TRD-100634,23-10-2025,CLI-1119,FX Options,725569.13,171.03,171.03,1,0,Settled
TRD-100635,24-11-2025,CLI-1030,Equities,389074.9,120.23,120.23,0,0,Settled
TRD-100636,22-10-2025,CLI-1092,Fixed Income,45036.99,13.82,13.82,2,1,SSI Mismatch
TRD-100637,14-04-2025,CLI-1024,Equities,239683.41,43.93,54.8,3,0,Settled
TRD-100638,14-01-2025,CLI-1001,OTC Derivatives,1091035.44,448.09,448.09,1,0,Settled
TRD-100639,15-10-2025,CLI-1040,Fixed Income,713731.48,156.7,156.7,1,0,Settled
TRD-100640,28-06-2025,CLI-1071,Fixed Income,205224.3,68.17,68.17,2,0,Settled
TRD-100641,05-05-2025,CLI-1129,OTC Derivatives,1401789.67,292.43,292.43,0,0,Settled
TRD-100642,19-12-2025,CLI-1101,Equities,49847.96,13.46,13.46,1,1,System Lag
TRD-100643,23-01-2025,CLI-1032,Equities,1635114.93,299.24,299.24,1,0,Settled
TRD-100644,04-03-2025,CLI-1117,OTC Derivatives,150985.93,53.33,53.33,2,1,System Lag
TRD-100645,23-05-2025,CLI-1024,Equities,14567.89,3.94,3.94,3,0,Settled
TRD-100646,02-06-2025,CLI-1128,Equities,294411.05,31.34,31.34,4,0,Settled
TRD-100647,25-05-2025,CLI-1089,Fixed Income,232339.85,25.85,25.85,2,0,Settled
TRD-100648,13-08-2025,CLI-1109,Fixed Income,397275.16,114.6,114.6,0,0,Settled
TRD-100649,05-11-2025,CLI-1148,Equities,806715.51,139.8,189.36,0,0,Settled
TRD-100650,14-04-2025,CLI-1099,Equities,933945.28,311.95,311.95,2,1,Margin Breach
TRD-100651,14-04-2025,CLI-1051,Equities,266438.86,70.15,70.15,3,0,Settled
TRD-100652,08-02-2025,CLI-1059,Fixed Income,290924.16,105.25,105.25,2,0,Settled
TRD-100653,17-07-2025,CLI-1047,OTC Derivatives,90188.69,43.38,43.38,1,0,Settled
TRD-100654,14-05-2025,CLI-1066,FX Options,34357.58,10.7,10.7,2,0,Settled
TRD-100655,08-03-2025,CLI-1119,Fixed Income,522515.96,216.82,216.82,1,0,Settled
TRD-100656,28-06-2025,CLI-1004,Equities,43303.73,17.37,17.37,1,0,Settled
TRD-100657,11-02-2025,CLI-1092,FX Options,671810.26,314.89,314.89,1,0,Settled
TRD-100658,15-01-2025,CLI-1026,Fixed Income,397276.4,73.74,73.74,3,1,System Lag
TRD-100659,21-04-2025,CLI-1027,Equities,120686.92,52.01,52.01,0,0,Settled
TRD-100660,06-06-2025,CLI-1141,FX Options,397746.12,183.84,183.84,1,0,Settled
TRD-100661,16-10-2025,CLI-1107,OTC Derivatives,111056.69,28.55,33.99,2,0,Settled
TRD-100662,19-08-2025,CLI-1005,OTC Derivatives,298783.02,67.38,85.93,1,0,Settled
TRD-100663,06-06-2025,CLI-1013,OTC Derivatives,813620.95,391.2,391.2,4,0,Settled
TRD-100664,07-02-2025,CLI-1018,Equities,319873.36,112.29,112.29,3,0,Settled
TRD-100665,07-04-2025,CLI-1128,Equities,90494.94,22.83,22.83,2,0,Settled
TRD-100666,16-10-2025,CLI-1061,Fixed Income,653366.94,272.28,272.28,1,0,Settled
TRD-100667,11-09-2025,CLI-1028,Equities,113369.68,25.14,25.14,2,0,Settled
TRD-100668,15-07-2025,CLI-1006,Fixed Income,680755.87,116.11,116.11,0,0,Settled
TRD-100669,27-03-2025,CLI-1083,OTC Derivatives,336340.82,106.82,106.82,3,0,Settled
TRD-100670,18-11-2025,CLI-1073,OTC Derivatives,312331.72,101.97,101.97,2,0,Settled
TRD-100671,10-01-2025,CLI-1101,Fixed Income,963366.48,414.54,414.54,1,0,Settled
TRD-100672,05-01-2025,CLI-1069,OTC Derivatives,626535.24,177.19,177.19,2,0,Settled
TRD-100673,03-05-2025,CLI-1140,OTC Derivatives,26732.27,11.38,13.24,1,0,Settled
TRD-100674,26-11-2025,CLI-1076,Fixed Income,185612.28,41.68,54.83,1,1,System Lag
TRD-100675,19-12-2025,CLI-1094,Equities,1033664.02,341.26,341.26,1,0,Settled
TRD-100676,28-04-2025,CLI-1144,Equities,19248.09,3.53,3.53,1,0,Settled
TRD-100677,21-10-2025,CLI-1111,Equities,404007.52,102.69,102.69,2,0,Settled
TRD-100678,08-06-2025,CLI-1021,Equities,660656.25,292.68,292.68,2,0,Settled
TRD-100679,30-10-2025,CLI-1081,Equities,496240.21,92.5,92.5,1,0,Settled
TRD-100680,16-08-2025,CLI-1132,Equities,724668.16,307.33,307.33,0,0,Settled
TRD-100681,31-12-2025,CLI-1008,Fixed Income,656751.58,139.99,139.99,0,0,Settled
TRD-100682,04-08-2025,CLI-1069,FX Options,598877.58,68.15,68.15,0,0,Settled
TRD-100683,03-07-2025,CLI-1120,Equities,871695.01,125.5,125.5,1,0,Settled
TRD-100684,15-01-2025,CLI-1068,OTC Derivatives,528792.46,210.65,210.65,1,0,Settled
TRD-100685,06-06-2025,CLI-1106,Fixed Income,267432.3,54.78,54.78,1,1,SSI Mismatch
TRD-100686,16-05-2025,CLI-1130,Equities,329243.43,119.07,119.07,3,0,Settled
TRD-100687,18-09-2025,CLI-1017,FX Options,640668.18,243.25,243.25,1,1,System Lag
TRD-100688,06-06-2025,CLI-1110,Fixed Income,1054972.37,251.13,251.13,0,0,Settled
TRD-100689,16-02-2025,CLI-1018,Equities,168877.41,48.97,48.97,0,0,Settled
TRD-100690,20-11-2025,CLI-1013,OTC Derivatives,219333.53,57.36,57.36,0,1,SSI Mismatch
TRD-100691,28-11-2025,CLI-1082,Equities,1344939.51,644.14,769.72,0,0,Settled
TRD-100692,22-06-2025,CLI-1145,Fixed Income,441981.74,100.76,100.76,1,0,Settled
TRD-100693,10-05-2025,CLI-1067,Equities,108592.83,18.82,18.82,3,0,Settled
TRD-100694,05-04-2025,CLI-1039,OTC Derivatives,554868.6,136.63,136.63,4,0,Settled
TRD-100695,25-04-2025,CLI-1115,Fixed Income,2352223.35,865.16,865.16,0,1,System Lag
TRD-100696,31-08-2025,CLI-1099,Fixed Income,877085.67,332.37,332.37,0,0,Settled
TRD-100697,19-10-2025,CLI-1043,Equities,694701.19,326.25,326.25,0,1,System Lag
TRD-100698,09-10-2025,CLI-1040,Fixed Income,126626.4,57.32,57.32,1,0,Settled
TRD-100699,26-10-2025,CLI-1130,OTC Derivatives,1054300.82,227.02,227.02,0,0,Settled
TRD-100700,10-10-2025,CLI-1013,Fixed Income,383051.29,108.05,108.05,1,0,Settled
TRD-100701,10-03-2025,CLI-1019,Fixed Income,1110420.65,442.96,534.23,2,0,Settled
TRD-100702,28-05-2025,CLI-1078,Fixed Income,210110.31,98.04,98.04,0,0,Settled
TRD-100703,11-01-2025,CLI-1027,OTC Derivatives,42029.88,9.87,9.87,3,1,Margin Breach
TRD-100704,11-09-2025,CLI-1075,Fixed Income,333108.87,92.53,92.53,1,0,Settled
TRD-100705,26-11-2025,CLI-1035,OTC Derivatives,167244.16,76.9,76.9,1,1,SSI Mismatch
TRD-100706,26-12-2025,CLI-1124,OTC Derivatives,638035.47,155.29,155.29,0,0,Settled
TRD-100707,07-02-2025,CLI-1066,Fixed Income,1584518.11,463,463,2,0,Settled
TRD-100708,14-05-2025,CLI-1068,Equities,597165.18,275.77,275.77,2,0,Settled
TRD-100709,19-07-2025,CLI-1038,Fixed Income,1099891.47,462.94,462.94,2,1,System Lag
TRD-100710,23-01-2025,CLI-1141,OTC Derivatives,311675.19,61.52,61.52,3,0,Settled
TRD-100711,30-10-2025,CLI-1123,Equities,748417.59,172.07,172.07,1,0,Settled
TRD-100712,12-12-2025,CLI-1125,Fixed Income,935893.09,225.72,225.72,1,0,Settled
TRD-100713,29-10-2025,CLI-1144,OTC Derivatives,630449.16,293.22,293.22,1,1,System Lag
TRD-100714,29-12-2025,CLI-1007,Equities,364412,182.05,182.05,1,0,Settled
TRD-100715,06-08-2025,CLI-1101,Fixed Income,501570.77,205.44,205.44,2,0,Settled
TRD-100716,21-05-2025,CLI-1012,Equities,612832.11,180.01,180.01,1,0,Settled
TRD-100717,14-04-2025,CLI-1055,Equities,155901.54,16.22,16.22,1,0,Settled
TRD-100718,29-07-2025,CLI-1040,OTC Derivatives,839259.62,318.08,318.08,1,0,Settled
TRD-100719,21-04-2025,CLI-1076,Equities,1511122.1,386.46,386.46,2,0,Settled
TRD-100720,14-04-2025,CLI-1016,Equities,322967.98,114.07,114.07,0,0,Settled
TRD-100721,12-11-2025,CLI-1074,OTC Derivatives,613768.21,210.32,210.32,0,0,Settled
TRD-100722,20-06-2025,CLI-1060,Equities,677849.88,198.16,198.16,0,0,Settled
TRD-100723,22-12-2025,CLI-1033,FX Options,552721.02,264.07,264.07,2,0,Settled
TRD-100724,20-11-2025,CLI-1105,FX Options,406058.64,44.37,51.94,3,1,Custodian Delay
TRD-100725,13-05-2025,CLI-1028,Equities,1077045.83,414.5,414.5,0,0,Settled
TRD-100726,20-10-2025,CLI-1011,Equities,307943.73,81.28,81.28,0,0,Settled
TRD-100727,24-11-2025,CLI-1039,OTC Derivatives,41524.73,16.01,16.01,3,0,Settled
TRD-100728,07-05-2025,CLI-1040,Fixed Income,940736.08,348.16,348.16,2,1,Margin Breach
TRD-100729,16-04-2025,CLI-1122,Equities,570400.23,59.38,59.38,0,0,Settled
TRD-100730,02-04-2025,CLI-1050,OTC Derivatives,956094.83,204.73,204.73,1,0,Settled
TRD-100731,14-10-2025,CLI-1075,Equities,84567.65,14.85,14.85,0,0,Settled
TRD-100732,20-02-2025,CLI-1141,OTC Derivatives,25617.87,4.27,4.27,0,0,Settled
TRD-100733,29-01-2025,CLI-1057,Equities,1371895.78,536.95,536.95,2,0,Settled
TRD-100734,23-10-2025,CLI-1136,Equities,89924.96,17.61,17.61,2,0,Settled
TRD-100735,24-10-2025,CLI-1080,Equities,839451.52,243.35,282.85,3,0,Settled
TRD-100736,02-08-2025,CLI-1107,FX Options,876396.18,174.22,174.22,1,0,Settled
TRD-100737,24-09-2025,CLI-1030,Fixed Income,626709.73,208.13,208.13,1,0,Settled
TRD-100738,14-09-2025,CLI-1122,OTC Derivatives,80356.97,31.2,31.2,2,1,SSI Mismatch
TRD-100739,29-10-2025,CLI-1033,Equities,560405.29,130.25,130.25,0,0,Settled
TRD-100740,11-04-2025,CLI-1018,Equities,1109502.71,378.57,378.57,2,0,Settled
TRD-100741,12-12-2025,CLI-1035,Equities,287155.13,123.46,123.46,3,0,Settled
TRD-100742,20-04-2025,CLI-1091,Fixed Income,276805.67,38.11,38.11,1,0,Settled
TRD-100743,01-07-2025,CLI-1000,Fixed Income,302467.85,116.23,116.23,4,0,Settled
TRD-100744,09-11-2025,CLI-1088,Fixed Income,52927.05,12.13,12.13,0,0,Settled
TRD-100745,01-01-2025,CLI-1014,Equities,1122930.42,167.38,167.38,2,1,SSI Mismatch
TRD-100746,15-11-2025,CLI-1104,FX Options,1026977.42,326.85,326.85,1,0,Settled
TRD-100747,24-02-2025,CLI-1106,Equities,3095133.38,589.64,589.64,1,0,Settled
TRD-100748,29-05-2025,CLI-1055,FX Options,449959.08,192.83,192.83,2,0,Settled
TRD-100749,05-11-2025,CLI-1036,Equities,705536.15,82.66,82.66,1,1,SSI Mismatch
TRD-100750,17-05-2025,CLI-1133,Fixed Income,123244.51,17.19,17.19,2,1,SSI Mismatch
TRD-100751,21-07-2025,CLI-1138,Equities,560601.05,172.89,172.89,1,0,Settled
TRD-100752,09-11-2025,CLI-1053,Fixed Income,534529.56,179.38,179.38,0,0,Settled
TRD-100753,27-04-2025,CLI-1023,Fixed Income,1167373.05,457.56,571.36,1,1,Margin Breach
TRD-100754,03-06-2025,CLI-1004,Fixed Income,898315.41,182.99,182.99,0,0,Settled
TRD-100755,18-10-2025,CLI-1112,Fixed Income,1404086.46,613.17,613.17,1,0,Settled
TRD-100756,04-03-2025,CLI-1074,OTC Derivatives,1025643.78,493.6,665.97,3,0,Settled
TRD-100757,01-09-2025,CLI-1019,Fixed Income,1025112,307.14,307.14,1,0,Settled
TRD-100758,25-01-2025,CLI-1064,OTC Derivatives,42922.13,17.35,17.35,0,0,Settled
TRD-100759,31-03-2025,CLI-1031,Equities,945277.82,292.98,292.98,0,0,Settled
TRD-100760,16-03-2025,CLI-1143,Fixed Income,477581.85,61.03,76.18,1,0,Settled
TRD-100761,21-10-2025,CLI-1040,Fixed Income,249376.46,57.47,57.47,3,0,Settled
TRD-100762,29-07-2025,CLI-1008,Equities,39087.21,5.28,5.28,3,1,SSI Mismatch
TRD-100763,13-12-2025,CLI-1084,Fixed Income,576095.56,285.49,285.49,2,0,Settled
TRD-100764,17-01-2025,CLI-1125,Equities,208898.6,40.03,40.03,1,0,Settled
TRD-100765,08-05-2025,CLI-1052,Equities,325345.66,115.29,139.69,0,0,Settled
TRD-100766,30-12-2025,CLI-1107,Equities,582425.14,124.49,124.49,1,1,SSI Mismatch
TRD-100767,08-09-2025,CLI-1146,Equities,1223929.89,442.2,442.2,2,1,Custodian Delay
TRD-100768,28-06-2025,CLI-1044,Fixed Income,882734.54,162.56,162.56,1,0,Settled
TRD-100769,01-07-2025,CLI-1118,Fixed Income,309461.64,128.15,155.01,2,0,Settled
TRD-100770,01-06-2025,CLI-1089,FX Options,255334.37,36.85,36.85,4,0,Settled
TRD-100771,25-01-2025,CLI-1009,OTC Derivatives,147073.54,67.37,88.05,1,0,Settled
TRD-100772,29-06-2025,CLI-1128,Equities,242947.44,105.97,105.97,3,0,Settled
TRD-100773,17-07-2025,CLI-1091,OTC Derivatives,68855.11,25.58,25.58,2,0,Settled
TRD-100774,10-12-2025,CLI-1067,OTC Derivatives,1782052.15,226.26,226.26,3,0,Settled
TRD-100775,10-06-2025,CLI-1067,Fixed Income,436561.08,80.08,80.08,1,0,Settled
TRD-100776,26-06-2025,CLI-1106,Fixed Income,78371.61,34.78,34.78,1,0,Settled
TRD-100777,12-10-2025,CLI-1068,FX Options,227554.6,33.86,33.86,1,0,Settled
TRD-100778,04-03-2025,CLI-1046,Fixed Income,405974.78,65.92,65.92,3,0,Settled
TRD-100779,30-05-2025,CLI-1067,FX Options,390590.58,124.05,124.05,0,0,Settled
TRD-100780,03-06-2025,CLI-1082,Equities,28074.47,5.89,5.89,1,0,Settled
TRD-100781,05-06-2025,CLI-1086,Equities,1516348.02,286.33,286.33,0,0,Settled
TRD-100782,18-02-2025,CLI-1065,Fixed Income,171050.97,56.5,56.5,2,0,Settled
TRD-100783,03-12-2025,CLI-1010,Fixed Income,18158.54,4.52,4.52,1,0,Settled
TRD-100784,25-03-2025,CLI-1110,OTC Derivatives,49761.93,7.77,9.4,0,1,System Lag
TRD-100785,27-12-2025,CLI-1093,FX Options,443982.37,139.38,139.38,1,0,Settled
TRD-100786,26-06-2025,CLI-1085,Equities,84125.61,21.44,21.44,0,0,Settled
TRD-100787,28-05-2025,CLI-1124,Equities,31310.13,12.33,12.33,0,0,Settled
TRD-100788,28-04-2025,CLI-1023,OTC Derivatives,248716.75,35.09,35.09,0,0,Settled
TRD-100789,08-12-2025,CLI-1099,Fixed Income,497438.43,173.23,173.23,1,0,Settled
TRD-100790,04-03-2025,CLI-1089,Equities,69301.58,19.03,19.03,2,0,Settled
TRD-100791,08-07-2025,CLI-1104,Fixed Income,197949.15,51.95,51.95,2,0,Settled
TRD-100792,26-12-2025,CLI-1082,OTC Derivatives,280436.85,54.1,54.1,2,0,Settled
TRD-100793,18-02-2025,CLI-1082,OTC Derivatives,96855.43,10.86,10.86,2,0,Settled
TRD-100794,23-11-2025,CLI-1116,Fixed Income,362684.68,159.25,159.25,1,0,Settled
TRD-100795,14-09-2025,CLI-1144,Equities,54532.61,12.57,12.57,2,0,Settled
TRD-100796,12-08-2025,CLI-1089,FX Options,33817.63,12.59,12.59,0,1,System Lag
TRD-100797,21-05-2025,CLI-1119,Fixed Income,376813.12,180.51,180.51,2,0,Settled
TRD-100798,03-08-2025,CLI-1007,Fixed Income,152440.98,49.7,49.7,0,0,Settled
TRD-100799,30-07-2025,CLI-1063,Equities,60116.73,15.56,15.56,2,0,Settled
TRD-100800,14-11-2025,CLI-1139,OTC Derivatives,285747.94,59.24,59.24,2,0,Settled
TRD-100801,01-02-2025,CLI-1063,Equities,1243380.58,588.89,588.89,1,0,Settled
TRD-100802,07-06-2025,CLI-1112,Equities,654025.96,243.84,243.84,0,0,Settled
TRD-100803,12-10-2025,CLI-1025,Fixed Income,855367.14,313.16,313.16,0,0,Settled
TRD-100804,01-11-2025,CLI-1015,Equities,1037526.64,280.61,280.61,1,0,Settled
TRD-100805,13-10-2025,CLI-1111,Fixed Income,1809112.62,792.43,792.43,1,1,Custodian Delay
TRD-100806,24-05-2025,CLI-1059,Equities,730368.04,281.53,281.53,0,0,Settled
TRD-100807,19-01-2025,CLI-1041,Fixed Income,478767.3,102.11,102.11,2,0,Settled
TRD-100808,18-01-2025,CLI-1032,Equities,237400.59,80.68,80.68,0,0,Settled
TRD-100809,14-09-2025,CLI-1144,Equities,110228.45,29.99,29.99,3,0,Settled
TRD-100810,19-03-2025,CLI-1068,Equities,590233.01,60.58,60.58,2,0,Settled
TRD-100811,24-06-2025,CLI-1131,FX Options,2654182.14,1122.85,1544.14,0,0,Settled
TRD-100812,13-07-2025,CLI-1064,OTC Derivatives,324953.52,48.46,48.46,0,1,SSI Mismatch
TRD-100813,23-04-2025,CLI-1018,Equities,653096.69,198.53,198.53,1,0,Settled
TRD-100814,24-04-2025,CLI-1035,OTC Derivatives,351689.97,82.47,82.47,0,0,Settled
TRD-100815,10-08-2025,CLI-1051,Fixed Income,292758.33,69.34,69.34,2,0,Settled
TRD-100816,15-06-2025,CLI-1128,FX Options,274075.43,79.74,108.09,2,0,Settled
TRD-100817,15-11-2025,CLI-1080,Equities,361219.79,180.18,180.18,3,0,Settled
TRD-100818,12-05-2025,CLI-1099,Fixed Income,238560.02,62.83,62.83,1,1,System Lag
TRD-100819,21-09-2025,CLI-1037,Equities,700699.82,121.17,121.17,1,0,Settled
TRD-100820,24-02-2025,CLI-1122,Equities,1046817.32,361.62,361.62,1,0,Settled
TRD-100821,25-12-2025,CLI-1091,FX Options,1082300.77,210.52,210.52,1,0,Settled
TRD-100822,11-05-2025,CLI-1141,Fixed Income,139190.27,19.8,19.8,2,0,Settled
TRD-100823,15-10-2025,CLI-1149,Equities,1141245.55,137.03,137.03,0,0,Settled
TRD-100824,23-09-2025,CLI-1035,Equities,218934.28,23.9,23.9,2,0,Settled
TRD-100825,11-06-2025,CLI-1010,OTC Derivatives,195030.4,53.14,53.14,0,0,Settled
TRD-100826,28-03-2025,CLI-1111,Fixed Income,658695.16,178.3,178.3,1,1,Custodian Delay
TRD-100827,24-02-2025,CLI-1131,Equities,191703.3,33.4,33.4,2,0,Settled
TRD-100828,15-10-2025,CLI-1041,FX Options,37210.36,15.39,15.39,4,1,Custodian Delay
TRD-100829,27-06-2025,CLI-1095,Equities,243897.25,37,37,2,1,Margin Breach
TRD-100830,15-12-2025,CLI-1078,Equities,649106.85,302.57,357.48,0,0,Settled
TRD-100831,08-01-2025,CLI-1013,FX Options,207974.08,69.68,69.68,2,0,Settled
TRD-100832,17-11-2025,CLI-1013,Equities,506530.62,56.25,56.25,2,0,Settled
TRD-100833,09-11-2025,CLI-1046,Equities,549580.51,266.65,266.65,0,0,Settled
TRD-100834,04-09-2025,CLI-1084,Fixed Income,671633.51,149.89,149.89,0,0,Settled
TRD-100835,19-11-2025,CLI-1080,OTC Derivatives,1147146.88,321.19,321.19,2,1,SSI Mismatch
TRD-100836,12-09-2025,CLI-1114,Equities,293314.1,62.68,62.68,2,0,Settled
TRD-100837,24-11-2025,CLI-1019,FX Options,101020.04,39.54,39.54,1,0,Settled
TRD-100838,23-02-2025,CLI-1029,OTC Derivatives,202041.95,59.46,59.46,0,1,Custodian Delay
TRD-100839,06-09-2025,CLI-1053,Equities,292964.18,44.81,44.81,0,0,Settled
TRD-100840,27-08-2025,CLI-1133,OTC Derivatives,635692.03,90.07,90.07,0,1,Margin Breach
TRD-100841,17-08-2025,CLI-1123,Equities,16604.49,6.48,6.48,0,0,Settled
TRD-100842,08-03-2025,CLI-1095,Fixed Income,199741.82,38.92,38.92,3,1,SSI Mismatch
TRD-100843,20-02-2025,CLI-1096,OTC Derivatives,766706.22,118.93,118.93,1,0,Settled
TRD-100844,07-04-2025,CLI-1090,FX Options,565632.55,169.56,169.56,1,0,Settled
TRD-100845,02-04-2025,CLI-1118,Equities,667899.26,281.26,281.26,1,0,Settled
TRD-100846,21-09-2025,CLI-1095,Fixed Income,845153.64,178.76,237.52,2,1,Custodian Delay
TRD-100847,18-10-2025,CLI-1055,Fixed Income,774472.39,163.08,163.08,1,0,Settled
TRD-100848,06-04-2025,CLI-1136,Equities,583140.03,252.82,252.82,0,0,Settled
TRD-100849,29-03-2025,CLI-1087,Equities,299607.14,47.68,60.9,1,0,Settled
TRD-100850,19-03-2025,CLI-1080,Equities,2065186.03,715.98,715.98,0,0,Settled
TRD-100851,15-10-2025,CLI-1103,Fixed Income,430908.52,207.7,207.7,1,0,Settled
TRD-100852,30-04-2025,CLI-1109,Fixed Income,123305.53,53.83,53.83,0,0,Settled
TRD-100853,29-10-2025,CLI-1015,Equities,183229.97,22.85,22.85,0,0,Settled
TRD-100854,14-06-2025,CLI-1047,OTC Derivatives,601370.66,137.09,137.09,2,0,Settled
TRD-100855,01-07-2025,CLI-1143,OTC Derivatives,1303400.36,204.57,204.57,0,0,Settled
TRD-100856,11-08-2025,CLI-1026,Fixed Income,108445.67,52.02,52.02,0,0,Settled
TRD-100857,07-11-2025,CLI-1005,Equities,52967.7,26.19,26.19,1,0,Settled
TRD-100858,07-01-2025,CLI-1102,Fixed Income,1076552.18,208.85,208.85,0,0,Settled
TRD-100859,26-11-2025,CLI-1132,Equities,1244189.86,457.71,564.01,1,0,Settled
TRD-100860,20-09-2025,CLI-1035,Equities,171743.99,74.99,74.99,1,0,Settled
TRD-100861,10-06-2025,CLI-1106,OTC Derivatives,246833.75,47.76,47.76,2,0,Settled
TRD-100862,31-05-2025,CLI-1038,Equities,549681.37,96.23,96.23,0,0,Settled
TRD-100863,26-03-2025,CLI-1037,Equities,210186.56,21.96,21.96,2,1,Margin Breach
TRD-100864,27-05-2025,CLI-1041,Equities,1058431.03,280.26,280.26,2,0,Settled
TRD-100865,22-04-2025,CLI-1081,Equities,66908.48,30.76,30.76,0,0,Settled
TRD-100866,05-02-2025,CLI-1068,Equities,29361.17,13.54,13.54,0,0,Settled
TRD-100867,12-10-2025,CLI-1034,FX Options,126903.99,19.17,19.17,1,0,Settled
TRD-100868,07-07-2025,CLI-1021,Equities,178497.63,32.44,32.44,1,1,Custodian Delay
TRD-100869,23-03-2025,CLI-1098,Equities,69913.77,18.4,18.4,2,0,Settled
TRD-100870,02-01-2025,CLI-1109,Equities,43973.72,18.13,18.13,2,0,Settled
TRD-100871,30-10-2025,CLI-1044,FX Options,714490.31,246.31,295.28,0,0,Settled
TRD-100872,16-07-2025,CLI-1133,Fixed Income,99728.77,30.47,30.47,0,0,Settled
TRD-100873,11-01-2025,CLI-1067,Equities,1236251.86,416.34,416.34,1,0,Settled
TRD-100874,22-08-2025,CLI-1096,OTC Derivatives,239432.67,33.16,33.16,4,1,Custodian Delay
TRD-100875,14-07-2025,CLI-1100,Equities,565250.05,164.52,164.52,0,0,Settled
TRD-100876,29-04-2025,CLI-1072,Equities,137705.62,68.42,68.42,1,0,Settled
TRD-100877,20-01-2025,CLI-1105,Equities,147430.82,19.96,19.96,0,0,Settled
TRD-100878,18-09-2025,CLI-1048,Equities,437491.06,134.62,134.62,0,0,Settled
TRD-100879,20-10-2025,CLI-1083,Equities,421221.41,91.94,120.01,1,0,Settled
TRD-100880,13-09-2025,CLI-1142,Fixed Income,742083.04,234.47,234.47,2,0,Settled
TRD-100881,10-08-2025,CLI-1000,Equities,719023.19,236.94,236.94,2,0,Settled
TRD-100882,14-08-2025,CLI-1068,Fixed Income,565374.47,187.13,187.13,2,0,Settled
TRD-100883,22-02-2025,CLI-1058,Equities,308128.73,135.85,186.39,0,0,Settled
TRD-100884,21-12-2025,CLI-1140,Equities,1116556.81,285.73,285.73,3,1,SSI Mismatch
TRD-100885,08-12-2025,CLI-1109,Fixed Income,497196.33,152.41,152.41,1,0,Settled
TRD-100886,30-12-2025,CLI-1067,FX Options,2322609.44,242.41,242.41,3,0,Settled
TRD-100887,07-10-2025,CLI-1115,Equities,865651.77,359.96,359.96,1,0,Settled
TRD-100888,22-03-2025,CLI-1019,Fixed Income,32660.74,6.66,6.66,0,0,Settled
TRD-100889,21-07-2025,CLI-1036,Equities,203268.13,86.72,86.72,1,0,Settled
TRD-100890,07-06-2025,CLI-1078,Equities,434170.87,89.55,89.55,2,0,Settled
TRD-100891,30-04-2025,CLI-1049,Equities,649113.92,67.71,67.71,1,0,Settled
TRD-100892,28-02-2025,CLI-1022,Equities,409627.87,66.33,91.46,1,0,Settled
TRD-100893,03-08-2025,CLI-1094,Equities,781194.45,386.12,386.12,3,0,Settled
TRD-100894,08-05-2025,CLI-1078,Equities,176099.65,40.14,40.14,0,0,Settled
TRD-100895,12-08-2025,CLI-1142,OTC Derivatives,111616.57,16.02,16.02,1,0,Settled
TRD-100896,28-07-2025,CLI-1027,Equities,37712.32,5.56,5.56,1,0,Settled
TRD-100897,25-04-2025,CLI-1105,Fixed Income,435853.15,97.69,97.69,1,0,Settled
TRD-100898,28-07-2025,CLI-1011,Equities,593337.74,68.27,91.87,1,0,Settled
TRD-100899,14-01-2025,CLI-1107,Fixed Income,207373.66,63.17,63.17,1,0,Settled
TRD-100900,09-01-2025,CLI-1125,Fixed Income,485420.62,90.04,90.04,1,1,Custodian Delay
TRD-100901,09-02-2025,CLI-1031,Equities,36783.32,11.32,11.32,2,0,Settled
TRD-100902,25-08-2025,CLI-1100,Equities,62287.83,9.74,9.74,3,0,Settled
TRD-100903,08-10-2025,CLI-1004,OTC Derivatives,614919.61,167.22,167.22,4,0,Settled
TRD-100904,25-12-2025,CLI-1056,OTC Derivatives,239488.09,81.23,81.23,3,0,Settled
TRD-100905,20-07-2025,CLI-1030,Equities,566356.67,70.68,70.68,0,0,Settled
TRD-100906,03-09-2025,CLI-1027,Equities,901066.34,233.83,291.8,1,0,Settled
TRD-100907,05-10-2025,CLI-1076,OTC Derivatives,967378.77,213.8,213.8,0,0,Settled
TRD-100908,23-08-2025,CLI-1039,Equities,104472.31,20.49,20.49,2,0,Settled
TRD-100909,04-01-2025,CLI-1052,Fixed Income,343043.88,117.26,117.26,0,0,Settled
TRD-100910,03-06-2025,CLI-1027,Equities,671991.77,225.4,225.4,1,0,Settled
TRD-100911,29-01-2025,CLI-1035,Equities,753567.21,265.47,265.47,1,0,Settled
TRD-100912,19-04-2025,CLI-1076,Fixed Income,777805.66,127.21,127.21,3,0,Settled
TRD-100913,08-04-2025,CLI-1114,Fixed Income,139493.75,29.89,29.89,2,0,Settled
TRD-100914,03-08-2025,CLI-1121,Equities,116927.67,21.5,21.5,1,0,Settled
TRD-100915,20-10-2025,CLI-1105,Fixed Income,455814.27,144.13,144.13,1,1,Margin Breach
TRD-100916,16-03-2025,CLI-1114,OTC Derivatives,685629.27,195.01,195.01,2,0,Settled
TRD-100917,22-11-2025,CLI-1117,Fixed Income,202198.93,46.93,46.93,0,0,Settled
TRD-100918,26-05-2025,CLI-1050,Equities,65301.09,27.06,34.97,1,0,Settled
TRD-100919,08-05-2025,CLI-1040,Fixed Income,640706.3,88.15,88.15,5,0,Settled
TRD-100920,07-12-2025,CLI-1052,OTC Derivatives,188121.68,92.17,92.17,1,0,Settled
TRD-100921,11-02-2025,CLI-1058,OTC Derivatives,100978.45,14.81,14.81,1,0,Settled
TRD-100922,22-12-2025,CLI-1105,Fixed Income,89922.15,36.8,36.8,1,0,Settled
TRD-100923,10-02-2025,CLI-1077,Equities,199102.2,49.24,49.24,1,0,Settled
TRD-100924,03-02-2025,CLI-1078,OTC Derivatives,459075.71,204.8,283.32,1,0,Settled
TRD-100925,17-01-2025,CLI-1002,Fixed Income,231896.86,30.07,30.07,3,0,Settled
TRD-100926,14-06-2025,CLI-1038,Equities,20439.15,5.11,5.11,0,0,Settled
TRD-100927,02-06-2025,CLI-1023,Fixed Income,60965.66,14.28,14.28,2,1,SSI Mismatch
TRD-100928,17-03-2025,CLI-1148,Equities,181599.68,90.3,112.67,0,0,Settled
TRD-100929,28-03-2025,CLI-1063,Fixed Income,548970.43,271.31,271.31,1,0,Settled
TRD-100930,27-04-2025,CLI-1027,Equities,61855.98,10.88,10.88,2,0,Settled
TRD-100931,28-12-2025,CLI-1124,Fixed Income,421237.26,148.27,205.35,0,0,Settled
TRD-100932,08-12-2025,CLI-1086,FX Options,73851.84,23.2,23.2,3,0,Settled
TRD-100933,27-01-2025,CLI-1135,OTC Derivatives,128884.57,20.85,20.85,1,0,Settled
TRD-100934,09-11-2025,CLI-1072,FX Options,104484.92,17.46,17.46,2,0,Settled
TRD-100935,14-10-2025,CLI-1057,FX Options,44797.58,22.21,28.83,1,0,Settled
TRD-100936,14-05-2025,CLI-1051,Equities,566350.26,159.2,159.2,1,0,Settled
TRD-100937,07-08-2025,CLI-1147,Fixed Income,321254.48,48.29,57.97,0,0,Settled
TRD-100938,17-06-2025,CLI-1011,Fixed Income,899086.42,167.15,167.15,2,0,Settled
TRD-100939,08-04-2025,CLI-1087,OTC Derivatives,62064.44,12.87,12.87,1,0,Settled
TRD-100940,25-09-2025,CLI-1135,Equities,88170.75,26.84,26.84,0,0,Settled
TRD-100941,25-08-2025,CLI-1085,FX Options,192971.55,45.2,45.2,0,0,Settled
TRD-100942,05-11-2025,CLI-1027,Fixed Income,735930.81,207.54,207.54,0,0,Settled
TRD-100943,22-06-2025,CLI-1147,OTC Derivatives,192467.93,32.07,32.07,1,0,Settled
TRD-100944,09-07-2025,CLI-1026,Equities,272478.09,62.86,62.86,0,0,Settled
TRD-100945,02-05-2025,CLI-1113,Equities,189484.19,24.28,24.28,1,0,Settled
TRD-100946,15-02-2025,CLI-1061,OTC Derivatives,51812.72,23.62,23.62,1,0,Settled
TRD-100947,05-03-2025,CLI-1031,Equities,1412007.69,253.46,253.46,0,0,Settled
TRD-100948,10-05-2025,CLI-1018,OTC Derivatives,407633.14,164.18,164.18,1,0,Settled
TRD-100949,06-11-2025,CLI-1088,Equities,785191.23,188.31,188.31,0,0,Settled
TRD-100950,29-12-2025,CLI-1008,Fixed Income,546994.61,158.5,158.5,1,0,Settled
TRD-100951,12-07-2025,CLI-1127,Equities,371035,80.33,102.21,1,0,Settled
TRD-100952,03-11-2025,CLI-1133,Fixed Income,56978.59,21.57,21.57,1,1,Margin Breach
TRD-100953,30-06-2025,CLI-1081,Fixed Income,524636.7,229.7,229.7,2,0,Settled
TRD-100954,19-10-2025,CLI-1081,Equities,94428.52,20.26,20.26,3,0,Settled
TRD-100955,09-10-2025,CLI-1044,Equities,277544.79,54.64,54.64,1,0,Settled
TRD-100956,29-01-2025,CLI-1021,Equities,505929.12,188.5,188.5,2,1,SSI Mismatch
TRD-100957,29-05-2025,CLI-1076,Fixed Income,772155.61,137.49,137.49,2,0,Settled
TRD-100958,24-09-2025,CLI-1042,Fixed Income,587663.03,209.17,209.17,3,0,Settled
TRD-100959,23-10-2025,CLI-1072,OTC Derivatives,566660.26,78.07,78.07,0,0,Settled
TRD-100960,11-01-2025,CLI-1054,Fixed Income,90696.38,31.57,31.57,0,0,Settled
TRD-100961,13-06-2025,CLI-1094,Fixed Income,222422.25,67.92,67.92,0,0,Settled
TRD-100962,23-04-2025,CLI-1033,Equities,31930.11,4.65,5.94,2,1,System Lag
TRD-100963,06-07-2025,CLI-1107,Equities,645549.59,232.17,232.17,0,0,Settled
TRD-100964,22-10-2025,CLI-1109,Equities,1534418.67,427.52,586.96,0,0,Settled
TRD-100965,20-08-2025,CLI-1058,FX Options,163337.58,30.52,30.52,1,0,Settled
TRD-100966,15-08-2025,CLI-1054,OTC Derivatives,55891.39,13.49,13.49,3,1,Margin Breach
TRD-100967,06-11-2025,CLI-1079,Equities,332721.73,98.77,98.77,1,0,Settled
TRD-100968,08-04-2025,CLI-1112,Fixed Income,981401.27,134.08,134.08,1,0,Settled
TRD-100969,24-02-2025,CLI-1041,OTC Derivatives,411452.22,198.75,198.75,1,0,Settled
TRD-100970,21-04-2025,CLI-1143,Fixed Income,33953.28,12.43,12.43,1,0,Settled
TRD-100971,01-06-2025,CLI-1032,Equities,1840092.37,259.48,259.48,0,0,Settled
TRD-100972,03-09-2025,CLI-1033,Equities,892023.25,382.81,382.81,3,0,Settled
TRD-100973,10-03-2025,CLI-1041,Fixed Income,80548.01,18.45,18.45,0,0,Settled
TRD-100974,08-11-2025,CLI-1081,FX Options,1284228.47,434.99,434.99,0,0,Settled
TRD-100975,16-10-2025,CLI-1088,Fixed Income,309544.61,65.27,65.27,0,0,Settled
TRD-100976,07-09-2025,CLI-1095,Equities,242526.35,95.4,95.4,3,0,Settled
TRD-100977,05-02-2025,CLI-1032,Equities,319069.33,124.18,124.18,2,0,Settled
TRD-100978,27-08-2025,CLI-1035,OTC Derivatives,909609.48,291.82,291.82,2,0,Settled
TRD-100979,28-05-2025,CLI-1104,OTC Derivatives,548640.24,107.74,107.74,0,0,Settled
TRD-100980,15-08-2025,CLI-1143,Fixed Income,40538.1,8.17,8.17,0,0,Settled
TRD-100981,01-09-2025,CLI-1120,Fixed Income,1590355.01,402.59,402.59,1,0,Settled
TRD-100982,03-12-2025,CLI-1129,Equities,89957.71,14.21,14.21,1,0,Settled
TRD-100983,31-12-2025,CLI-1129,OTC Derivatives,694360.74,163.22,163.22,2,0,Settled
TRD-100984,20-07-2025,CLI-1053,OTC Derivatives,515488.28,192.66,192.66,2,0,Settled
TRD-100985,03-06-2025,CLI-1012,Equities,113836.94,49.22,49.22,1,0,Settled
TRD-100986,14-03-2025,CLI-1009,OTC Derivatives,103605.99,24.14,24.14,0,0,Settled
TRD-100987,20-07-2025,CLI-1067,Equities,1031371.98,199.5,199.5,0,0,Settled
TRD-100988,23-10-2025,CLI-1013,Equities,282100.66,122.17,169.46,0,0,Settled
TRD-100989,17-01-2025,CLI-1094,Equities,541492.06,247.07,314.58,2,0,Settled
TRD-100990,09-05-2025,CLI-1102,Equities,360661.26,95.22,95.22,0,1,Custodian Delay
TRD-100991,05-08-2025,CLI-1092,Equities,659789.63,73.08,73.08,3,1,Margin Breach
TRD-100992,02-03-2025,CLI-1073,Fixed Income,336235.28,127.09,127.09,5,0,Settled
TRD-100993,14-04-2025,CLI-1026,Fixed Income,179403.42,74.2,74.2,2,0,Settled
TRD-100994,11-02-2025,CLI-1000,Fixed Income,235793.82,25.28,30.25,0,0,Settled
TRD-100995,25-01-2025,CLI-1116,Equities,989773.28,334.56,334.56,3,0,Settled
TRD-100996,08-02-2025,CLI-1002,Equities,325588.5,109.19,109.19,1,0,Settled
TRD-100997,18-10-2025,CLI-1011,Fixed Income,130049.07,32.71,32.71,2,0,Settled
TRD-100998,11-05-2025,CLI-1025,Equities,1373657.71,549.34,549.34,0,0,Settled
TRD-100999,17-08-2025,CLI-1091,Equities,806291.52,218.72,304.69,0,0,Settled
TRD-101000,18-04-2025,CLI-1146,OTC Derivatives,38637.76,14.32,14.32,0,0,Settled
TRD-101001,21-06-2025,CLI-1097,OTC Derivatives,3436142.3,1054.37,1054.37,1,0,Settled
TRD-101002,12-04-2025,CLI-1149,OTC Derivatives,603601.6,120.35,120.35,1,1,Custodian Delay
TRD-101003,20-12-2025,CLI-1030,Fixed Income,97335.41,33.35,33.35,1,0,Settled
TRD-101004,12-01-2025,CLI-1028,Equities,145358.52,57.38,57.38,0,0,Settled
TRD-101005,02-10-2025,CLI-1027,Fixed Income,599551.46,293.52,293.52,3,0,Settled
TRD-101006,11-04-2025,CLI-1036,Equities,766521.1,193.2,193.2,2,1,Margin Breach
TRD-101007,13-02-2025,CLI-1052,Fixed Income,146584.58,18.44,18.44,1,0,Settled
TRD-101008,01-11-2025,CLI-1086,Equities,158508.66,78.49,78.49,3,0,Settled
TRD-101009,17-01-2025,CLI-1036,OTC Derivatives,193449.73,67.62,67.62,1,0,Settled
TRD-101010,26-11-2025,CLI-1140,Equities,465674.44,222.86,222.86,0,0,Settled
TRD-101011,26-02-2025,CLI-1107,FX Options,104260.07,14.76,14.76,2,0,Settled
TRD-101012,07-11-2025,CLI-1086,OTC Derivatives,65043.17,15.4,15.4,1,0,Settled
TRD-101013,30-10-2025,CLI-1033,Fixed Income,577945.42,88.76,88.76,4,0,Settled
TRD-101014,12-01-2025,CLI-1082,OTC Derivatives,765017.92,332.17,332.17,1,1,System Lag
TRD-101015,14-11-2025,CLI-1148,Fixed Income,357503.86,161.64,161.64,1,0,Settled
TRD-101016,21-03-2025,CLI-1061,OTC Derivatives,236146.86,70.97,70.97,1,0,Settled
TRD-101017,04-08-2025,CLI-1024,Fixed Income,292854.53,51.14,51.14,0,0,Settled
TRD-101018,05-12-2025,CLI-1048,OTC Derivatives,255844.81,38.59,38.59,0,0,Settled
TRD-101019,21-09-2025,CLI-1011,Fixed Income,1619249.3,542.88,542.88,0,0,Settled
TRD-101020,29-05-2025,CLI-1017,FX Options,740702.75,224.1,224.1,4,0,Settled
TRD-101021,22-03-2025,CLI-1036,Fixed Income,126652.01,47.86,47.86,2,0,Settled
TRD-101022,03-08-2025,CLI-1026,Fixed Income,252407.71,56.06,56.06,1,0,Settled
TRD-101023,17-07-2025,CLI-1018,OTC Derivatives,402644.71,105.07,105.07,4,1,SSI Mismatch
TRD-101024,19-07-2025,CLI-1037,OTC Derivatives,484647.03,52.61,71.74,2,0,Settled
TRD-101025,25-01-2025,CLI-1068,Fixed Income,325728.76,112.07,112.07,1,0,Settled
TRD-101026,30-03-2025,CLI-1030,Equities,840698.96,226.36,226.36,1,0,Settled
TRD-101027,25-09-2025,CLI-1010,Fixed Income,739660.58,346.09,346.09,3,1,System Lag
TRD-101028,23-05-2025,CLI-1139,FX Options,361758.3,129.04,129.04,2,0,Settled
TRD-101029,28-02-2025,CLI-1102,OTC Derivatives,973547,252.61,252.61,0,0,Settled
TRD-101030,31-12-2025,CLI-1015,OTC Derivatives,705331,144.9,144.9,2,0,Settled
TRD-101031,26-01-2025,CLI-1020,Equities,763851.14,352.99,352.99,2,0,Settled
TRD-101032,16-02-2025,CLI-1027,Fixed Income,1576358,167.89,167.89,1,1,Margin Breach
TRD-101033,15-10-2025,CLI-1043,Fixed Income,164941.31,38.06,38.06,0,0,Settled
TRD-101034,23-09-2025,CLI-1101,OTC Derivatives,165747.11,79.13,79.13,2,1,Margin Breach
TRD-101035,16-01-2025,CLI-1025,Equities,1108897.52,400.99,400.99,1,0,Settled
TRD-101036,18-07-2025,CLI-1073,OTC Derivatives,749701.5,234.72,234.72,0,0,Settled
TRD-101037,09-10-2025,CLI-1000,Fixed Income,1315544.84,238.66,238.66,0,0,Settled
TRD-101038,27-03-2025,CLI-1027,Equities,42605.46,18.46,18.46,0,0,Settled
TRD-101039,07-09-2025,CLI-1048,Equities,504104.31,91.59,91.59,2,0,Settled
TRD-101040,27-09-2025,CLI-1063,Equities,88109.61,17.56,17.56,1,0,Settled
TRD-101041,01-12-2025,CLI-1000,Fixed Income,360486.06,63.71,63.71,1,0,Settled
TRD-101042,27-04-2025,CLI-1035,Equities,94651.49,15.45,15.45,1,0,Settled
TRD-101043,07-01-2025,CLI-1022,Equities,78527.95,37.8,37.8,1,0,Settled
TRD-101044,17-05-2025,CLI-1141,OTC Derivatives,16121.49,5.49,5.49,0,1,SSI Mismatch
TRD-101045,25-06-2025,CLI-1071,Equities,507448.96,180.21,180.21,1,0,Settled
TRD-101046,24-11-2025,CLI-1110,Equities,232380.55,111.94,111.94,2,0,Settled
TRD-101047,11-11-2025,CLI-1050,Fixed Income,65570.98,12.6,12.6,1,0,Settled
TRD-101048,03-08-2025,CLI-1006,Fixed Income,204922.21,20.98,20.98,3,0,Settled
TRD-101049,23-03-2025,CLI-1057,OTC Derivatives,102529.1,34.81,34.81,1,1,Custodian Delay
TRD-101050,11-08-2025,CLI-1073,Fixed Income,1431032.27,433.8,433.8,1,0,Settled
TRD-101051,13-04-2025,CLI-1144,OTC Derivatives,202834.83,59.04,59.04,1,1,SSI Mismatch
TRD-101052,30-09-2025,CLI-1148,Fixed Income,213197.91,26.6,26.6,1,0,Settled
TRD-101053,14-01-2025,CLI-1075,Equities,925847.19,260.88,260.88,2,0,Settled
TRD-101054,08-06-2025,CLI-1121,Equities,531715.24,114.33,114.33,4,0,Settled
TRD-101055,01-06-2025,CLI-1000,Fixed Income,629233.14,132.03,132.03,1,0,Settled
TRD-101056,18-04-2025,CLI-1140,Equities,515303.18,97.37,130.43,0,0,Settled
TRD-101057,07-07-2025,CLI-1123,OTC Derivatives,1471206.37,342.81,342.81,0,0,Settled
TRD-101058,28-10-2025,CLI-1058,Fixed Income,125966.55,30.39,30.39,0,0,Settled
TRD-101059,08-04-2025,CLI-1126,Equities,2266716.91,506.63,506.63,1,0,Settled
TRD-101060,11-05-2025,CLI-1092,Equities,898798.65,441.76,441.76,1,0,Settled
TRD-101061,20-10-2025,CLI-1057,Equities,454547.69,215.04,215.04,1,0,Settled
TRD-101062,20-06-2025,CLI-1045,Fixed Income,552904.73,182.35,182.35,0,0,Settled
TRD-101063,02-07-2025,CLI-1004,Fixed Income,533236.55,262.58,262.58,3,0,Settled
TRD-101064,30-12-2025,CLI-1099,Fixed Income,40085.36,19.9,19.9,0,0,Settled
TRD-101065,08-02-2025,CLI-1099,Equities,132960.82,32.23,32.23,0,1,Margin Breach
TRD-101066,15-01-2025,CLI-1100,Fixed Income,1638170.54,455.53,455.53,1,0,Settled
TRD-101067,04-01-2025,CLI-1077,OTC Derivatives,392175.99,189.67,189.67,1,1,Custodian Delay
TRD-101068,15-12-2025,CLI-1051,Equities,247691.92,85.07,85.07,2,0,Settled
TRD-101069,29-07-2025,CLI-1076,Fixed Income,727823.11,134.77,134.77,1,0,Settled
TRD-101070,10-06-2025,CLI-1139,FX Options,381714.12,143.43,143.43,0,0,Settled
TRD-101071,16-01-2025,CLI-1020,Equities,16625.08,3.03,3.03,3,0,Settled
TRD-101072,18-04-2025,CLI-1030,Fixed Income,676353.28,159.45,159.45,1,0,Settled
TRD-101073,07-11-2025,CLI-1031,Equities,668790.21,127.76,127.76,2,0,Settled
TRD-101074,15-08-2025,CLI-1052,Fixed Income,100250.83,19.85,19.85,0,0,Settled
TRD-101075,19-06-2025,CLI-1097,Equities,1579340.66,160.88,191.86,0,0,Settled
TRD-101076,03-02-2025,CLI-1012,FX Options,136742.19,61.85,81.64,2,1,Margin Breach
TRD-101077,08-09-2025,CLI-1028,OTC Derivatives,316013.48,69.02,69.02,3,1,Custodian Delay
TRD-101078,04-09-2025,CLI-1093,OTC Derivatives,70934.66,9.54,9.54,1,0,Settled
TRD-101079,26-09-2025,CLI-1136,OTC Derivatives,472265.19,63.66,75.79,2,0,Settled
TRD-101080,21-05-2025,CLI-1046,Fixed Income,245362.84,79.11,79.11,1,0,Settled
TRD-101081,01-10-2025,CLI-1131,Fixed Income,227838.56,113.27,113.27,0,0,Settled
TRD-101082,06-04-2025,CLI-1106,OTC Derivatives,887165.02,140.18,140.18,0,0,Settled
TRD-101083,15-08-2025,CLI-1078,FX Options,14803.86,2.07,2.07,2,0,Settled
TRD-101084,08-02-2025,CLI-1074,Fixed Income,809612.05,222.9,222.9,0,0,Settled
TRD-101085,29-10-2025,CLI-1118,FX Options,433672.26,141.09,141.09,1,0,Settled
TRD-101086,29-01-2025,CLI-1030,Fixed Income,2147879.75,467.71,554.07,4,1,Custodian Delay
TRD-101087,14-11-2025,CLI-1061,Fixed Income,455120.52,100.59,100.59,0,1,Custodian Delay
TRD-101088,02-09-2025,CLI-1027,Fixed Income,38485.82,10.38,10.38,2,0,Settled
TRD-101089,24-08-2025,CLI-1037,Equities,35986.41,8.12,8.12,1,0,Settled
TRD-101090,04-07-2025,CLI-1047,Equities,1083444.89,505.03,505.03,3,0,Settled
TRD-101091,29-09-2025,CLI-1035,Equities,930099.41,108.62,108.62,2,0,Settled
TRD-101092,24-08-2025,CLI-1051,Fixed Income,222239.93,43.08,43.08,1,0,Settled
TRD-101093,27-08-2025,CLI-1073,Equities,491209.86,207.99,207.99,2,0,Settled
TRD-101094,23-09-2025,CLI-1093,Fixed Income,346271.81,150.14,150.14,0,0,Settled
TRD-101095,25-12-2025,CLI-1105,FX Options,1718115.74,248.48,248.48,0,0,Settled
TRD-101096,06-12-2025,CLI-1142,Equities,1507475.3,737.92,737.92,2,0,Settled
TRD-101097,06-03-2025,CLI-1000,Fixed Income,2072577.44,782.07,782.07,0,0,Settled
TRD-101098,26-06-2025,CLI-1093,Equities,1016635.1,212.51,212.51,0,0,Settled
TRD-101099,03-01-2025,CLI-1115,Equities,1211487.83,342.14,342.14,1,0,Settled
TRD-101100,22-05-2025,CLI-1068,OTC Derivatives,132489.34,29,29,2,0,Settled
TRD-101101,07-06-2025,CLI-1088,Fixed Income,898948.37,143.84,143.84,2,0,Settled
TRD-101102,20-11-2025,CLI-1059,OTC Derivatives,626970.56,135.72,135.72,1,0,Settled
TRD-101103,26-05-2025,CLI-1023,Equities,1655541.96,549.7,549.7,1,0,Settled
TRD-101104,20-10-2025,CLI-1044,Fixed Income,433454.43,186.55,186.55,1,0,Settled
TRD-101105,02-06-2025,CLI-1018,Equities,54506.96,13.38,13.38,0,0,Settled
TRD-101106,12-07-2025,CLI-1011,Equities,464904.51,111.19,111.19,0,0,Settled
TRD-101107,14-03-2025,CLI-1086,Equities,590107.05,169.48,169.48,1,0,Settled
TRD-101108,01-11-2025,CLI-1049,Equities,134436.51,48.1,48.1,1,0,Settled
TRD-101109,10-12-2025,CLI-1081,Equities,260531.21,104.38,134.67,1,0,Settled
TRD-101110,20-05-2025,CLI-1139,Equities,466278.12,107.58,107.58,0,0,Settled
TRD-101111,06-07-2025,CLI-1020,FX Options,244286.92,81.72,81.72,1,0,Settled
TRD-101112,20-10-2025,CLI-1056,Equities,244959.99,62.65,62.65,2,0,Settled
TRD-101113,02-03-2025,CLI-1121,Equities,81408.12,31.47,31.47,2,0,Settled
TRD-101114,17-07-2025,CLI-1018,Equities,1422967.1,236.03,236.03,0,0,Settled
TRD-101115,22-10-2025,CLI-1016,Fixed Income,704136.93,142.78,142.78,0,0,Settled
TRD-101116,15-11-2025,CLI-1123,Equities,10622.11,2.87,2.87,1,0,Settled
TRD-101117,29-10-2025,CLI-1072,OTC Derivatives,735391.45,335.17,432.72,3,0,Settled
TRD-101118,10-12-2025,CLI-1053,FX Options,683142.73,224.98,224.98,3,0,Settled
TRD-101119,11-01-2025,CLI-1133,Equities,14889.31,7.24,9.37,0,0,Settled
TRD-101120,03-03-2025,CLI-1147,Fixed Income,240703.78,34.01,34.01,0,0,Settled
TRD-101121,29-11-2025,CLI-1135,Equities,476651.93,135.4,135.4,1,0,Settled
TRD-101122,14-08-2025,CLI-1145,Fixed Income,311425.37,83.35,83.35,0,0,Settled
TRD-101123,02-06-2025,CLI-1123,Fixed Income,762507.69,259.32,259.32,4,1,Custodian Delay
TRD-101124,18-07-2025,CLI-1085,Equities,287091.33,121.95,121.95,4,1,System Lag
TRD-101125,21-02-2025,CLI-1057,Equities,93536.98,40.84,40.84,0,0,Settled
TRD-101126,17-09-2025,CLI-1020,Fixed Income,1883585.42,693.31,693.31,1,0,Settled
TRD-101127,28-02-2025,CLI-1019,Fixed Income,148562.33,52.98,67.69,0,0,Settled
TRD-101128,13-03-2025,CLI-1149,Equities,642378.85,308.09,308.09,1,0,Settled
TRD-101129,28-05-2025,CLI-1008,Fixed Income,87249.89,22.12,22.12,1,0,Settled
TRD-101130,15-12-2025,CLI-1052,Fixed Income,209502.47,90.74,90.74,0,0,Settled
TRD-101131,04-03-2025,CLI-1092,OTC Derivatives,301722.9,141.39,174.29,2,0,Settled
TRD-101132,06-11-2025,CLI-1081,Equities,116740.2,34.63,45.01,1,0,Settled
TRD-101133,31-08-2025,CLI-1072,OTC Derivatives,308881.75,120.97,120.97,0,1,SSI Mismatch
TRD-101134,26-11-2025,CLI-1005,Fixed Income,95490.74,23.95,23.95,1,0,Settled
TRD-101135,17-04-2025,CLI-1127,Equities,419362.62,68.59,68.59,1,0,Settled
TRD-101136,14-08-2025,CLI-1037,Fixed Income,554895.53,185.67,185.67,0,0,Settled
TRD-101137,09-11-2025,CLI-1065,Fixed Income,42234.21,7.54,7.54,2,0,Settled
TRD-101138,06-08-2025,CLI-1134,FX Options,1034483.8,292.8,292.8,1,0,Settled
TRD-101139,29-08-2025,CLI-1095,Equities,112370.02,50.47,50.47,0,1,SSI Mismatch
TRD-101140,16-09-2025,CLI-1031,Fixed Income,137680,18.51,18.51,1,0,Settled
TRD-101141,19-09-2025,CLI-1071,Equities,551393.84,61.85,61.85,1,0,Settled
TRD-101142,05-01-2025,CLI-1053,FX Options,326262.28,111.77,111.77,0,0,Settled
TRD-101143,18-09-2025,CLI-1147,Equities,355969.55,82.74,82.74,2,0,Settled
TRD-101144,23-02-2025,CLI-1028,FX Options,78571.8,20.99,20.99,0,0,Settled
TRD-101145,16-02-2025,CLI-1021,FX Options,829268.15,217.5,217.5,0,0,Settled
TRD-101146,03-08-2025,CLI-1075,Equities,489930.97,65.97,65.97,1,0,Settled
TRD-101147,26-06-2025,CLI-1115,OTC Derivatives,82733.77,8.39,8.39,2,0,Settled
TRD-101148,09-01-2025,CLI-1053,FX Options,244201.95,112.18,112.18,1,0,Settled
TRD-101149,09-04-2025,CLI-1027,Equities,841445.54,157.45,157.45,1,0,Settled
TRD-101150,20-01-2025,CLI-1089,Fixed Income,430075.95,116.31,116.31,1,0,Settled
TRD-101151,29-08-2025,CLI-1048,Fixed Income,67508.37,33,33,2,0,Settled
TRD-101152,02-03-2025,CLI-1091,Equities,243226.61,104.76,104.76,1,0,Settled
TRD-101153,27-06-2025,CLI-1115,Equities,148994.2,21.33,21.33,0,0,Settled
TRD-101154,04-12-2025,CLI-1055,Equities,374351.48,113.58,113.58,0,0,Settled
TRD-101155,03-03-2025,CLI-1034,Equities,936906.15,367.3,367.3,1,1,Custodian Delay
TRD-101156,25-05-2025,CLI-1145,Fixed Income,296587.39,112.51,112.51,1,0,Settled
TRD-101157,04-08-2025,CLI-1123,Equities,293999.69,118.87,118.87,3,0,Settled
TRD-101158,03-01-2025,CLI-1023,OTC Derivatives,1188789.47,336.41,336.41,1,0,Settled
TRD-101159,09-06-2025,CLI-1029,OTC Derivatives,439229.61,74.83,74.83,1,1,Custodian Delay
TRD-101160,15-08-2025,CLI-1131,Equities,427575.57,122.26,122.26,1,0,Settled
TRD-101161,26-09-2025,CLI-1026,Fixed Income,161844.68,58.13,58.13,0,0,Settled
TRD-101162,30-04-2025,CLI-1108,Fixed Income,477893.21,164.13,164.13,0,0,Settled
TRD-101163,30-03-2025,CLI-1133,FX Options,438905.34,56.27,56.27,0,0,Settled
TRD-101164,25-11-2025,CLI-1006,Equities,262795.9,33.11,33.11,1,0,Settled
TRD-101165,09-03-2025,CLI-1118,Equities,2348632.1,1141.68,1141.68,3,1,Custodian Delay
TRD-101166,23-12-2025,CLI-1084,FX Options,1078073.53,173.27,173.27,1,0,Settled
TRD-101167,08-04-2025,CLI-1001,FX Options,702320.44,152.95,152.95,3,1,System Lag
TRD-101168,24-09-2025,CLI-1142,OTC Derivatives,395387.46,160.94,160.94,0,0,Settled
TRD-101169,15-04-2025,CLI-1034,OTC Derivatives,320003.94,84.44,84.44,1,0,Settled
TRD-101170,19-11-2025,CLI-1016,Equities,112220.64,19.37,25.38,2,1,System Lag
TRD-101171,03-05-2025,CLI-1069,Fixed Income,192452.56,55.21,55.21,1,0,Settled
TRD-101172,29-01-2025,CLI-1142,Equities,753523.42,246.84,246.84,1,0,Settled
TRD-101173,17-05-2025,CLI-1011,Equities,312338.31,87.8,87.8,1,1,Margin Breach
TRD-101174,14-07-2025,CLI-1124,OTC Derivatives,1079678.65,504.83,504.83,0,0,Settled
TRD-101175,14-08-2025,CLI-1137,Equities,90032.23,19.26,19.26,0,0,Settled
TRD-101176,28-11-2025,CLI-1119,Fixed Income,364991.15,133.05,133.05,2,0,Settled
TRD-101177,19-06-2025,CLI-1012,FX Options,530595.01,76.89,76.89,3,0,Settled
TRD-101178,09-01-2025,CLI-1125,Equities,373712.46,96.01,96.01,0,0,Settled
TRD-101179,09-02-2025,CLI-1017,FX Options,1110135.62,440.05,440.05,0,0,Settled
TRD-101180,25-01-2025,CLI-1113,FX Options,2291212.55,435.16,435.16,0,0,Settled
TRD-101181,18-09-2025,CLI-1097,Fixed Income,71555.6,24.04,24.04,1,1,SSI Mismatch
TRD-101182,14-08-2025,CLI-1007,Equities,79605.12,12.85,15.08,1,0,Settled
TRD-101183,04-05-2025,CLI-1055,Equities,79817.34,11.26,11.26,0,0,Settled
TRD-101184,07-02-2025,CLI-1133,Fixed Income,581559.75,179.87,179.87,2,0,Settled
TRD-101185,24-11-2025,CLI-1094,Equities,243146.14,89.97,89.97,3,0,Settled
TRD-101186,08-09-2025,CLI-1029,Equities,670842.91,97.5,97.5,0,1,Custodian Delay
TRD-101187,25-06-2025,CLI-1147,FX Options,269993.29,126.12,126.12,4,1,Margin Breach
TRD-101188,31-03-2025,CLI-1023,Equities,503902.39,95.9,95.9,0,0,Settled
TRD-101189,06-02-2025,CLI-1059,OTC Derivatives,744529.4,110.18,110.18,1,0,Settled
TRD-101190,12-11-2025,CLI-1039,Equities,407275.45,73.75,73.75,3,0,Settled
TRD-101191,25-06-2025,CLI-1015,Fixed Income,397725.11,66.75,66.75,1,0,Settled
TRD-101192,11-10-2025,CLI-1057,FX Options,56186.13,7.66,7.66,1,0,Settled
TRD-101193,22-03-2025,CLI-1067,Equities,274479.3,115.04,115.04,2,0,Settled
TRD-101194,24-04-2025,CLI-1097,Equities,404583.67,120.65,120.65,2,0,Settled
TRD-101195,09-02-2025,CLI-1066,Fixed Income,319930.54,81.71,81.71,1,0,Settled
TRD-101196,28-10-2025,CLI-1124,OTC Derivatives,1165217.92,559.6,559.6,2,0,Settled
TRD-101197,12-08-2025,CLI-1062,Fixed Income,1195060.76,296.86,296.86,1,0,Settled
TRD-101198,14-11-2025,CLI-1037,Equities,872753.84,145.57,145.57,0,0,Settled
TRD-101199,15-12-2025,CLI-1112,Equities,245240.33,51.41,51.41,2,1,SSI Mismatch
TRD-101200,25-04-2025,CLI-1064,FX Options,641683.01,125.5,125.5,1,1,SSI Mismatch
TRD-101201,05-07-2025,CLI-1011,FX Options,261501.86,78.32,78.32,1,0,Settled
TRD-101202,19-11-2025,CLI-1042,Fixed Income,142369.38,30.84,30.84,1,0,Settled
TRD-101203,25-02-2025,CLI-1050,OTC Derivatives,219961.54,67.4,67.4,1,0,Settled
TRD-101204,09-02-2025,CLI-1137,Fixed Income,46804.24,17.21,17.21,1,0,Settled
TRD-101205,20-12-2025,CLI-1035,Fixed Income,211567.05,86.94,86.94,1,0,Settled
TRD-101206,09-02-2025,CLI-1113,Equities,318780.78,122.43,122.43,0,0,Settled
TRD-101207,13-12-2025,CLI-1120,Fixed Income,1565918.43,285.37,285.37,1,0,Settled
TRD-101208,25-08-2025,CLI-1088,Fixed Income,198009.41,28.98,28.98,1,0,Settled
TRD-101209,16-10-2025,CLI-1126,Equities,1173713.25,372.04,372.04,1,0,Settled
TRD-101210,19-09-2025,CLI-1122,Fixed Income,139941.55,25.13,25.13,2,0,Settled
TRD-101211,04-08-2025,CLI-1099,OTC Derivatives,115958.96,15.54,15.54,3,1,Custodian Delay
TRD-101212,27-05-2025,CLI-1117,Fixed Income,375939.28,116.86,116.86,1,0,Settled
TRD-101213,02-12-2025,CLI-1006,Fixed Income,568150.97,131.08,131.08,0,0,Settled
TRD-101214,17-06-2025,CLI-1136,FX Options,32672.48,13.15,13.15,0,0,Settled
TRD-101215,02-04-2025,CLI-1118,Equities,134914.39,30.45,30.45,0,0,Settled
TRD-101216,19-12-2025,CLI-1062,Fixed Income,314112.35,154.38,154.38,0,0,Settled
TRD-101217,28-02-2025,CLI-1041,OTC Derivatives,210988.85,85.11,85.11,0,0,Settled
TRD-101218,28-02-2025,CLI-1010,Fixed Income,633476.83,77.97,77.97,0,0,Settled
TRD-101219,31-10-2025,CLI-1098,Equities,367860.63,111.66,111.66,0,0,Settled
TRD-101220,18-06-2025,CLI-1044,Equities,97390.49,31.66,39.98,1,0,Settled
TRD-101221,26-09-2025,CLI-1010,OTC Derivatives,1134358.11,428.92,428.92,1,0,Settled
TRD-101222,29-12-2025,CLI-1051,Fixed Income,183295.6,54.83,54.83,3,1,Margin Breach
TRD-101223,14-02-2025,CLI-1082,OTC Derivatives,666765.71,195.61,195.61,1,1,SSI Mismatch
TRD-101224,11-12-2025,CLI-1059,Fixed Income,766872.49,189.55,189.55,1,1,System Lag
TRD-101225,30-06-2025,CLI-1047,Fixed Income,1660554.32,346.37,346.37,1,0,Settled
TRD-101226,19-06-2025,CLI-1027,OTC Derivatives,355083.28,169.9,169.9,3,0,Settled
TRD-101227,22-12-2025,CLI-1141,Fixed Income,488342.24,110.87,110.87,1,0,Settled
TRD-101228,10-07-2025,CLI-1000,Equities,213891.12,26.82,34.29,0,0,Settled
TRD-101229,04-06-2025,CLI-1060,Fixed Income,576880.35,96.29,96.29,2,1,SSI Mismatch
TRD-101230,07-07-2025,CLI-1047,OTC Derivatives,321235.78,142.28,142.28,1,0,Settled
TRD-101231,07-01-2025,CLI-1139,Equities,297817.53,99.67,99.67,2,0,Settled
TRD-101232,13-05-2025,CLI-1028,Equities,977125.54,402.1,402.1,3,0,Settled
TRD-101233,23-08-2025,CLI-1032,Equities,35735.52,15.13,15.13,2,1,Margin Breach
TRD-101234,14-02-2025,CLI-1032,FX Options,1078376.15,462.94,462.94,0,0,Settled
TRD-101235,10-11-2025,CLI-1021,Equities,965507.5,309.2,309.2,0,0,Settled
TRD-101236,06-09-2025,CLI-1123,Fixed Income,362980.72,62.01,62.01,1,0,Settled
TRD-101237,31-01-2025,CLI-1069,Fixed Income,346871.19,55.25,55.25,2,1,System Lag
TRD-101238,23-01-2025,CLI-1094,Fixed Income,234557.56,77.31,77.31,1,0,Settled
TRD-101239,09-06-2025,CLI-1079,Fixed Income,2582694.43,636.91,636.91,1,0,Settled
TRD-101240,29-12-2025,CLI-1138,Equities,68924.27,22.28,22.28,1,0,Settled
TRD-101241,07-06-2025,CLI-1091,Fixed Income,456061.61,136.54,136.54,1,0,Settled
TRD-101242,08-02-2025,CLI-1005,OTC Derivatives,582351.55,198.51,198.51,1,0,Settled
TRD-101243,23-03-2025,CLI-1043,OTC Derivatives,1371556.6,154.77,154.77,1,0,Settled
TRD-101244,22-12-2025,CLI-1128,Equities,767526.57,86.83,86.83,0,0,Settled
TRD-101245,15-09-2025,CLI-1036,OTC Derivatives,526197.72,204.5,204.5,4,1,System Lag
TRD-101246,25-07-2025,CLI-1145,Fixed Income,72108.77,12.78,12.78,3,0,Settled
TRD-101247,18-03-2025,CLI-1101,OTC Derivatives,243989.65,88.05,88.05,6,1,Custodian Delay
TRD-101248,12-01-2025,CLI-1092,Fixed Income,84738.43,27,27,2,0,Settled
TRD-101249,22-10-2025,CLI-1129,Fixed Income,1075210.53,529.78,529.78,3,0,Settled
TRD-101250,12-08-2025,CLI-1069,FX Options,702390.07,304.95,304.95,1,0,Settled
TRD-101251,13-01-2025,CLI-1105,OTC Derivatives,718452.64,190.57,190.57,2,0,Settled
TRD-101252,15-02-2025,CLI-1014,Fixed Income,538145.1,186.5,186.5,1,0,Settled
TRD-101253,04-06-2025,CLI-1077,Equities,363667.21,53.43,53.43,1,0,Settled
TRD-101254,23-04-2025,CLI-1138,Equities,91242.44,23.23,23.23,1,0,Settled
TRD-101255,21-08-2025,CLI-1004,Equities,210011.14,82.65,82.65,0,0,Settled
TRD-101256,17-01-2025,CLI-1082,Equities,83621.51,29.19,29.19,2,0,Settled
TRD-101257,26-12-2025,CLI-1109,Equities,655334.19,192.53,192.53,3,0,Settled
TRD-101258,11-08-2025,CLI-1120,OTC Derivatives,97312.89,16.6,16.6,1,0,Settled
TRD-101259,20-12-2025,CLI-1064,Equities,615521.45,259.29,259.29,0,0,Settled
TRD-101260,07-07-2025,CLI-1110,Fixed Income,599242.51,125.4,125.4,3,0,Settled
TRD-101261,10-12-2025,CLI-1040,Equities,317449.48,135.93,135.93,0,0,Settled
TRD-101262,31-12-2025,CLI-1096,Equities,82645.07,28.48,28.48,1,0,Settled
TRD-101263,12-06-2025,CLI-1094,Equities,199022.86,49.58,49.58,3,0,Settled
TRD-101264,22-11-2025,CLI-1102,Equities,202899.71,23.59,23.59,2,0,Settled
TRD-101265,15-03-2025,CLI-1117,OTC Derivatives,612628.7,118.22,118.22,1,0,Settled
TRD-101266,21-08-2025,CLI-1127,OTC Derivatives,70374.16,32.06,32.06,1,0,Settled
TRD-101267,12-08-2025,CLI-1026,Equities,893246.62,381.59,526.19,0,0,Settled
TRD-101268,15-11-2025,CLI-1040,Fixed Income,725661.12,239.43,239.43,3,0,Settled
TRD-101269,01-03-2025,CLI-1059,Fixed Income,113086.02,32.4,32.4,1,0,Settled
TRD-101270,01-12-2025,CLI-1063,OTC Derivatives,644992.88,231.46,231.46,3,1,Margin Breach
TRD-101271,10-08-2025,CLI-1106,OTC Derivatives,562083.62,161.04,161.04,1,0,Settled
TRD-101272,06-02-2025,CLI-1101,Fixed Income,699402.84,250.19,250.19,4,0,Settled
TRD-101273,05-10-2025,CLI-1108,Fixed Income,114699.57,25.57,25.57,0,0,Settled
TRD-101274,15-07-2025,CLI-1042,OTC Derivatives,95744.41,41.69,41.69,4,1,Custodian Delay
TRD-101275,18-12-2025,CLI-1001,Equities,144910.59,55.18,75.88,0,0,Settled
TRD-101276,30-08-2025,CLI-1008,Fixed Income,237751.99,55.16,55.16,0,0,Settled
TRD-101277,20-11-2025,CLI-1047,FX Options,799127.06,345.44,345.44,0,0,Settled
TRD-101278,07-08-2025,CLI-1013,OTC Derivatives,679560.25,200.43,200.43,2,1,System Lag
TRD-101279,11-07-2025,CLI-1118,Fixed Income,1308153.3,222.2,222.2,2,0,Settled
TRD-101280,17-01-2025,CLI-1085,Fixed Income,40209.27,5.27,5.27,1,0,Settled
TRD-101281,12-01-2025,CLI-1026,Equities,15811.79,6.01,6.01,2,0,Settled
TRD-101282,12-07-2025,CLI-1025,Fixed Income,610553.17,272.34,272.34,3,0,Settled
TRD-101283,22-01-2025,CLI-1014,Fixed Income,173757.48,73.5,73.5,0,0,Settled
TRD-101284,30-04-2025,CLI-1094,Fixed Income,213292.04,77.27,77.27,0,0,Settled
TRD-101285,29-07-2025,CLI-1138,OTC Derivatives,405713.11,63.51,63.51,0,0,Settled
TRD-101286,02-11-2025,CLI-1141,OTC Derivatives,64022.68,8.81,8.81,1,1,SSI Mismatch
TRD-101287,27-09-2025,CLI-1003,Equities,524581.94,124.86,124.86,2,0,Settled
TRD-101288,11-07-2025,CLI-1095,Fixed Income,206630.53,91.32,91.32,0,0,Settled
TRD-101289,24-06-2025,CLI-1035,Fixed Income,510808.75,247.59,247.59,1,1,System Lag
TRD-101290,12-10-2025,CLI-1049,Fixed Income,907904.57,178.44,178.44,0,0,Settled
TRD-101291,23-07-2025,CLI-1031,Equities,103834.72,42.04,42.04,1,0,Settled
TRD-101292,13-06-2025,CLI-1122,Fixed Income,1345905.62,443.54,443.54,0,0,Settled
TRD-101293,08-09-2025,CLI-1077,OTC Derivatives,388243.89,43.76,43.76,1,0,Settled
TRD-101294,15-08-2025,CLI-1097,Fixed Income,1291506.09,409.62,409.62,3,0,Settled
TRD-101295,07-01-2025,CLI-1036,FX Options,126426.57,53.4,53.4,2,0,Settled
TRD-101296,29-01-2025,CLI-1022,FX Options,473881.47,99.73,99.73,4,0,Settled
TRD-101297,02-02-2025,CLI-1085,Equities,268662.61,123.3,123.3,1,0,Settled
TRD-101298,14-05-2025,CLI-1117,Equities,754101.96,146.68,146.68,0,0,Settled
TRD-101299,20-03-2025,CLI-1107,FX Options,475586.64,62.11,62.11,3,0,Settled
TRD-101300,27-02-2025,CLI-1000,FX Options,351118.91,57.57,57.57,1,0,Settled
TRD-101301,26-01-2025,CLI-1126,Equities,1230839.72,535.17,535.17,0,0,Settled
TRD-101302,14-08-2025,CLI-1049,Equities,246698.34,65.85,65.85,3,0,Settled
TRD-101303,12-10-2025,CLI-1013,Equities,134217.99,56.21,56.21,2,0,Settled
TRD-101304,04-01-2025,CLI-1057,FX Options,478375.8,149.49,149.49,1,0,Settled
TRD-101305,09-04-2025,CLI-1142,Equities,499120.88,145.85,145.85,1,0,Settled
TRD-101306,08-02-2025,CLI-1058,Fixed Income,299101.53,126.45,126.45,2,0,Settled
TRD-101307,28-09-2025,CLI-1090,OTC Derivatives,343359.79,92.5,92.5,3,0,Settled
TRD-101308,12-10-2025,CLI-1120,Equities,1613886.52,679.14,679.14,0,0,Settled
TRD-101309,06-06-2025,CLI-1129,Fixed Income,669665.06,93.93,93.93,1,0,Settled
TRD-101310,16-03-2025,CLI-1088,Equities,68605.09,24.32,24.32,1,1,Custodian Delay
TRD-101311,15-10-2025,CLI-1071,OTC Derivatives,129211.13,49.23,49.23,1,1,System Lag
TRD-101312,10-05-2025,CLI-1009,Equities,1866107.5,857.74,857.74,0,0,Settled
TRD-101313,24-06-2025,CLI-1121,Fixed Income,658163.86,124.87,124.87,3,0,Settled
TRD-101314,25-03-2025,CLI-1113,Fixed Income,1242817.53,424.66,424.66,4,1,Margin Breach
TRD-101315,22-01-2025,CLI-1079,Equities,191103.3,52.23,52.23,0,0,Settled
TRD-101316,27-01-2025,CLI-1113,Equities,687139.89,173.92,225.31,3,0,Settled
TRD-101317,14-07-2025,CLI-1051,Fixed Income,635886.47,90.73,90.73,3,0,Settled
TRD-101318,03-12-2025,CLI-1064,Equities,184558.92,28.37,28.37,0,0,Settled
TRD-101319,24-08-2025,CLI-1085,OTC Derivatives,410161.7,178.34,178.34,0,0,Settled
TRD-101320,02-04-2025,CLI-1026,OTC Derivatives,503645.19,201.41,201.41,2,0,Settled
TRD-101321,21-01-2025,CLI-1101,Fixed Income,338052.7,85.51,85.51,0,0,Settled
TRD-101322,30-10-2025,CLI-1148,Fixed Income,887748.6,382.97,502.06,1,0,Settled
TRD-101323,23-12-2025,CLI-1074,Fixed Income,904488.8,119.67,119.67,2,0,Settled
TRD-101324,25-03-2025,CLI-1030,OTC Derivatives,960565.84,336.11,336.11,1,0,Settled
TRD-101325,19-09-2025,CLI-1086,Fixed Income,823351.98,368.26,368.26,1,0,Settled
TRD-101326,27-05-2025,CLI-1043,Equities,344796.85,150.17,150.17,2,0,Settled
TRD-101327,14-09-2025,CLI-1102,Equities,250179.17,62.32,62.32,0,0,Settled
TRD-101328,27-02-2025,CLI-1023,Fixed Income,900042.79,358.3,358.3,0,0,Settled
TRD-101329,15-01-2025,CLI-1010,Fixed Income,346869.82,94,94,1,0,Settled
TRD-101330,11-06-2025,CLI-1036,Fixed Income,151427.8,66.03,66.03,2,0,Settled
TRD-101331,12-06-2025,CLI-1139,Equities,363971.58,113.67,113.67,2,0,Settled
TRD-101332,16-11-2025,CLI-1052,OTC Derivatives,86488.08,35.11,35.11,0,0,Settled
TRD-101333,08-10-2025,CLI-1009,Equities,598226.63,78.62,78.62,0,0,Settled
TRD-101334,07-10-2025,CLI-1099,Equities,214677.29,72.13,72.13,1,0,Settled
TRD-101335,12-01-2025,CLI-1142,Fixed Income,160997.88,51.54,51.54,0,0,Settled
TRD-101336,01-10-2025,CLI-1070,Equities,1577597.71,542.68,542.68,1,0,Settled
TRD-101337,28-09-2025,CLI-1031,Fixed Income,760025,287.48,287.48,2,0,Settled
TRD-101338,27-07-2025,CLI-1039,Equities,783394.74,366.04,366.04,3,1,Custodian Delay
TRD-101339,27-01-2025,CLI-1110,Fixed Income,498713.48,206.6,206.6,1,0,Settled
TRD-101340,13-03-2025,CLI-1133,Fixed Income,923712.42,173.52,173.52,0,0,Settled
TRD-101341,01-03-2025,CLI-1043,Equities,721816.38,310.64,310.64,1,0,Settled
TRD-101342,25-05-2025,CLI-1093,Equities,466614.84,69.45,69.45,0,0,Settled
TRD-101343,03-04-2025,CLI-1097,OTC Derivatives,1633694.26,569.96,569.96,0,0,Settled
TRD-101344,05-11-2025,CLI-1069,Fixed Income,116346.02,52.72,52.72,0,0,Settled
TRD-101345,08-01-2025,CLI-1026,Fixed Income,1445694.02,203.05,203.05,2,0,Settled
TRD-101346,20-03-2025,CLI-1123,Equities,266612.72,117.28,154.59,1,0,Settled
TRD-101347,27-01-2025,CLI-1049,Fixed Income,385810.98,161.83,161.83,1,0,Settled
TRD-101348,23-06-2025,CLI-1067,Fixed Income,75475.54,22.76,22.76,5,0,Settled
TRD-101349,19-02-2025,CLI-1142,Fixed Income,398381.19,89.06,89.06,1,0,Settled
TRD-101350,18-07-2025,CLI-1084,OTC Derivatives,482353.79,126.46,126.46,1,0,Settled
TRD-101351,15-12-2025,CLI-1086,Equities,3047758.37,1485.67,1485.67,2,0,Settled
TRD-101352,30-06-2025,CLI-1024,Equities,1858302.83,335.76,335.76,0,1,System Lag
TRD-101353,24-01-2025,CLI-1008,OTC Derivatives,1706574.31,566.31,566.31,6,1,Custodian Delay
TRD-101354,12-11-2025,CLI-1053,FX Options,224153.04,29.88,40.16,1,0,Settled
TRD-101355,15-02-2025,CLI-1031,Equities,2380294.46,445.49,578.11,4,0,Settled
TRD-101356,15-01-2025,CLI-1115,Fixed Income,313923.61,127.24,127.24,1,0,Settled
TRD-101357,02-06-2025,CLI-1062,Equities,964718.63,213.24,213.24,1,0,Settled
TRD-101358,10-08-2025,CLI-1108,Equities,131877.23,65.19,65.19,3,1,Custodian Delay
TRD-101359,25-07-2025,CLI-1068,Equities,362441.06,108.85,108.85,0,0,Settled
TRD-101360,30-09-2025,CLI-1092,Equities,1700875.29,521.52,521.52,0,0,Settled
TRD-101361,24-08-2025,CLI-1020,OTC Derivatives,1479027.97,169.39,169.39,2,0,Settled
TRD-101362,06-12-2025,CLI-1063,Fixed Income,585587.21,282.61,282.61,0,0,Settled
TRD-101363,16-08-2025,CLI-1000,Equities,809284.4,137.33,137.33,1,0,Settled
TRD-101364,09-01-2025,CLI-1069,Equities,107051.36,33.76,33.76,0,0,Settled
TRD-101365,15-06-2025,CLI-1082,OTC Derivatives,649453.34,167.73,167.73,2,0,Settled
TRD-101366,15-11-2025,CLI-1039,Equities,491233.84,130.78,130.78,3,0,Settled
TRD-101367,02-08-2025,CLI-1013,Fixed Income,58008.67,20.73,20.73,0,0,Settled
TRD-101368,27-04-2025,CLI-1005,Equities,70044.79,25.55,25.55,0,0,Settled
TRD-101369,10-12-2025,CLI-1008,Fixed Income,67393.3,10.9,10.9,1,0,Settled
TRD-101370,13-03-2025,CLI-1104,Equities,654324.25,196.19,196.19,3,0,Settled
TRD-101371,05-03-2025,CLI-1107,Equities,86409.65,35.96,35.96,1,0,Settled
TRD-101372,24-07-2025,CLI-1033,Equities,325304.33,90.21,90.21,1,0,Settled
TRD-101373,28-07-2025,CLI-1112,Equities,230791.13,38.39,38.39,0,1,Custodian Delay
TRD-101374,13-03-2025,CLI-1136,Fixed Income,409814.32,92.33,92.33,0,0,Settled
TRD-101375,04-10-2025,CLI-1021,Fixed Income,622898.77,115.21,115.21,0,0,Settled
TRD-101376,01-10-2025,CLI-1126,Equities,587151.1,88.26,88.26,1,1,SSI Mismatch
TRD-101377,16-11-2025,CLI-1076,Equities,372339.48,93.47,93.47,2,0,Settled
TRD-101378,04-12-2025,CLI-1092,Fixed Income,322123.04,101.91,101.91,2,1,Margin Breach
TRD-101379,05-04-2025,CLI-1122,Fixed Income,263595.78,34.03,34.03,2,0,Settled
TRD-101380,15-06-2025,CLI-1028,FX Options,999924.63,341.5,341.5,1,0,Settled
TRD-101381,01-02-2025,CLI-1037,Fixed Income,210874.86,104.85,130.73,1,0,Settled
TRD-101382,11-01-2025,CLI-1004,Fixed Income,160124.23,77.76,77.76,0,0,Settled
TRD-101383,28-10-2025,CLI-1006,Fixed Income,689953.77,297.83,297.83,0,0,Settled
TRD-101384,05-08-2025,CLI-1138,FX Options,232958.79,48.11,48.11,0,0,Settled
TRD-101385,16-10-2025,CLI-1026,OTC Derivatives,948654.1,103.37,103.37,3,1,SSI Mismatch
TRD-101386,12-04-2025,CLI-1062,Equities,208665.68,90.44,90.44,1,0,Settled
TRD-101387,24-09-2025,CLI-1078,Equities,615238.33,75.24,75.24,2,1,Custodian Delay
TRD-101388,02-08-2025,CLI-1092,Equities,33079.04,6.03,7.95,6,1,SSI Mismatch
TRD-101389,28-06-2025,CLI-1011,Fixed Income,253524.34,80.57,80.57,1,0,Settled
TRD-101390,29-03-2025,CLI-1057,OTC Derivatives,220210.83,37.73,37.73,2,0,Settled
TRD-101391,10-02-2025,CLI-1037,Fixed Income,858257.57,372.07,372.07,3,1,System Lag
TRD-101392,17-03-2025,CLI-1032,Equities,1716464.01,705.23,705.23,1,0,Settled
TRD-101393,15-02-2025,CLI-1058,OTC Derivatives,318909.73,128.3,174.43,1,0,Settled
TRD-101394,09-06-2025,CLI-1120,OTC Derivatives,881017.09,375.71,375.71,1,1,SSI Mismatch
TRD-101395,21-03-2025,CLI-1043,Equities,611477.83,114.88,114.88,0,1,Custodian Delay
TRD-101396,06-11-2025,CLI-1047,Fixed Income,1721506.63,674.07,674.07,0,0,Settled
TRD-101397,27-03-2025,CLI-1096,Fixed Income,843291.29,204.17,204.17,0,0,Settled
TRD-101398,02-04-2025,CLI-1142,OTC Derivatives,50322.06,18.46,18.46,0,0,Settled
TRD-101399,28-05-2025,CLI-1108,OTC Derivatives,634627.58,94.44,94.44,2,1,Margin Breach
TRD-101400,10-06-2025,CLI-1094,Fixed Income,393396.55,150.37,150.37,2,0,Settled
TRD-101401,21-07-2025,CLI-1041,Fixed Income,18286.31,8.94,8.94,2,0,Settled
TRD-101402,30-08-2025,CLI-1119,OTC Derivatives,154717.11,18.17,18.17,0,0,Settled
TRD-101403,19-12-2025,CLI-1001,Fixed Income,1283956.74,176.58,176.58,3,0,Settled
TRD-101404,02-01-2025,CLI-1081,Equities,1312259.95,196.12,196.12,2,0,Settled
TRD-101405,13-08-2025,CLI-1040,OTC Derivatives,811853.33,221.01,221.01,2,1,Margin Breach
TRD-101406,16-10-2025,CLI-1049,Equities,2012606.81,435.35,435.35,2,1,Custodian Delay
TRD-101407,21-08-2025,CLI-1089,Equities,831355.76,351.47,351.47,1,0,Settled
TRD-101408,18-03-2025,CLI-1070,OTC Derivatives,15128.3,4.38,4.38,0,0,Settled
TRD-101409,26-04-2025,CLI-1043,OTC Derivatives,179722.36,52.81,52.81,1,0,Settled
TRD-101410,03-06-2025,CLI-1089,Fixed Income,25551.45,9.88,9.88,1,0,Settled
TRD-101411,13-04-2025,CLI-1056,Equities,59417.58,14.54,14.54,1,0,Settled
TRD-101412,13-07-2025,CLI-1039,Equities,133488.17,32.21,32.21,1,0,Settled
TRD-101413,15-06-2025,CLI-1059,Equities,360144.86,145.06,145.06,3,0,Settled
TRD-101414,25-12-2025,CLI-1142,Equities,950400.28,391.58,391.58,1,0,Settled
TRD-101415,31-03-2025,CLI-1074,OTC Derivatives,1000130.36,105.77,105.77,5,0,Settled
TRD-101416,23-06-2025,CLI-1093,Equities,488819.27,77,77,4,1,Custodian Delay
TRD-101417,02-05-2025,CLI-1059,Fixed Income,1326767.87,245.77,245.77,1,0,Settled
TRD-101418,23-05-2025,CLI-1116,Equities,356635.92,85.82,85.82,1,0,Settled
TRD-101419,16-04-2025,CLI-1065,FX Options,1109274.93,240.25,322.21,3,1,Margin Breach
TRD-101420,01-11-2025,CLI-1117,Equities,312627.91,114.86,114.86,1,0,Settled
TRD-101421,26-12-2025,CLI-1046,Equities,172328.66,74.32,74.32,0,0,Settled
TRD-101422,13-11-2025,CLI-1140,Equities,1250933.15,221.21,221.21,0,0,Settled
TRD-101423,03-05-2025,CLI-1095,Fixed Income,255458.46,83.07,83.07,1,1,Custodian Delay
TRD-101424,09-01-2025,CLI-1108,Fixed Income,359989.34,88.96,88.96,0,0,Settled
TRD-101425,19-09-2025,CLI-1102,Fixed Income,209389.23,63.3,63.3,5,0,Settled
TRD-101426,14-03-2025,CLI-1020,Fixed Income,553595.28,192.82,192.82,2,0,Settled
TRD-101427,25-12-2025,CLI-1013,Equities,2662290.97,1217.84,1217.84,3,0,Settled
TRD-101428,11-08-2025,CLI-1078,Fixed Income,22922.33,4.06,4.06,2,0,Settled
TRD-101429,10-02-2025,CLI-1149,Fixed Income,1160533.15,156.44,156.44,2,0,Settled
TRD-101430,23-07-2025,CLI-1105,Equities,11966.89,4.2,4.2,1,0,Settled
TRD-101431,21-09-2025,CLI-1071,Equities,236457.54,60.92,60.92,3,0,Settled
TRD-101432,24-11-2025,CLI-1073,Equities,102326.22,16.9,16.9,1,0,Settled
TRD-101433,27-06-2025,CLI-1143,Equities,718050.67,105.43,105.43,2,0,Settled
TRD-101434,14-12-2025,CLI-1093,Fixed Income,35968.25,11.64,11.64,2,0,Settled
TRD-101435,14-11-2025,CLI-1000,Equities,413141.09,90.97,90.97,1,1,System Lag
TRD-101436,25-03-2025,CLI-1133,Equities,184726.35,92.17,92.17,0,0,Settled
TRD-101437,14-11-2025,CLI-1137,Equities,81744.83,21.45,21.45,1,0,Settled
TRD-101438,21-04-2025,CLI-1090,FX Options,748806.33,138.47,138.47,0,0,Settled
TRD-101439,08-09-2025,CLI-1124,OTC Derivatives,132577.54,46.61,46.61,1,0,Settled
TRD-101440,07-01-2025,CLI-1119,Equities,136592.15,27,27,0,0,Settled
TRD-101441,25-03-2025,CLI-1042,Equities,170844.77,50.85,50.85,0,0,Settled
TRD-101442,27-07-2025,CLI-1002,Equities,451871.55,132.41,132.41,0,0,Settled
TRD-101443,10-11-2025,CLI-1110,Fixed Income,548913.79,154.48,154.48,0,0,Settled
TRD-101444,22-01-2025,CLI-1041,Equities,18879.65,7.9,7.9,0,0,Settled
TRD-101445,03-01-2025,CLI-1142,Fixed Income,148449.96,27.71,27.71,1,0,Settled
TRD-101446,07-05-2025,CLI-1015,Fixed Income,291911.8,134.78,134.78,1,0,Settled
TRD-101447,24-10-2025,CLI-1101,OTC Derivatives,211716.3,88.19,88.19,1,0,Settled
TRD-101448,07-07-2025,CLI-1062,Equities,1087818.68,253.73,253.73,0,0,Settled
TRD-101449,28-12-2025,CLI-1043,OTC Derivatives,784898.02,135.19,186.3,2,0,Settled
TRD-101450,14-01-2025,CLI-1103,OTC Derivatives,501602.99,106.25,106.25,0,0,Settled
TRD-101451,12-01-2025,CLI-1147,Equities,216276.9,50.4,50.4,1,0,Settled
TRD-101452,28-03-2025,CLI-1058,Equities,613108.23,197.89,259.12,1,0,Settled
TRD-101453,12-01-2025,CLI-1117,Equities,937790.76,111.17,111.17,0,0,Settled
TRD-101454,25-01-2025,CLI-1065,Equities,461724.74,215.05,215.05,0,0,Settled
TRD-101455,28-10-2025,CLI-1002,Equities,777307.79,108.41,108.41,2,0,Settled
TRD-101456,31-08-2025,CLI-1060,Fixed Income,701360.3,148.48,148.48,2,1,SSI Mismatch
TRD-101457,02-05-2025,CLI-1083,Fixed Income,434009.26,62.37,62.37,2,0,Settled
TRD-101458,27-05-2025,CLI-1140,FX Options,197116.39,39.95,39.95,1,0,Settled
TRD-101459,24-02-2025,CLI-1017,Equities,694781.87,302.28,302.28,1,0,Settled
TRD-101460,26-08-2025,CLI-1109,FX Options,125837.65,43.55,43.55,0,0,Settled
TRD-101461,22-12-2025,CLI-1048,Equities,765902.37,146.23,146.23,1,0,Settled
TRD-101462,22-06-2025,CLI-1074,OTC Derivatives,826216.88,370.73,370.73,0,1,System Lag
TRD-101463,09-08-2025,CLI-1083,Equities,873393,367.07,367.07,1,0,Settled
TRD-101464,29-04-2025,CLI-1070,Equities,330197.65,132.56,132.56,2,0,Settled
TRD-101465,05-11-2025,CLI-1079,OTC Derivatives,116894.2,51.32,51.32,1,0,Settled
TRD-101466,02-07-2025,CLI-1054,Equities,62526.73,21.75,21.75,1,0,Settled
TRD-101467,15-10-2025,CLI-1027,Fixed Income,690042.91,207.41,207.41,1,0,Settled
TRD-101468,03-11-2025,CLI-1035,Fixed Income,1096926.15,273.76,273.76,0,0,Settled
TRD-101469,27-10-2025,CLI-1134,Fixed Income,536110.15,101.6,101.6,1,0,Settled
TRD-101470,23-03-2025,CLI-1062,Fixed Income,87835.95,28.37,28.37,2,0,Settled
TRD-101471,30-07-2025,CLI-1060,OTC Derivatives,1375888.09,627.13,627.13,0,1,Margin Breach
TRD-101472,30-05-2025,CLI-1033,Equities,2269588.66,766.2,766.2,0,1,System Lag
TRD-101473,06-02-2025,CLI-1030,Fixed Income,294031.97,137.56,137.56,2,0,Settled
TRD-101474,18-12-2025,CLI-1126,OTC Derivatives,461718.46,112.09,112.09,0,0,Settled
TRD-101475,08-11-2025,CLI-1142,Equities,760804.39,287.63,287.63,1,0,Settled
TRD-101476,27-12-2025,CLI-1027,Equities,676641.87,243.23,243.23,1,0,Settled
TRD-101477,28-02-2025,CLI-1142,OTC Derivatives,1727695.57,636.09,636.09,1,0,Settled
TRD-101478,11-05-2025,CLI-1023,Fixed Income,71017.77,25.43,25.43,1,0,Settled
TRD-101479,21-07-2025,CLI-1076,Fixed Income,444613.97,83.88,83.88,0,0,Settled
TRD-101480,31-08-2025,CLI-1041,Equities,598716.43,94.26,94.26,1,0,Settled
TRD-101481,04-02-2025,CLI-1148,Fixed Income,1114085.04,547.52,547.52,0,1,Custodian Delay
TRD-101482,03-04-2025,CLI-1018,Equities,1046171.91,123.57,123.57,0,0,Settled
TRD-101483,26-07-2025,CLI-1111,Fixed Income,1918351.72,550.75,550.75,0,1,Custodian Delay
TRD-101484,19-12-2025,CLI-1002,OTC Derivatives,368800.33,99.59,99.59,0,0,Settled
TRD-101485,28-11-2025,CLI-1020,Equities,898221.29,219.17,219.17,1,0,Settled
TRD-101486,01-11-2025,CLI-1000,Fixed Income,288680.66,119.17,119.17,1,0,Settled
TRD-101487,16-12-2025,CLI-1120,FX Options,284362.3,113.22,113.22,2,1,Custodian Delay
TRD-101488,01-08-2025,CLI-1006,Fixed Income,156078.28,72.12,72.12,0,0,Settled
TRD-101489,08-06-2025,CLI-1042,OTC Derivatives,862526.61,222.7,222.7,0,0,Settled
TRD-101490,24-01-2025,CLI-1099,Fixed Income,2137788.84,696.22,696.22,0,0,Settled
TRD-101491,20-10-2025,CLI-1011,OTC Derivatives,158086.83,72.23,98.17,1,1,SSI Mismatch
TRD-101492,04-01-2025,CLI-1009,Equities,38884.26,19.35,19.35,1,0,Settled
TRD-101493,08-08-2025,CLI-1118,Equities,855167.93,417.08,417.08,0,0,Settled
TRD-101494,30-12-2025,CLI-1024,Equities,494094.81,191.28,191.28,4,1,System Lag
TRD-101495,20-01-2025,CLI-1090,Fixed Income,1615687.02,254.13,254.13,0,0,Settled
TRD-101496,01-06-2025,CLI-1060,OTC Derivatives,155336.08,16.97,16.97,0,1,System Lag
TRD-101497,19-02-2025,CLI-1069,Equities,46838.16,20.14,20.14,0,0,Settled
TRD-101498,26-06-2025,CLI-1083,Fixed Income,349072.4,152.33,152.33,1,0,Settled
TRD-101499,06-04-2025,CLI-1048,OTC Derivatives,54670.33,21.79,21.79,0,0,Settled
TRD-101500,15-04-2025,CLI-1149,Fixed Income,161763.47,34.29,34.29,0,0,Settled
TRD-101501,07-09-2025,CLI-1025,Equities,77324.79,27.52,27.52,1,0,Settled
TRD-101502,27-04-2025,CLI-1031,Fixed Income,136886.55,31,31,1,0,Settled
TRD-101503,20-12-2025,CLI-1086,Equities,66105.66,18.53,18.53,2,0,Settled
TRD-101504,16-08-2025,CLI-1064,Equities,1548536.24,391.74,391.74,0,1,Custodian Delay
TRD-101505,07-03-2025,CLI-1148,FX Options,173254.91,80.64,80.64,1,0,Settled
TRD-101506,01-12-2025,CLI-1077,Equities,303401.4,58.76,58.76,3,0,Settled
TRD-101507,19-09-2025,CLI-1146,Equities,1154399.32,382.16,504.37,0,0,Settled
TRD-101508,22-10-2025,CLI-1136,OTC Derivatives,575549.54,140.66,185.97,2,0,Settled
TRD-101509,31-08-2025,CLI-1040,Equities,491216.4,179.41,179.41,2,1,Custodian Delay
TRD-101510,05-07-2025,CLI-1028,Fixed Income,621345.43,202.45,202.45,1,0,Settled
TRD-101511,03-09-2025,CLI-1046,Equities,892526.42,419.12,419.12,0,0,Settled
TRD-101512,05-05-2025,CLI-1110,Equities,1060513.49,149.16,149.16,0,0,Settled
TRD-101513,25-09-2025,CLI-1114,Equities,524505.34,98.74,98.74,2,1,Custodian Delay
TRD-101514,11-05-2025,CLI-1121,Equities,1113670.52,452.75,452.75,1,0,Settled
TRD-101515,25-08-2025,CLI-1013,Fixed Income,393286.57,97.34,97.34,2,0,Settled
TRD-101516,18-01-2025,CLI-1037,OTC Derivatives,172374.21,28.67,28.67,4,0,Settled
TRD-101517,09-02-2025,CLI-1135,Fixed Income,1070451.49,322.56,322.56,2,0,Settled
TRD-101518,21-01-2025,CLI-1128,FX Options,399867.86,144.3,144.3,1,1,System Lag
TRD-101519,13-08-2025,CLI-1127,Equities,1192962.63,140.69,194.37,0,0,Settled
TRD-101520,21-12-2025,CLI-1013,Fixed Income,30498.41,6.61,6.61,0,0,Settled
TRD-101521,09-10-2025,CLI-1076,Fixed Income,263346.88,111.6,111.6,1,0,Settled
TRD-101522,08-01-2025,CLI-1071,FX Options,1486384.46,457.95,457.95,2,0,Settled
TRD-101523,10-04-2025,CLI-1134,Equities,153607.82,17.53,21.52,1,0,Settled
TRD-101524,28-08-2025,CLI-1130,Fixed Income,1429674.15,304.21,304.21,0,0,Settled
TRD-101525,28-03-2025,CLI-1090,OTC Derivatives,1548497.86,550.73,550.73,2,0,Settled
TRD-101526,25-10-2025,CLI-1018,Equities,1079138.72,193.97,193.97,1,0,Settled
TRD-101527,14-01-2025,CLI-1109,OTC Derivatives,424675.98,183.02,183.02,1,1,System Lag
TRD-101528,30-11-2025,CLI-1020,Equities,530557.85,196.64,196.64,2,0,Settled
TRD-101529,02-01-2025,CLI-1043,OTC Derivatives,1028639.5,296.82,296.82,3,0,Settled
TRD-101530,20-10-2025,CLI-1064,FX Options,757824.94,353.34,353.34,0,0,Settled
TRD-101531,21-11-2025,CLI-1093,Fixed Income,507252.98,130.22,130.22,1,0,Settled
TRD-101532,10-02-2025,CLI-1147,Fixed Income,2025949.96,393.09,393.09,1,0,Settled
TRD-101533,14-11-2025,CLI-1131,Equities,588666.5,214.6,214.6,1,0,Settled
TRD-101534,12-11-2025,CLI-1091,FX Options,1864173.71,613.91,613.91,1,0,Settled
TRD-101535,21-04-2025,CLI-1121,Fixed Income,39550.52,9.26,9.26,0,0,Settled
TRD-101536,14-01-2025,CLI-1062,Equities,84807.37,20.14,20.14,0,0,Settled
TRD-101537,19-08-2025,CLI-1104,Fixed Income,310246.49,80.44,80.44,0,0,Settled
TRD-101538,25-03-2025,CLI-1125,Fixed Income,252968.52,54.76,54.76,1,0,Settled
TRD-101539,10-05-2025,CLI-1070,Equities,773318.37,297.03,297.03,0,0,Settled
TRD-101540,19-08-2025,CLI-1132,Equities,97542.32,35.17,46.54,2,0,Settled
TRD-101541,22-11-2025,CLI-1081,Equities,1876837.56,518.59,698.02,1,0,Settled
TRD-101542,25-05-2025,CLI-1001,Fixed Income,199216.31,51.63,51.63,2,0,Settled
TRD-101543,11-12-2025,CLI-1120,Fixed Income,290116.23,71.37,71.37,1,0,Settled
TRD-101544,28-01-2025,CLI-1046,Fixed Income,170616,36.41,36.41,1,1,SSI Mismatch
TRD-101545,07-03-2025,CLI-1096,OTC Derivatives,442993.26,59.48,59.48,0,0,Settled
TRD-101546,12-06-2025,CLI-1109,OTC Derivatives,40208.82,8.33,8.33,2,1,Custodian Delay
TRD-101547,17-08-2025,CLI-1032,Fixed Income,91069.8,20.81,20.81,0,0,Settled
TRD-101548,18-09-2025,CLI-1007,Equities,694812.44,221.7,221.7,0,0,Settled
TRD-101549,13-06-2025,CLI-1054,Fixed Income,113205.03,46.36,46.36,0,0,Settled
TRD-101550,28-10-2025,CLI-1107,Fixed Income,144276.08,37.26,37.26,0,0,Settled
TRD-101551,30-10-2025,CLI-1104,Fixed Income,797475.34,381.12,381.12,0,0,Settled
TRD-101552,14-10-2025,CLI-1047,Fixed Income,58972.47,25.41,25.41,0,1,SSI Mismatch
TRD-101553,10-01-2025,CLI-1139,Equities,297658.8,147.02,147.02,0,0,Settled
TRD-101554,14-07-2025,CLI-1101,FX Options,21666.75,9.76,9.76,3,0,Settled
TRD-101555,28-04-2025,CLI-1063,Equities,222941.62,77.29,77.29,0,0,Settled
TRD-101556,27-09-2025,CLI-1031,Fixed Income,610291.62,207.13,268.35,1,0,Settled
TRD-101557,21-03-2025,CLI-1065,Equities,57212.09,8.69,8.69,1,0,Settled
TRD-101558,03-04-2025,CLI-1062,FX Options,1106124.31,430.24,430.24,1,0,Settled
TRD-101559,23-09-2025,CLI-1070,Equities,1211197.43,411.91,411.91,2,0,Settled
TRD-101560,28-11-2025,CLI-1122,Equities,65460.4,19.82,19.82,2,0,Settled
TRD-101561,16-12-2025,CLI-1119,Equities,2350617.38,886.92,1113.87,3,0,Settled
TRD-101562,27-12-2025,CLI-1070,Equities,186575.97,51.8,51.8,1,0,Settled
TRD-101563,14-09-2025,CLI-1034,Equities,53924.96,16.69,16.69,2,0,Settled
TRD-101564,13-05-2025,CLI-1078,Fixed Income,12540,3.25,3.25,1,0,Settled
TRD-101565,03-10-2025,CLI-1005,Fixed Income,272566.15,105.47,105.47,1,0,Settled
TRD-101566,21-09-2025,CLI-1011,Equities,506869.43,228.42,228.42,2,0,Settled
TRD-101567,20-06-2025,CLI-1131,Equities,211867.74,92.45,113.6,2,0,Settled
TRD-101568,01-01-2025,CLI-1033,OTC Derivatives,916136.31,379.66,379.66,1,0,Settled
TRD-101569,09-11-2025,CLI-1034,Fixed Income,640459.05,67.58,67.58,1,0,Settled
TRD-101570,05-03-2025,CLI-1103,OTC Derivatives,225515.73,104.81,104.81,1,0,Settled
TRD-101571,11-10-2025,CLI-1096,Fixed Income,672711.9,141.24,141.24,1,0,Settled
TRD-101572,01-05-2025,CLI-1122,Equities,1420786.44,646.73,646.73,0,0,Settled
TRD-101573,17-04-2025,CLI-1006,Equities,58859.34,10.52,10.52,1,0,Settled
TRD-101574,24-06-2025,CLI-1136,Equities,192716.56,53.16,53.16,0,0,Settled
TRD-101575,23-07-2025,CLI-1028,OTC Derivatives,321182.17,128.4,128.4,1,0,Settled
TRD-101576,14-06-2025,CLI-1006,FX Options,354567.75,126.27,126.27,2,0,Settled
TRD-101577,01-11-2025,CLI-1119,Fixed Income,400656.68,106.72,106.72,2,1,SSI Mismatch
TRD-101578,30-04-2025,CLI-1017,Equities,188785.46,70.12,70.12,1,0,Settled
TRD-101579,13-02-2025,CLI-1094,Equities,560196.41,179.03,179.03,1,0,Settled
TRD-101580,08-11-2025,CLI-1019,Equities,527937.78,111.02,111.02,3,0,Settled
TRD-101581,05-06-2025,CLI-1022,Fixed Income,441163.54,158.17,158.17,2,0,Settled
TRD-101582,26-07-2025,CLI-1057,Equities,70384.71,12.79,16.4,1,1,Margin Breach
TRD-101583,18-04-2025,CLI-1046,FX Options,334056.21,126.14,126.14,0,0,Settled
TRD-101584,08-09-2025,CLI-1021,Equities,230204.46,23.31,23.31,0,0,Settled
TRD-101585,30-11-2025,CLI-1078,FX Options,347691.42,111.09,111.09,1,0,Settled
TRD-101586,10-05-2025,CLI-1012,OTC Derivatives,1284667.78,334.56,334.56,2,0,Settled
TRD-101587,20-10-2025,CLI-1010,OTC Derivatives,337474.4,74.66,74.66,0,0,Settled
TRD-101588,20-01-2025,CLI-1026,Fixed Income,17039.72,5.22,5.22,2,0,Settled
TRD-101589,09-10-2025,CLI-1046,Fixed Income,298871.7,107.03,107.03,1,0,Settled
TRD-101590,12-10-2025,CLI-1017,Fixed Income,869202.96,422.54,422.54,1,0,Settled
TRD-101591,01-01-2025,CLI-1091,Fixed Income,767202.35,332.37,332.37,1,0,Settled
TRD-101592,29-04-2025,CLI-1129,Fixed Income,370146.22,143.19,143.19,0,0,Settled
TRD-101593,04-02-2025,CLI-1011,FX Options,153687.07,44.81,44.81,0,0,Settled
TRD-101594,17-07-2025,CLI-1120,OTC Derivatives,322827.14,82.92,82.92,2,0,Settled
TRD-101595,02-09-2025,CLI-1003,OTC Derivatives,424715.14,48,48,2,0,Settled
TRD-101596,28-02-2025,CLI-1040,OTC Derivatives,4489550.71,1093.83,1093.83,2,0,Settled
TRD-101597,21-11-2025,CLI-1109,Equities,526662.46,231.39,231.39,0,0,Settled
TRD-101598,10-06-2025,CLI-1015,Equities,602518.17,152.8,152.8,1,0,Settled
TRD-101599,28-06-2025,CLI-1058,Fixed Income,348099.94,99.08,99.08,0,0,Settled
TRD-101600,25-07-2025,CLI-1077,Fixed Income,228856.94,47.77,47.77,0,1,SSI Mismatch
TRD-101601,12-01-2025,CLI-1027,OTC Derivatives,848197.63,177.83,177.83,3,0,Settled
TRD-101602,03-10-2025,CLI-1106,Fixed Income,351531.42,43.85,43.85,0,0,Settled
TRD-101603,30-06-2025,CLI-1096,Fixed Income,2629093.96,908.41,908.41,1,0,Settled
TRD-101604,30-08-2025,CLI-1087,Fixed Income,315434.02,88.08,88.08,1,0,Settled
TRD-101605,04-08-2025,CLI-1012,Equities,45211.38,15.48,15.48,2,0,Settled
TRD-101606,08-09-2025,CLI-1001,Fixed Income,583761.8,186.08,186.08,2,1,System Lag
TRD-101607,26-10-2025,CLI-1123,OTC Derivatives,33882.11,14.21,14.21,1,0,Settled
TRD-101608,06-05-2025,CLI-1092,Equities,154175.55,61.73,61.73,0,0,Settled
TRD-101609,05-08-2025,CLI-1144,Fixed Income,228275.34,93.27,93.27,0,0,Settled
TRD-101610,02-11-2025,CLI-1145,Fixed Income,682544.7,204.56,204.56,3,0,Settled
TRD-101611,12-10-2025,CLI-1141,Equities,350842.49,84.75,84.75,0,0,Settled
TRD-101612,04-07-2025,CLI-1089,Equities,24532.12,11.61,11.61,3,0,Settled
TRD-101613,08-02-2025,CLI-1005,FX Options,489664.17,59.6,59.6,2,0,Settled
TRD-101614,11-08-2025,CLI-1143,Equities,275035.01,44.29,44.29,2,0,Settled
TRD-101615,03-07-2025,CLI-1084,Equities,1284463.52,344.03,428.25,2,0,Settled
TRD-101616,27-06-2025,CLI-1134,Equities,356136.09,123.07,123.07,0,0,Settled
TRD-101617,21-10-2025,CLI-1070,Fixed Income,627173.3,64.77,64.77,1,0,Settled
TRD-101618,06-12-2025,CLI-1074,Fixed Income,133505.88,51.76,51.76,2,0,Settled
TRD-101619,31-05-2025,CLI-1042,Fixed Income,725590.56,234.72,234.72,1,0,Settled
TRD-101620,06-05-2025,CLI-1095,Equities,648191.67,190.49,190.49,1,0,Settled
TRD-101621,28-10-2025,CLI-1082,OTC Derivatives,1182129.29,318.46,318.46,0,0,Settled
TRD-101622,04-11-2025,CLI-1050,Equities,27203.41,8.37,8.37,5,1,SSI Mismatch
TRD-101623,02-12-2025,CLI-1084,Equities,306651.55,50.51,50.51,0,0,Settled
TRD-101624,22-08-2025,CLI-1002,Fixed Income,578399.2,82.99,82.99,1,0,Settled
TRD-101625,08-01-2025,CLI-1104,Equities,60000.73,12.95,12.95,0,1,SSI Mismatch
TRD-101626,07-12-2025,CLI-1094,OTC Derivatives,274328.55,105.29,105.29,0,0,Settled
TRD-101627,09-05-2025,CLI-1102,FX Options,1434921.55,481.15,481.15,0,0,Settled
TRD-101628,21-09-2025,CLI-1128,Equities,296292.44,86.53,86.53,1,1,Margin Breach
TRD-101629,06-06-2025,CLI-1084,OTC Derivatives,2123530.72,697.81,697.81,2,0,Settled
TRD-101630,18-12-2025,CLI-1013,OTC Derivatives,39259.17,12.71,12.71,2,1,Custodian Delay
TRD-101631,24-12-2025,CLI-1037,FX Options,642622.38,143.19,143.19,0,0,Settled
TRD-101632,05-01-2025,CLI-1035,Equities,444961.55,61.84,61.84,2,1,System Lag
TRD-101633,27-03-2025,CLI-1124,Fixed Income,357113.56,163.81,163.81,2,0,Settled
TRD-101634,24-06-2025,CLI-1093,Equities,1777605.61,604.32,604.32,2,1,Margin Breach
TRD-101635,17-10-2025,CLI-1124,OTC Derivatives,79430.15,30.11,30.11,2,0,Settled
TRD-101636,12-07-2025,CLI-1036,Equities,1141677.15,326.06,326.06,0,0,Settled
TRD-101637,07-11-2025,CLI-1125,Fixed Income,597596.17,240.59,240.59,1,0,Settled
TRD-101638,29-04-2025,CLI-1085,Equities,159874.68,53.37,53.37,0,0,Settled
TRD-101639,06-08-2025,CLI-1045,Equities,1169708.71,142.14,142.14,2,0,Settled
TRD-101640,24-04-2025,CLI-1130,Fixed Income,290441.35,132.45,132.45,3,0,Settled
TRD-101641,25-05-2025,CLI-1051,OTC Derivatives,851615.77,189.24,189.24,2,1,System Lag
TRD-101642,26-01-2025,CLI-1081,Fixed Income,256195.39,39.75,39.75,1,0,Settled
TRD-101643,16-05-2025,CLI-1095,OTC Derivatives,961672.42,130.03,130.03,0,1,SSI Mismatch
TRD-101644,30-10-2025,CLI-1139,Equities,516165.63,200.36,200.36,0,0,Settled
TRD-101645,20-08-2025,CLI-1147,Fixed Income,86020.32,32.82,32.82,2,0,Settled
TRD-101646,17-03-2025,CLI-1028,Fixed Income,534430.1,203.12,203.12,1,0,Settled
TRD-101647,24-11-2025,CLI-1015,Equities,116191.31,54.18,54.18,3,1,Margin Breach
TRD-101648,11-12-2025,CLI-1099,Fixed Income,275448.38,65.99,65.99,1,0,Settled
TRD-101649,29-10-2025,CLI-1055,Fixed Income,103342.88,33.53,33.53,0,0,Settled
TRD-101650,16-10-2025,CLI-1000,Fixed Income,21131.04,7.35,7.35,1,0,Settled
TRD-101651,01-01-2025,CLI-1100,OTC Derivatives,129056.61,63.47,63.47,0,0,Settled
TRD-101652,27-05-2025,CLI-1090,Fixed Income,394336.41,88.7,88.7,1,0,Settled
TRD-101653,14-10-2025,CLI-1081,Equities,338466.42,163.32,163.32,1,0,Settled
TRD-101654,22-05-2025,CLI-1028,Equities,358072.93,57.11,57.11,1,0,Settled
TRD-101655,22-02-2025,CLI-1071,Fixed Income,152301.33,61.77,61.77,3,0,Settled
TRD-101656,31-10-2025,CLI-1087,Equities,587847.26,207.6,207.6,1,0,Settled
TRD-101657,10-03-2025,CLI-1137,Equities,619142.85,264.22,326.22,3,0,Settled
TRD-101658,27-12-2025,CLI-1051,Fixed Income,231558.43,25.81,25.81,1,0,Settled
TRD-101659,31-03-2025,CLI-1066,Fixed Income,1075031.06,141.1,141.1,0,0,Settled
TRD-101660,08-08-2025,CLI-1022,Equities,526444.88,67.32,67.32,1,0,Settled
TRD-101661,11-07-2025,CLI-1041,OTC Derivatives,634204.96,213.84,213.84,0,0,Settled
TRD-101662,04-03-2025,CLI-1023,Fixed Income,172408.16,58.82,58.82,1,0,Settled
TRD-101663,14-03-2025,CLI-1062,Equities,10305.91,4.77,4.77,0,0,Settled
TRD-101664,10-06-2025,CLI-1106,OTC Derivatives,1012633.35,290.67,290.67,2,1,SSI Mismatch
TRD-101665,18-06-2025,CLI-1007,Fixed Income,874179.38,111.21,111.21,0,0,Settled
TRD-101666,30-03-2025,CLI-1135,Fixed Income,75733.56,13.92,13.92,4,1,Margin Breach
TRD-101667,25-06-2025,CLI-1016,Fixed Income,244286.43,25.22,25.22,1,1,SSI Mismatch
TRD-101668,26-09-2025,CLI-1032,Equities,551378.29,226.44,226.44,0,0,Settled
TRD-101669,14-03-2025,CLI-1127,Fixed Income,537935.7,229.29,229.29,1,1,Margin Breach
TRD-101670,02-09-2025,CLI-1009,Equities,994309.19,496.34,496.34,0,0,Settled
TRD-101671,18-03-2025,CLI-1111,FX Options,85567.38,22.66,22.66,2,0,Settled
TRD-101672,08-06-2025,CLI-1138,OTC Derivatives,291006.61,31.35,31.35,4,0,Settled
TRD-101673,20-11-2025,CLI-1050,Fixed Income,61140.64,11.85,11.85,3,0,Settled
TRD-101674,08-04-2025,CLI-1113,Equities,256816.51,86.06,116.11,2,0,Settled
TRD-101675,12-04-2025,CLI-1071,Equities,17611.36,8.54,8.54,0,1,Custodian Delay
TRD-101676,12-05-2025,CLI-1083,Equities,1152731.58,163.03,163.03,1,0,Settled
TRD-101677,12-04-2025,CLI-1033,Fixed Income,384376.46,57.13,57.13,1,0,Settled
TRD-101678,19-01-2025,CLI-1103,Equities,957901.3,364.68,364.68,3,1,SSI Mismatch
TRD-101679,23-03-2025,CLI-1117,Fixed Income,40887.01,15,19.55,1,0,Settled
TRD-101680,06-10-2025,CLI-1138,Equities,139034.52,27.84,32.6,1,0,Settled
TRD-101681,05-12-2025,CLI-1135,FX Options,160133.8,68.1,68.1,1,0,Settled
TRD-101682,31-12-2025,CLI-1000,Equities,254443.6,38.55,38.55,1,0,Settled
TRD-101683,27-11-2025,CLI-1026,FX Options,821936.73,386.55,479.4,0,0,Settled
TRD-101684,09-05-2025,CLI-1114,FX Options,254334.68,45.89,45.89,3,0,Settled
TRD-101685,10-12-2025,CLI-1019,Fixed Income,124488.72,16.5,19.66,2,0,Settled
TRD-101686,06-11-2025,CLI-1116,OTC Derivatives,43599.17,10.28,10.28,3,0,Settled
TRD-101687,30-03-2025,CLI-1046,Fixed Income,51414.66,9,9,2,0,Settled
TRD-101688,01-08-2025,CLI-1021,Fixed Income,723656.53,224.9,224.9,4,0,Settled
TRD-101689,23-05-2025,CLI-1021,Equities,304216.13,114,114,2,1,Margin Breach
TRD-101690,06-03-2025,CLI-1125,Equities,657644.21,194.91,194.91,2,0,Settled
TRD-101691,17-03-2025,CLI-1078,Fixed Income,583303.6,212.46,212.46,2,0,Settled
TRD-101692,18-07-2025,CLI-1076,Fixed Income,82722.45,20.35,20.35,2,0,Settled
TRD-101693,23-05-2025,CLI-1078,Fixed Income,87093.3,9.68,9.68,0,0,Settled
TRD-101694,12-11-2025,CLI-1055,Equities,713947.01,349.57,349.57,1,0,Settled
TRD-101695,03-04-2025,CLI-1021,Equities,648752.79,277.51,277.51,1,0,Settled
TRD-101696,01-11-2025,CLI-1111,Equities,247432.33,32.01,32.01,3,0,Settled
TRD-101697,12-08-2025,CLI-1080,Equities,50291.82,14.07,14.07,2,0,Settled
TRD-101698,18-10-2025,CLI-1127,Equities,16085.9,5.69,5.69,0,0,Settled
TRD-101699,12-04-2025,CLI-1121,Equities,179948.91,31.71,31.71,0,0,Settled
TRD-101700,24-09-2025,CLI-1049,Equities,14632.53,4.85,4.85,0,0,Settled
TRD-101701,21-12-2025,CLI-1073,OTC Derivatives,140729.54,44.11,52.83,1,0,Settled
TRD-101702,20-04-2025,CLI-1116,Equities,281933.38,51.68,51.68,0,0,Settled
TRD-101703,26-11-2025,CLI-1145,Fixed Income,74721.75,11.69,11.69,1,0,Settled
TRD-101704,22-09-2025,CLI-1106,Equities,65062.46,26.26,26.26,0,0,Settled
TRD-101705,03-01-2025,CLI-1090,OTC Derivatives,1143789.68,261.97,261.97,2,0,Settled
TRD-101706,26-03-2025,CLI-1007,Fixed Income,450305,88.99,88.99,1,0,Settled
TRD-101707,09-10-2025,CLI-1120,Equities,1372514.41,542.35,542.35,2,0,Settled
TRD-101708,24-11-2025,CLI-1017,Fixed Income,222191.08,87.64,87.64,3,0,Settled
TRD-101709,31-10-2025,CLI-1109,Equities,575275.89,121.13,121.13,1,0,Settled
TRD-101710,27-04-2025,CLI-1093,Fixed Income,124512.7,55.91,55.91,3,0,Settled
TRD-101711,09-08-2025,CLI-1050,Equities,491612.98,184.5,184.5,0,0,Settled
TRD-101712,03-06-2025,CLI-1128,FX Options,79393,18.92,18.92,1,0,Settled
TRD-101713,02-06-2025,CLI-1101,Fixed Income,11041.4,2.99,2.99,1,0,Settled
TRD-101714,12-01-2025,CLI-1140,Equities,1350692.95,527.69,527.69,0,0,Settled
TRD-101715,13-05-2025,CLI-1088,OTC Derivatives,414721.83,76.57,76.57,1,0,Settled
TRD-101716,31-10-2025,CLI-1063,Equities,1318241.66,379,379,0,0,Settled
TRD-101717,20-10-2025,CLI-1007,OTC Derivatives,213106.34,77.02,77.02,1,1,SSI Mismatch
TRD-101718,27-10-2025,CLI-1146,Fixed Income,208589.32,65.87,65.87,1,0,Settled
TRD-101719,16-08-2025,CLI-1061,OTC Derivatives,265958.94,91.31,91.31,0,0,Settled
TRD-101720,28-09-2025,CLI-1117,Equities,622157.46,198.15,198.15,1,0,Settled
TRD-101721,12-02-2025,CLI-1052,OTC Derivatives,427134.95,76.75,76.75,2,0,Settled
TRD-101722,09-12-2025,CLI-1112,OTC Derivatives,1307505.25,345.29,345.29,1,0,Settled
TRD-101723,22-11-2025,CLI-1104,Equities,22885.06,7.16,7.16,0,0,Settled
TRD-101724,29-10-2025,CLI-1113,Equities,625836.36,257.86,342.54,1,0,Settled
TRD-101725,30-12-2025,CLI-1104,Equities,210483.39,76.1,76.1,1,1,System Lag
TRD-101726,21-01-2025,CLI-1116,FX Options,109367.96,29.6,29.6,3,0,Settled
TRD-101727,17-04-2025,CLI-1002,Equities,367078.8,179.78,179.78,2,1,Margin Breach
TRD-101728,02-12-2025,CLI-1121,Fixed Income,361663.19,51.76,51.76,2,0,Settled
TRD-101729,30-10-2025,CLI-1028,Equities,83676.68,15.29,15.29,0,0,Settled
TRD-101730,27-04-2025,CLI-1079,Equities,122758.22,29.04,29.04,0,0,Settled
TRD-101731,04-05-2025,CLI-1134,Fixed Income,272263.42,52.12,52.12,1,0,Settled
TRD-101732,08-10-2025,CLI-1061,FX Options,272810.11,95.53,95.53,1,0,Settled
TRD-101733,19-10-2025,CLI-1084,Fixed Income,201038.97,23.28,23.28,0,0,Settled
TRD-101734,22-07-2025,CLI-1013,OTC Derivatives,90404.4,15.46,15.46,2,0,Settled
TRD-101735,20-02-2025,CLI-1023,Fixed Income,12191.64,2.65,2.65,3,1,SSI Mismatch
TRD-101736,28-09-2025,CLI-1032,Equities,1767212.08,659.77,659.77,2,0,Settled
TRD-101737,20-11-2025,CLI-1115,Equities,1446750.5,651.54,651.54,1,0,Settled
TRD-101738,04-10-2025,CLI-1085,Fixed Income,340485.59,142.8,142.8,0,1,Margin Breach
TRD-101739,21-05-2025,CLI-1061,FX Options,2664360.98,460.49,460.49,0,0,Settled
TRD-101740,02-10-2025,CLI-1061,OTC Derivatives,569899.06,185.88,185.88,1,1,SSI Mismatch
TRD-101741,17-10-2025,CLI-1113,Equities,45671.5,5.12,5.12,2,0,Settled
TRD-101742,30-11-2025,CLI-1111,Equities,72621.89,16.28,16.28,0,1,SSI Mismatch
TRD-101743,21-02-2025,CLI-1013,Equities,1249129.46,527.62,527.62,1,0,Settled
TRD-101744,27-01-2025,CLI-1095,FX Options,507196.69,143.37,143.37,1,0,Settled
TRD-101745,06-06-2025,CLI-1061,OTC Derivatives,936339.88,149.79,149.79,0,0,Settled
TRD-101746,27-08-2025,CLI-1025,OTC Derivatives,1152714.8,317.48,317.48,0,0,Settled
TRD-101747,05-06-2025,CLI-1004,Equities,307051.09,55.03,55.03,0,0,Settled
TRD-101748,18-10-2025,CLI-1028,Fixed Income,34871.43,8.97,8.97,0,0,Settled
TRD-101749,16-05-2025,CLI-1148,Fixed Income,114300.13,33.73,33.73,0,0,Settled
TRD-101750,24-05-2025,CLI-1079,Equities,44445.7,10.66,10.66,3,0,Settled
TRD-101751,16-04-2025,CLI-1083,Fixed Income,114583.25,54.4,54.4,1,0,Settled
TRD-101752,07-06-2025,CLI-1074,Equities,274268.21,89.14,89.14,0,0,Settled
TRD-101753,26-05-2025,CLI-1055,Equities,72893.19,31.87,31.87,2,0,Settled
TRD-101754,02-01-2025,CLI-1115,OTC Derivatives,101200.73,40.91,40.91,1,1,System Lag
TRD-101755,18-03-2025,CLI-1031,OTC Derivatives,305134.48,111.21,111.21,1,0,Settled
TRD-101756,12-05-2025,CLI-1135,Fixed Income,217887.25,65.1,65.1,1,0,Settled
TRD-101757,31-03-2025,CLI-1129,Fixed Income,325234.69,32.81,32.81,0,0,Settled
TRD-101758,11-12-2025,CLI-1035,Equities,290333.69,100.28,100.28,2,1,Margin Breach
TRD-101759,16-12-2025,CLI-1098,OTC Derivatives,527084.11,127.76,127.76,1,0,Settled
TRD-101760,20-09-2025,CLI-1040,OTC Derivatives,1393816.9,205.04,205.04,0,1,Custodian Delay
TRD-101761,17-12-2025,CLI-1111,OTC Derivatives,67068.54,18.64,18.64,1,0,Settled
TRD-101762,18-04-2025,CLI-1140,OTC Derivatives,62269.4,24.55,24.55,2,0,Settled
TRD-101763,15-03-2025,CLI-1108,Equities,968002.29,469.16,469.16,0,0,Settled
TRD-101764,08-02-2025,CLI-1133,Equities,363011.57,90.62,90.62,1,0,Settled
TRD-101765,08-06-2025,CLI-1147,Fixed Income,737083.27,233.72,233.72,2,0,Settled
TRD-101766,12-03-2025,CLI-1089,Equities,131304.58,57.84,57.84,2,0,Settled
TRD-101767,08-11-2025,CLI-1099,OTC Derivatives,892644.19,208.52,208.52,1,1,SSI Mismatch
TRD-101768,29-08-2025,CLI-1018,Equities,1297502.93,203.58,203.58,1,0,Settled
TRD-101769,25-10-2025,CLI-1085,Equities,514591.07,109.48,109.48,0,0,Settled
TRD-101770,05-02-2025,CLI-1139,Equities,65957.1,30.32,30.32,0,0,Settled
TRD-101771,25-03-2025,CLI-1002,FX Options,1138303.32,186.41,186.41,0,0,Settled
TRD-101772,20-09-2025,CLI-1116,Equities,796282.4,184.49,184.49,2,0,Settled
TRD-101773,06-11-2025,CLI-1132,Fixed Income,704905.82,201.5,268.17,0,0,Settled
TRD-101774,21-06-2025,CLI-1068,Fixed Income,28709.83,12.6,12.6,1,0,Settled
TRD-101775,22-06-2025,CLI-1052,Equities,812131.97,385.83,385.83,2,0,Settled
TRD-101776,28-12-2025,CLI-1006,Fixed Income,84221.59,22.77,22.77,2,0,Settled
TRD-101777,16-02-2025,CLI-1121,OTC Derivatives,135762.62,64.19,64.19,1,0,Settled
TRD-101778,21-05-2025,CLI-1034,Fixed Income,440350.95,72.47,72.47,1,0,Settled
TRD-101779,28-04-2025,CLI-1101,OTC Derivatives,163929.31,26.68,26.68,1,0,Settled
TRD-101780,04-10-2025,CLI-1016,Equities,551391.43,264.5,264.5,1,1,SSI Mismatch
TRD-101781,02-08-2025,CLI-1019,Equities,478336.58,145.35,145.35,5,1,Custodian Delay
TRD-101782,08-08-2025,CLI-1033,FX Options,67228.44,11.72,11.72,0,0,Settled
TRD-101783,26-01-2025,CLI-1125,Equities,543578,160.46,160.46,0,0,Settled
TRD-101784,09-01-2025,CLI-1029,Fixed Income,1298214.41,536.53,536.53,2,0,Settled
TRD-101785,28-09-2025,CLI-1113,OTC Derivatives,97837.79,42.15,42.15,0,0,Settled
TRD-101786,10-01-2025,CLI-1039,Equities,464486.31,206.97,206.97,2,0,Settled
TRD-101787,01-05-2025,CLI-1140,OTC Derivatives,219172.88,71.85,71.85,5,0,Settled
TRD-101788,05-05-2025,CLI-1133,Equities,317733.64,141.96,141.96,2,1,Margin Breach
TRD-101789,19-06-2025,CLI-1055,Equities,179137.05,54.46,54.46,0,0,Settled
TRD-101790,13-03-2025,CLI-1118,Equities,228579.01,78.36,78.36,1,1,Custodian Delay
TRD-101791,01-06-2025,CLI-1114,OTC Derivatives,24669,9.95,12.22,0,0,Settled
TRD-101792,27-07-2025,CLI-1090,Equities,2006392.55,542.08,542.08,1,0,Settled
TRD-101793,18-02-2025,CLI-1124,OTC Derivatives,500147.93,64.74,64.74,0,0,Settled
TRD-101794,03-06-2025,CLI-1017,FX Options,357279.68,85.77,85.77,0,0,Settled
TRD-101795,13-12-2025,CLI-1087,Fixed Income,252023.16,88.1,88.1,1,0,Settled
TRD-101796,20-10-2025,CLI-1102,Fixed Income,397585.03,70.35,70.35,2,1,SSI Mismatch
TRD-101797,09-03-2025,CLI-1025,Fixed Income,249103.39,39.7,39.7,5,1,System Lag
TRD-101798,19-02-2025,CLI-1148,Equities,233071.62,50.63,50.63,0,0,Settled
TRD-101799,01-06-2025,CLI-1027,Fixed Income,321760.69,36.31,36.31,0,0,Settled
TRD-101800,19-01-2025,CLI-1004,Fixed Income,171470.23,68.14,68.14,2,1,Margin Breach
TRD-101801,10-04-2025,CLI-1105,FX Options,109255.9,22.23,22.23,3,1,SSI Mismatch
TRD-101802,01-03-2025,CLI-1081,FX Options,416648.14,62.37,62.37,1,0,Settled
TRD-101803,16-06-2025,CLI-1007,OTC Derivatives,935008.28,354.98,461.33,3,1,SSI Mismatch
TRD-101804,21-07-2025,CLI-1111,OTC Derivatives,92925.87,40.62,40.62,0,0,Settled
TRD-101805,11-12-2025,CLI-1054,Fixed Income,26641.05,2.88,2.88,0,0,Settled
TRD-101806,26-05-2025,CLI-1021,Fixed Income,151720.04,29.35,29.35,0,0,Settled
TRD-101807,13-06-2025,CLI-1086,OTC Derivatives,1959075.91,936.62,936.62,2,0,Settled
TRD-101808,30-08-2025,CLI-1072,Equities,892338.97,226.74,226.74,1,0,Settled
TRD-101809,10-03-2025,CLI-1052,FX Options,463004.45,220.13,220.13,0,0,Settled
TRD-101810,24-06-2025,CLI-1054,Fixed Income,1334293.71,279.78,279.78,2,0,Settled
TRD-101811,18-02-2025,CLI-1122,Fixed Income,304645.1,57.04,57.04,1,0,Settled
TRD-101812,18-04-2025,CLI-1077,OTC Derivatives,2055592.86,381.61,381.61,0,1,SSI Mismatch
TRD-101813,14-08-2025,CLI-1115,FX Options,185703.03,24.9,24.9,1,0,Settled
TRD-101814,10-06-2025,CLI-1083,Equities,147419.61,67.6,67.6,4,0,Settled
TRD-101815,29-04-2025,CLI-1040,OTC Derivatives,518122.11,254.88,254.88,2,1,SSI Mismatch
TRD-101816,29-05-2025,CLI-1072,Fixed Income,247531.38,119.26,119.26,4,1,Margin Breach
TRD-101817,30-05-2025,CLI-1070,Equities,502238.67,221.39,221.39,0,0,Settled
TRD-101818,20-10-2025,CLI-1074,OTC Derivatives,191918.49,84.21,84.21,2,0,Settled
TRD-101819,23-05-2025,CLI-1080,Fixed Income,491060.35,178.96,178.96,0,0,Settled
TRD-101820,09-06-2025,CLI-1103,Fixed Income,171306.74,73.75,73.75,3,0,Settled
TRD-101821,11-01-2025,CLI-1133,Equities,36158.52,6.63,6.63,1,0,Settled
TRD-101822,18-05-2025,CLI-1139,Fixed Income,1225982,312.83,312.83,1,0,Settled
TRD-101823,19-03-2025,CLI-1000,Fixed Income,1083668.37,386.15,386.15,2,0,Settled
TRD-101824,18-03-2025,CLI-1028,Fixed Income,1776761.6,799.38,1044.65,0,0,Settled
TRD-101825,11-09-2025,CLI-1089,Equities,640319.51,233.2,233.2,0,0,Settled
TRD-101826,15-09-2025,CLI-1071,FX Options,583987.16,254.39,254.39,4,0,Settled
TRD-101827,16-11-2025,CLI-1050,Fixed Income,419358.68,121.44,121.44,2,0,Settled
TRD-101828,18-10-2025,CLI-1029,OTC Derivatives,77304.51,29.91,29.91,1,1,SSI Mismatch
TRD-101829,20-09-2025,CLI-1063,Fixed Income,114888.71,56.52,74.65,2,1,Margin Breach
TRD-101830,26-03-2025,CLI-1121,Equities,180871.84,29.19,29.19,0,0,Settled
TRD-101831,26-05-2025,CLI-1131,Fixed Income,1114348.7,524.6,524.6,1,0,Settled
TRD-101832,19-11-2025,CLI-1087,Fixed Income,104956.87,32.43,32.43,1,0,Settled
TRD-101833,11-02-2025,CLI-1094,Fixed Income,1291152.06,461.31,461.31,0,0,Settled
TRD-101834,05-05-2025,CLI-1081,Fixed Income,379894.85,171.39,171.39,0,0,Settled
TRD-101835,16-06-2025,CLI-1058,Fixed Income,638633.41,168.51,168.51,0,0,Settled
TRD-101836,29-08-2025,CLI-1032,Equities,68404.28,18.3,18.3,1,0,Settled
TRD-101837,07-10-2025,CLI-1039,Fixed Income,166693.86,51.82,51.82,0,0,Settled
TRD-101838,07-07-2025,CLI-1072,Equities,1601255.17,172.36,172.36,0,0,Settled
TRD-101839,29-10-2025,CLI-1083,Equities,164725.28,49.2,49.2,0,0,Settled
TRD-101840,19-01-2025,CLI-1039,FX Options,185859.14,40.23,40.23,2,0,Settled
TRD-101841,09-03-2025,CLI-1001,Fixed Income,120072.39,56.58,56.58,1,0,Settled
TRD-101842,06-08-2025,CLI-1106,Fixed Income,79098.94,10.69,10.69,1,0,Settled
TRD-101843,12-04-2025,CLI-1020,Fixed Income,142802.22,40.52,40.52,1,0,Settled
TRD-101844,11-02-2025,CLI-1093,FX Options,524067.91,251.02,251.02,0,0,Settled
TRD-101845,15-10-2025,CLI-1041,Fixed Income,313822.23,144.49,144.49,0,0,Settled
TRD-101846,16-06-2025,CLI-1045,OTC Derivatives,413444.51,157.33,157.33,1,0,Settled
TRD-101847,19-04-2025,CLI-1114,Equities,75262.15,25.27,25.27,2,0,Settled
TRD-101848,05-02-2025,CLI-1114,FX Options,820038.27,174.09,174.09,1,0,Settled
TRD-101849,20-08-2025,CLI-1016,OTC Derivatives,776457.7,191.62,191.62,0,0,Settled
TRD-101850,17-08-2025,CLI-1032,OTC Derivatives,20913.19,2.85,2.85,0,0,Settled
TRD-101851,19-12-2025,CLI-1074,Equities,251860.72,104.38,104.38,1,0,Settled
TRD-101852,13-06-2025,CLI-1041,Equities,45624.82,10.47,10.47,1,0,Settled
TRD-101853,14-03-2025,CLI-1007,Equities,795362.94,291.99,396.82,2,0,Settled
TRD-101854,16-05-2025,CLI-1131,Equities,678313.59,164.86,164.86,0,0,Settled
TRD-101855,19-12-2025,CLI-1105,OTC Derivatives,1171333.16,334.69,334.69,0,0,Settled
TRD-101856,11-03-2025,CLI-1138,Equities,144858.19,46.64,46.64,2,0,Settled
TRD-101857,15-07-2025,CLI-1148,Equities,314675.04,132.4,132.4,3,0,Settled
TRD-101858,26-09-2025,CLI-1131,Equities,111969.5,20.65,20.65,3,0,Settled
TRD-101859,18-02-2025,CLI-1012,Equities,241998.8,62.8,62.8,0,0,Settled
TRD-101860,12-11-2025,CLI-1030,Equities,379326.79,57.67,57.67,2,0,Settled
TRD-101861,10-05-2025,CLI-1131,OTC Derivatives,37402.77,4.87,4.87,1,1,Margin Breach
TRD-101862,05-01-2025,CLI-1015,Fixed Income,637405.75,217.91,217.91,0,0,Settled
TRD-101863,27-01-2025,CLI-1114,Equities,401857.01,70.58,70.58,0,0,Settled
TRD-101864,09-06-2025,CLI-1103,Fixed Income,892926.04,110.65,110.65,0,0,Settled
TRD-101865,29-05-2025,CLI-1048,Fixed Income,168576.38,77.35,77.35,1,1,SSI Mismatch
TRD-101866,21-09-2025,CLI-1041,Equities,1178180.08,369.63,369.63,0,0,Settled
TRD-101867,18-08-2025,CLI-1085,Fixed Income,3330490.01,512.4,512.4,1,1,Margin Breach
TRD-101868,19-07-2025,CLI-1055,OTC Derivatives,1268498.68,153.96,153.96,2,1,SSI Mismatch
TRD-101869,19-02-2025,CLI-1079,OTC Derivatives,762296.84,112.78,112.78,0,0,Settled
TRD-101870,08-03-2025,CLI-1113,OTC Derivatives,846638.48,244.28,244.28,1,0,Settled
TRD-101871,27-10-2025,CLI-1088,Equities,436357.87,160.31,160.31,1,0,Settled
TRD-101872,27-02-2025,CLI-1038,FX Options,115455.5,41.16,41.16,1,0,Settled
TRD-101873,16-09-2025,CLI-1047,OTC Derivatives,575114.46,90.74,90.74,1,0,Settled
TRD-101874,08-12-2025,CLI-1062,FX Options,633706.41,223.95,223.95,1,1,Margin Breach
TRD-101875,22-11-2025,CLI-1022,Equities,2122858.24,556.07,556.07,2,1,Margin Breach
TRD-101876,10-05-2025,CLI-1109,FX Options,399680.87,114.27,114.27,0,0,Settled
TRD-101877,03-08-2025,CLI-1044,OTC Derivatives,168293.93,70.78,70.78,1,0,Settled
TRD-101878,21-06-2025,CLI-1129,OTC Derivatives,585488.64,136.42,136.42,3,0,Settled
TRD-101879,15-09-2025,CLI-1002,Equities,1950645.54,309.76,309.76,1,0,Settled
TRD-101880,12-04-2025,CLI-1020,OTC Derivatives,107529.51,48.32,48.32,1,0,Settled
TRD-101881,28-07-2025,CLI-1007,FX Options,207261.04,38.31,45.43,4,1,Margin Breach
TRD-101882,18-10-2025,CLI-1003,Fixed Income,400313.1,87.11,87.11,3,1,SSI Mismatch
TRD-101883,20-12-2025,CLI-1035,Fixed Income,103294.1,39.52,39.52,2,0,Settled
TRD-101884,13-10-2025,CLI-1055,FX Options,21235.62,7.93,7.93,2,0,Settled
TRD-101885,26-04-2025,CLI-1111,Fixed Income,215477.42,90.53,90.53,1,0,Settled
TRD-101886,21-09-2025,CLI-1072,Fixed Income,1012615.48,175.74,175.74,0,0,Settled
TRD-101887,30-05-2025,CLI-1071,Fixed Income,32220.73,7.76,7.76,1,0,Settled
TRD-101888,27-10-2025,CLI-1077,FX Options,290120.92,43.62,43.62,2,1,Custodian Delay
TRD-101889,05-02-2025,CLI-1052,Equities,728164.27,230.4,230.4,2,0,Settled
TRD-101890,29-11-2025,CLI-1112,Fixed Income,1540750.14,334.39,334.39,0,0,Settled
TRD-101891,14-10-2025,CLI-1137,Fixed Income,2125955.72,798.45,798.45,0,1,System Lag
TRD-101892,30-10-2025,CLI-1119,OTC Derivatives,284064.22,28.45,28.45,1,0,Settled
TRD-101893,07-11-2025,CLI-1145,Fixed Income,1511723.92,187.26,187.26,1,0,Settled
TRD-101894,27-07-2025,CLI-1026,FX Options,28030.72,7.65,7.65,2,0,Settled
TRD-101895,16-04-2025,CLI-1073,FX Options,695047.02,335.9,335.9,0,0,Settled
TRD-101896,07-06-2025,CLI-1039,Equities,524654.18,239.42,239.42,1,0,Settled
TRD-101897,01-05-2025,CLI-1103,Fixed Income,153522.38,76.39,76.39,1,0,Settled
TRD-101898,24-02-2025,CLI-1141,Equities,363946.18,97.08,97.08,2,0,Settled
TRD-101899,12-01-2025,CLI-1134,Equities,79374.63,9.42,9.42,0,0,Settled
TRD-101900,25-05-2025,CLI-1138,Fixed Income,1036291.35,230.45,230.45,1,0,Settled
TRD-101901,16-05-2025,CLI-1127,FX Options,231504.12,85.73,85.73,0,0,Settled
TRD-101902,03-01-2025,CLI-1059,OTC Derivatives,501809.2,77.31,77.31,1,0,Settled
TRD-101903,24-05-2025,CLI-1149,Equities,96448.82,21.22,21.22,0,0,Settled
TRD-101904,30-01-2025,CLI-1069,Equities,125439.73,15.36,15.36,1,1,Custodian Delay
TRD-101905,25-08-2025,CLI-1083,Fixed Income,2421437.45,702.18,702.18,2,1,SSI Mismatch
TRD-101906,06-10-2025,CLI-1042,Fixed Income,709358.39,130.22,130.22,0,0,Settled
TRD-101907,14-12-2025,CLI-1125,Equities,1644714.56,224.5,224.5,2,0,Settled
TRD-101908,25-04-2025,CLI-1137,OTC Derivatives,185382.77,49.03,49.03,2,0,Settled
TRD-101909,14-04-2025,CLI-1049,FX Options,99900.1,24.02,24.02,2,1,SSI Mismatch
TRD-101910,28-04-2025,CLI-1077,Fixed Income,359651.51,113.29,113.29,3,0,Settled
TRD-101911,05-01-2025,CLI-1008,OTC Derivatives,351270.1,140.37,140.37,1,0,Settled
TRD-101912,26-12-2025,CLI-1087,Equities,106153.53,15.4,15.4,2,0,Settled
TRD-101913,05-09-2025,CLI-1091,OTC Derivatives,670664.66,279.3,279.3,0,0,Settled
TRD-101914,30-12-2025,CLI-1028,Fixed Income,234534.18,25.92,25.92,2,0,Settled
TRD-101915,17-11-2025,CLI-1147,Equities,113121.85,31.36,31.36,1,1,Custodian Delay
TRD-101916,01-05-2025,CLI-1050,FX Options,211721.12,70.92,70.92,0,0,Settled
TRD-101917,13-10-2025,CLI-1014,Fixed Income,424665.27,205.03,205.03,1,0,Settled
TRD-101918,29-05-2025,CLI-1052,OTC Derivatives,658173.69,216.91,216.91,2,0,Settled
TRD-101919,25-03-2025,CLI-1058,Equities,338784.71,55.39,55.39,1,1,Custodian Delay
TRD-101920,19-08-2025,CLI-1095,Equities,382846.94,117.54,117.54,2,0,Settled
TRD-101921,15-10-2025,CLI-1120,Equities,84798.99,21.9,21.9,0,0,Settled
TRD-101922,10-06-2025,CLI-1147,Fixed Income,1240737.22,361.98,361.98,2,0,Settled
TRD-101923,29-09-2025,CLI-1020,Fixed Income,1330599.2,237.96,293.83,2,1,Custodian Delay
TRD-101924,07-02-2025,CLI-1027,Equities,585100.06,175.72,213.47,2,0,Settled
TRD-101925,14-08-2025,CLI-1037,Fixed Income,18894.35,3.02,3.02,0,0,Settled
TRD-101926,22-05-2025,CLI-1133,Fixed Income,395094.27,157.1,157.1,2,0,Settled
TRD-101927,19-10-2025,CLI-1068,OTC Derivatives,506071.81,170.83,170.83,2,1,System Lag
TRD-101928,31-05-2025,CLI-1108,Fixed Income,2625724.18,345.05,345.05,1,0,Settled
TRD-101929,24-04-2025,CLI-1110,FX Options,2779170.7,1266.87,1266.87,3,0,Settled
TRD-101930,25-08-2025,CLI-1023,Fixed Income,984597.09,341.21,471.72,4,1,System Lag
TRD-101931,07-03-2025,CLI-1034,Fixed Income,42979.63,9.73,13.1,0,0,Settled
TRD-101932,27-12-2025,CLI-1028,Equities,1541752.85,182.32,182.32,1,0,Settled
TRD-101933,07-12-2025,CLI-1111,Equities,484227.82,170.88,170.88,1,0,Settled
TRD-101934,15-09-2025,CLI-1081,Equities,816940.81,203.73,203.73,0,0,Settled
TRD-101935,06-09-2025,CLI-1149,Fixed Income,271443.07,125.69,125.69,0,0,Settled
TRD-101936,27-11-2025,CLI-1061,Equities,202588.26,23.09,23.09,1,0,Settled
TRD-101937,19-11-2025,CLI-1041,Equities,321105.97,37.13,37.13,2,0,Settled
TRD-101938,29-06-2025,CLI-1142,OTC Derivatives,89424.31,42.9,42.9,1,1,SSI Mismatch
TRD-101939,09-07-2025,CLI-1008,Equities,230856.71,112.18,112.18,2,0,Settled
TRD-101940,03-06-2025,CLI-1019,Equities,984619.09,109.39,109.39,0,0,Settled
TRD-101941,15-07-2025,CLI-1067,Equities,29344.68,11.34,11.34,0,0,Settled
TRD-101942,07-11-2025,CLI-1064,OTC Derivatives,91776.23,17.31,17.31,0,1,System Lag
TRD-101943,19-09-2025,CLI-1145,Equities,76832.08,29.24,29.24,3,1,Custodian Delay
TRD-101944,23-05-2025,CLI-1067,Fixed Income,267982.36,119.92,119.92,5,1,System Lag
TRD-101945,08-12-2025,CLI-1027,Fixed Income,2912393.06,408.7,408.7,0,0,Settled
TRD-101946,12-11-2025,CLI-1013,Fixed Income,105191.74,20.57,20.57,4,1,Margin Breach
TRD-101947,11-04-2025,CLI-1039,Fixed Income,88609.24,9.71,9.71,1,0,Settled
TRD-101948,01-09-2025,CLI-1113,OTC Derivatives,1242879.94,146.08,146.08,0,1,SSI Mismatch
TRD-101949,12-01-2025,CLI-1037,Equities,1078749.43,120.66,120.66,0,0,Settled
TRD-101950,27-08-2025,CLI-1144,Equities,26385.77,11.09,11.09,1,0,Settled
TRD-101951,18-02-2025,CLI-1057,Equities,706570.8,154.96,154.96,1,0,Settled
TRD-101952,11-02-2025,CLI-1102,Equities,542780.82,161.36,161.36,3,0,Settled
TRD-101953,15-06-2025,CLI-1114,Equities,739950.67,307.18,307.18,1,0,Settled
TRD-101954,23-03-2025,CLI-1058,Equities,351106.05,104.62,104.62,1,0,Settled
TRD-101955,18-10-2025,CLI-1097,Fixed Income,2386789.77,648.44,648.44,1,0,Settled
TRD-101956,07-06-2025,CLI-1093,Fixed Income,32418.68,3.39,3.39,0,0,Settled
TRD-101957,04-08-2025,CLI-1113,Equities,143529.16,46.97,46.97,0,0,Settled
TRD-101958,07-06-2025,CLI-1137,OTC Derivatives,262542.72,39.35,39.35,1,1,Margin Breach
TRD-101959,14-05-2025,CLI-1054,Equities,308716.67,125.3,125.3,2,0,Settled
TRD-101960,08-03-2025,CLI-1064,Equities,1281484.47,260.26,260.26,2,0,Settled
TRD-101961,02-12-2025,CLI-1021,Fixed Income,420495.24,155.45,155.45,0,0,Settled
TRD-101962,07-01-2025,CLI-1089,Equities,33080.09,11.86,11.86,2,0,Settled
TRD-101963,14-01-2025,CLI-1119,Equities,272008.6,94.3,94.3,1,0,Settled
TRD-101964,14-03-2025,CLI-1073,Fixed Income,279347.2,57.76,57.76,3,0,Settled
TRD-101965,12-06-2025,CLI-1135,FX Options,1693266.67,350.23,350.23,0,0,Settled
TRD-101966,07-03-2025,CLI-1083,OTC Derivatives,467142.74,207.98,207.98,0,0,Settled
TRD-101967,13-12-2025,CLI-1021,Equities,514821.64,54.12,54.12,1,0,Settled
TRD-101968,10-05-2025,CLI-1047,OTC Derivatives,634577.55,109.53,109.53,2,1,Custodian Delay
TRD-101969,25-07-2025,CLI-1119,OTC Derivatives,744923.46,256.3,256.3,2,1,System Lag
TRD-101970,03-10-2025,CLI-1087,Fixed Income,513998.93,219.38,219.38,2,1,Margin Breach
TRD-101971,13-09-2025,CLI-1149,OTC Derivatives,145376,35.38,35.38,4,0,Settled
TRD-101972,23-09-2025,CLI-1129,Fixed Income,1045918.92,377.97,377.97,1,0,Settled
TRD-101973,25-01-2025,CLI-1067,Equities,668607.71,215.87,215.87,0,0,Settled
TRD-101974,08-10-2025,CLI-1036,Fixed Income,687146.91,86.45,112.99,2,1,System Lag
TRD-101975,10-09-2025,CLI-1148,Fixed Income,2845668.18,992.28,992.28,1,0,Settled
TRD-101976,06-11-2025,CLI-1025,Fixed Income,821075.53,349.42,349.42,2,0,Settled
TRD-101977,16-10-2025,CLI-1142,Fixed Income,893488.76,444.05,444.05,0,0,Settled
TRD-101978,13-06-2025,CLI-1046,FX Options,1522122.62,170.26,170.26,2,0,Settled
TRD-101979,05-04-2025,CLI-1014,FX Options,91926.97,33.46,33.46,1,0,Settled
TRD-101980,27-09-2025,CLI-1085,OTC Derivatives,354306.12,94.18,94.18,1,0,Settled
TRD-101981,17-11-2025,CLI-1128,OTC Derivatives,444425.77,46.18,46.18,0,0,Settled
TRD-101982,20-04-2025,CLI-1137,FX Options,209698.57,72.5,72.5,0,0,Settled
TRD-101983,02-12-2025,CLI-1125,Equities,924429.65,137.71,137.71,2,0,Settled
TRD-101984,06-11-2025,CLI-1147,Equities,728624.64,183.2,183.2,0,0,Settled
TRD-101985,26-08-2025,CLI-1000,Fixed Income,648062.25,132.56,132.56,1,0,Settled
TRD-101986,25-01-2025,CLI-1075,OTC Derivatives,2940119.86,718.76,984.62,0,0,Settled
TRD-101987,21-05-2025,CLI-1125,Fixed Income,160134.73,47.57,47.57,4,0,Settled
TRD-101988,27-04-2025,CLI-1040,OTC Derivatives,674876.21,164.46,164.46,1,0,Settled
TRD-101989,25-01-2025,CLI-1023,Equities,410816.82,131.91,131.91,0,0,Settled
TRD-101990,20-03-2025,CLI-1113,Equities,197702.62,38.64,38.64,0,0,Settled
TRD-101991,09-03-2025,CLI-1001,OTC Derivatives,97526.14,34.54,34.54,2,0,Settled
TRD-101992,22-06-2025,CLI-1147,Equities,1141124.03,503.81,503.81,0,0,Settled
TRD-101993,12-01-2025,CLI-1146,Equities,462496.75,87.7,87.7,3,0,Settled
TRD-101994,15-10-2025,CLI-1024,Equities,881295.65,267.17,267.17,1,1,SSI Mismatch
TRD-101995,08-05-2025,CLI-1102,Equities,404108.18,145.27,195.67,1,0,Settled
TRD-101996,06-04-2025,CLI-1000,OTC Derivatives,134215.99,43.73,43.73,1,0,Settled
TRD-101997,02-04-2025,CLI-1094,Equities,215904.2,53.17,53.17,1,0,Settled
TRD-101998,21-05-2025,CLI-1057,Fixed Income,250260.45,89.31,89.31,1,0,Settled
TRD-101999,31-01-2025,CLI-1067,Equities,1814753.49,201.98,201.98,1,0,Settled
TRD-102000,30-11-2025,CLI-1002,OTC Derivatives,12824.6,3.18,3.18,2,0,Settled
TRD-102001,20-01-2025,CLI-1018,Equities,2132561.27,667.59,667.59,0,0,Settled
TRD-102002,26-05-2025,CLI-1040,Fixed Income,1977687.66,214.08,214.08,1,0,Settled
TRD-102003,12-11-2025,CLI-1019,OTC Derivatives,2789943.74,845.52,1096.05,0,0,Settled
TRD-102004,09-06-2025,CLI-1145,Equities,333693.35,120.7,120.7,1,0,Settled
TRD-102005,15-12-2025,CLI-1041,OTC Derivatives,1669471.99,673.94,914.85,1,0,Settled
TRD-102006,12-02-2025,CLI-1067,Fixed Income,261758.85,38.05,38.05,0,0,Settled
TRD-102007,11-09-2025,CLI-1010,Fixed Income,23323.16,11.57,11.57,1,0,Settled
TRD-102008,10-05-2025,CLI-1041,Equities,137025.13,46.93,57.64,0,0,Settled
TRD-102009,01-03-2025,CLI-1145,FX Options,1462911.46,358.82,358.82,1,0,Settled
TRD-102010,31-05-2025,CLI-1119,OTC Derivatives,16930.15,3.38,3.38,0,0,Settled
TRD-102011,14-10-2025,CLI-1004,Equities,404822.58,133.25,133.25,4,0,Settled
TRD-102012,05-01-2025,CLI-1121,Equities,49306.06,22.32,22.32,0,0,Settled
TRD-102013,23-09-2025,CLI-1082,OTC Derivatives,178713.95,55.08,55.08,2,0,Settled
TRD-102014,11-12-2025,CLI-1147,Fixed Income,56108.55,20.46,20.46,0,1,SSI Mismatch
TRD-102015,10-05-2025,CLI-1106,OTC Derivatives,991375.76,240.98,240.98,1,0,Settled
TRD-102016,24-09-2025,CLI-1074,Fixed Income,457106.51,116.68,116.68,0,0,Settled
TRD-102017,27-06-2025,CLI-1140,OTC Derivatives,1171937.39,251.35,251.35,1,0,Settled
TRD-102018,10-09-2025,CLI-1063,Equities,592942.39,226.66,226.66,0,0,Settled
TRD-102019,25-02-2025,CLI-1125,Equities,1780732.24,433.92,433.92,0,0,Settled
TRD-102020,24-03-2025,CLI-1105,Fixed Income,366550.12,64.62,64.62,2,0,Settled
TRD-102021,09-04-2025,CLI-1129,FX Options,519037.96,128.6,128.6,1,0,Settled
TRD-102022,29-05-2025,CLI-1008,Equities,439375.22,194,194,0,0,Settled
TRD-102023,25-11-2025,CLI-1070,Fixed Income,341076.67,134.83,134.83,1,0,Settled
TRD-102024,05-06-2025,CLI-1119,Fixed Income,945269.43,221.06,221.06,2,0,Settled
TRD-102025,09-07-2025,CLI-1003,Fixed Income,527150.37,243.92,243.92,0,0,Settled
TRD-102026,20-09-2025,CLI-1065,OTC Derivatives,818010.43,106.29,106.29,1,0,Settled
TRD-102027,21-03-2025,CLI-1086,OTC Derivatives,781740.68,93.73,129.43,1,0,Settled
TRD-102028,09-09-2025,CLI-1000,Equities,116006.09,17.52,17.52,1,0,Settled
TRD-102029,07-04-2025,CLI-1112,FX Options,535144.73,78.44,78.44,2,0,Settled
TRD-102030,17-09-2025,CLI-1068,OTC Derivatives,121351.84,16.4,16.4,0,1,Margin Breach
TRD-102031,17-09-2025,CLI-1018,OTC Derivatives,447718.94,163.21,163.21,1,1,System Lag
TRD-102032,13-04-2025,CLI-1030,Fixed Income,575724.82,195.94,195.94,0,0,Settled
TRD-102033,09-02-2025,CLI-1053,OTC Derivatives,2955370.27,1061.1,1341.08,2,1,System Lag
TRD-102034,30-09-2025,CLI-1003,Equities,25509.05,9.57,9.57,1,1,Custodian Delay
TRD-102035,11-04-2025,CLI-1134,Equities,57838.44,23.29,23.29,1,0,Settled
TRD-102036,25-12-2025,CLI-1031,OTC Derivatives,50077.48,9.16,9.16,1,0,Settled
TRD-102037,04-11-2025,CLI-1096,Equities,264049.08,92.13,92.13,0,0,Settled
TRD-102038,09-08-2025,CLI-1005,Equities,871830.91,289.46,289.46,0,0,Settled
TRD-102039,04-11-2025,CLI-1097,OTC Derivatives,939130.22,448.4,448.4,0,0,Settled
TRD-102040,04-05-2025,CLI-1126,OTC Derivatives,677761.83,130.77,130.77,5,0,Settled
TRD-102041,19-08-2025,CLI-1050,Equities,1145922.44,141.51,141.51,0,0,Settled
TRD-102042,27-06-2025,CLI-1014,OTC Derivatives,204938.58,74.06,74.06,1,0,Settled
TRD-102043,04-03-2025,CLI-1027,Fixed Income,56142.43,22.24,22.24,1,0,Settled
TRD-102044,26-04-2025,CLI-1079,Fixed Income,39956.23,8.52,8.52,0,0,Settled
TRD-102045,10-07-2025,CLI-1020,OTC Derivatives,965720.08,317.08,317.08,2,1,Custodian Delay
TRD-102046,03-03-2025,CLI-1085,Fixed Income,665475.27,82.4,82.4,1,0,Settled
TRD-102047,13-09-2025,CLI-1096,Equities,609683.89,295.1,295.1,2,0,Settled
TRD-102048,07-01-2025,CLI-1116,Equities,217512.58,31.32,31.32,1,0,Settled
TRD-102049,04-06-2025,CLI-1098,Fixed Income,248941.45,31.62,31.62,3,1,System Lag
TRD-102050,02-04-2025,CLI-1025,Fixed Income,1596396.19,187.81,187.81,1,1,SSI Mismatch
TRD-102051,14-01-2025,CLI-1146,OTC Derivatives,42965.61,11.64,11.64,0,0,Settled
TRD-102052,17-08-2025,CLI-1147,OTC Derivatives,753016.99,104.57,104.57,0,0,Settled
TRD-102053,27-03-2025,CLI-1093,Fixed Income,195266.2,77.69,77.69,3,0,Settled
TRD-102054,13-05-2025,CLI-1110,OTC Derivatives,29918.85,13.75,16.28,2,0,Settled
TRD-102055,02-07-2025,CLI-1099,Equities,688503.94,140.52,140.52,5,0,Settled
TRD-102056,03-03-2025,CLI-1120,Equities,210919.76,74.14,74.14,2,0,Settled
TRD-102057,07-08-2025,CLI-1147,OTC Derivatives,650332.47,76.05,76.05,2,0,Settled
TRD-102058,03-09-2025,CLI-1125,Equities,624909.28,159.12,159.12,1,0,Settled
TRD-102059,18-08-2025,CLI-1115,Equities,392629.82,85.27,85.27,3,0,Settled
TRD-102060,20-03-2025,CLI-1044,Fixed Income,761129.07,145.72,145.72,3,0,Settled
TRD-102061,29-05-2025,CLI-1095,Fixed Income,444987.91,159.26,159.26,0,0,Settled
TRD-102062,18-05-2025,CLI-1045,OTC Derivatives,178882.33,27.21,27.21,2,0,Settled
TRD-102063,10-11-2025,CLI-1007,Equities,672346.26,298.71,298.71,0,0,Settled
TRD-102064,06-03-2025,CLI-1011,Equities,454751.15,166.41,166.41,1,0,Settled
TRD-102065,13-01-2025,CLI-1088,Equities,16404.48,6.3,6.3,1,0,Settled
TRD-102066,01-08-2025,CLI-1064,Fixed Income,1169581.77,554.54,554.54,0,0,Settled
TRD-102067,30-08-2025,CLI-1063,Equities,404436.7,192.9,192.9,1,0,Settled
TRD-102068,01-08-2025,CLI-1124,Fixed Income,1024858.35,328.63,328.63,1,0,Settled
TRD-102069,30-06-2025,CLI-1045,OTC Derivatives,1081667.32,322.5,322.5,1,1,Margin Breach
TRD-102070,04-12-2025,CLI-1065,FX Options,304363.54,71.27,71.27,0,0,Settled
TRD-102071,22-06-2025,CLI-1035,Equities,364292.87,140.7,140.7,2,0,Settled
TRD-102072,09-06-2025,CLI-1149,Fixed Income,278716.91,87.87,87.87,0,0,Settled
TRD-102073,13-06-2025,CLI-1143,Fixed Income,308406.74,145.92,145.92,1,0,Settled
TRD-102074,07-07-2025,CLI-1124,FX Options,1137598.71,222.34,307.65,1,0,Settled
TRD-102075,10-07-2025,CLI-1111,FX Options,785924.27,176.13,176.13,1,0,Settled
TRD-102076,04-11-2025,CLI-1027,Equities,77638.27,17.58,17.58,1,0,Settled
TRD-102077,13-09-2025,CLI-1116,OTC Derivatives,481199.02,203.26,203.26,1,0,Settled
TRD-102078,02-07-2025,CLI-1119,Equities,2759194.61,385.23,385.23,3,1,System Lag
TRD-102079,27-04-2025,CLI-1038,Equities,462614.45,130.58,130.58,1,0,Settled
TRD-102080,09-10-2025,CLI-1096,Equities,780589.78,211.57,211.57,1,0,Settled
TRD-102081,15-07-2025,CLI-1047,Fixed Income,742801.86,96.01,96.01,2,0,Settled
TRD-102082,03-02-2025,CLI-1040,Fixed Income,225635.77,59.64,59.64,1,0,Settled
TRD-102083,21-02-2025,CLI-1050,Equities,242487.59,74.04,74.04,2,1,System Lag
TRD-102084,22-04-2025,CLI-1048,Fixed Income,653815.67,82.41,82.41,2,1,Custodian Delay
TRD-102085,09-09-2025,CLI-1115,Equities,356557.12,108.37,108.37,1,0,Settled
TRD-102086,23-03-2025,CLI-1057,Fixed Income,432649.09,209.27,209.27,2,0,Settled
TRD-102087,20-08-2025,CLI-1143,Equities,633972.43,311.64,311.64,1,0,Settled
TRD-102088,15-08-2025,CLI-1115,Equities,761582.72,238.13,238.13,0,0,Settled
TRD-102089,21-08-2025,CLI-1118,Fixed Income,168395.2,51.54,51.54,1,0,Settled
TRD-102090,09-08-2025,CLI-1022,Equities,89376.99,19.14,19.14,0,0,Settled
TRD-102091,11-02-2025,CLI-1086,Fixed Income,182510.59,91.04,91.04,1,0,Settled
TRD-102092,21-01-2025,CLI-1085,Equities,364169.32,76.36,76.36,2,0,Settled
TRD-102093,11-02-2025,CLI-1037,Fixed Income,219382.57,61.68,61.68,0,1,Margin Breach
TRD-102094,23-04-2025,CLI-1026,Equities,430084.88,43.51,43.51,0,0,Settled
TRD-102095,15-04-2025,CLI-1117,Fixed Income,37474.05,8.98,8.98,0,0,Settled
TRD-102096,11-07-2025,CLI-1063,OTC Derivatives,366420.33,47.11,47.11,0,1,Custodian Delay
TRD-102097,17-01-2025,CLI-1149,Equities,239421,95.18,95.18,2,0,Settled
TRD-102098,30-04-2025,CLI-1090,Fixed Income,392500.74,127.33,127.33,1,0,Settled
TRD-102099,09-05-2025,CLI-1021,Equities,284552.3,93.58,93.58,1,0,Settled
TRD-102100,10-05-2025,CLI-1076,Fixed Income,177195.3,38.03,38.03,0,0,Settled
TRD-102101,01-03-2025,CLI-1062,Equities,1182265.87,503.6,503.6,2,1,Custodian Delay
TRD-102102,17-02-2025,CLI-1085,Fixed Income,112139.42,11.36,11.36,1,0,Settled
TRD-102103,29-01-2025,CLI-1134,Fixed Income,581855.42,135.83,135.83,2,0,Settled
TRD-102104,07-04-2025,CLI-1149,FX Options,1302770.59,473.95,473.95,1,0,Settled
TRD-102105,10-01-2025,CLI-1036,Fixed Income,396820.78,183.8,183.8,2,0,Settled
TRD-102106,30-08-2025,CLI-1105,Fixed Income,1055386.71,204.58,204.58,2,0,Settled
TRD-102107,10-11-2025,CLI-1137,Fixed Income,76680.83,24.26,32.37,2,0,Settled
TRD-102108,20-08-2025,CLI-1132,FX Options,350400.62,110.45,110.45,2,0,Settled
TRD-102109,04-10-2025,CLI-1060,OTC Derivatives,315346.26,141.8,141.8,0,0,Settled
TRD-102110,11-10-2025,CLI-1139,Equities,14075.97,1.69,1.69,3,0,Settled
TRD-102111,22-07-2025,CLI-1019,OTC Derivatives,302826.08,81.7,81.7,1,0,Settled
TRD-102112,04-09-2025,CLI-1137,Fixed Income,240248.29,41.56,41.56,1,0,Settled
TRD-102113,17-10-2025,CLI-1011,OTC Derivatives,564026.45,61.26,61.26,1,1,System Lag
TRD-102114,21-09-2025,CLI-1105,OTC Derivatives,1402977.05,222.81,222.81,4,0,Settled
TRD-102115,02-08-2025,CLI-1135,Equities,54848.08,26.91,26.91,1,0,Settled
TRD-102116,19-07-2025,CLI-1115,OTC Derivatives,208359.03,38.74,38.74,0,0,Settled
TRD-102117,20-03-2025,CLI-1019,Equities,303551.71,143.89,143.89,0,0,Settled
TRD-102118,09-12-2025,CLI-1046,Equities,313654.84,57.12,57.12,0,0,Settled
TRD-102119,10-12-2025,CLI-1093,Equities,755404.77,356.94,356.94,1,0,Settled
TRD-102120,22-06-2025,CLI-1007,OTC Derivatives,302950.32,109.62,109.62,1,0,Settled
TRD-102121,10-03-2025,CLI-1080,Equities,23768.49,3.45,3.45,2,0,Settled
TRD-102122,28-03-2025,CLI-1131,Equities,629116.68,209.35,209.35,2,0,Settled
TRD-102123,11-04-2025,CLI-1036,OTC Derivatives,1090671.67,248.02,248.02,2,0,Settled
TRD-102124,08-01-2025,CLI-1007,Equities,370675.3,93.88,93.88,0,0,Settled
TRD-102125,29-11-2025,CLI-1100,Equities,445071.7,122.87,122.87,1,0,Settled
TRD-102126,19-07-2025,CLI-1126,Equities,98927.64,26.62,26.62,1,0,Settled
TRD-102127,28-03-2025,CLI-1121,Equities,134644.92,49.23,49.23,2,0,Settled
TRD-102128,12-02-2025,CLI-1092,Fixed Income,144051,58.68,58.68,1,0,Settled
TRD-102129,19-04-2025,CLI-1039,Equities,291710.74,67.58,67.58,2,0,Settled
TRD-102130,01-06-2025,CLI-1061,FX Options,1326554.08,623.14,623.14,3,0,Settled
TRD-102131,17-01-2025,CLI-1052,OTC Derivatives,378847.18,180.1,180.1,0,1,Custodian Delay
TRD-102132,13-05-2025,CLI-1098,Equities,116657.04,13.56,13.56,1,0,Settled
TRD-102133,28-05-2025,CLI-1050,Equities,164682.89,17.45,17.45,2,0,Settled
TRD-102134,04-10-2025,CLI-1066,Fixed Income,252266.36,68.12,68.12,1,0,Settled
TRD-102135,20-08-2025,CLI-1065,Fixed Income,498098.63,167.49,167.49,1,1,Margin Breach
TRD-102136,10-11-2025,CLI-1079,Equities,299938.85,63.34,63.34,1,0,Settled
TRD-102137,16-08-2025,CLI-1125,Equities,259156.16,52.81,52.81,0,0,Settled
TRD-102138,19-05-2025,CLI-1096,OTC Derivatives,425892.77,158.15,158.15,1,0,Settled
TRD-102139,30-07-2025,CLI-1006,Equities,148427.12,50.57,50.57,0,0,Settled
TRD-102140,28-01-2025,CLI-1022,Equities,51095.11,8.53,8.53,0,0,Settled
TRD-102141,20-02-2025,CLI-1121,OTC Derivatives,22358.64,10.15,10.15,1,0,Settled
TRD-102142,18-09-2025,CLI-1094,Fixed Income,154681.18,57.54,57.54,1,0,Settled
TRD-102143,18-09-2025,CLI-1061,Equities,58030.85,14.22,14.22,2,0,Settled
TRD-102144,16-12-2025,CLI-1081,Fixed Income,214993.14,80.29,80.29,0,0,Settled
TRD-102145,18-12-2025,CLI-1135,Equities,751256.27,108.98,108.98,0,0,Settled
TRD-102146,08-01-2025,CLI-1093,OTC Derivatives,639908.98,183.85,183.85,2,0,Settled
TRD-102147,16-11-2025,CLI-1012,Fixed Income,481994.95,80.78,80.78,2,0,Settled
TRD-102148,18-05-2025,CLI-1147,OTC Derivatives,966964.38,112.72,112.72,1,0,Settled
TRD-102149,07-02-2025,CLI-1073,FX Options,175689.95,41.35,41.35,0,0,Settled
TRD-102150,21-04-2025,CLI-1108,FX Options,1091645.34,174.98,174.98,1,0,Settled
TRD-102151,08-08-2025,CLI-1146,FX Options,264779.19,93.57,93.57,3,0,Settled
TRD-102152,03-12-2025,CLI-1129,Fixed Income,266157.8,98.38,98.38,0,0,Settled
TRD-102153,11-08-2025,CLI-1044,Equities,269892.5,43.04,43.04,4,1,Custodian Delay
TRD-102154,16-05-2025,CLI-1090,Fixed Income,61622.69,6.77,6.77,2,0,Settled
TRD-102155,13-09-2025,CLI-1044,Fixed Income,1864347.21,777.66,777.66,1,0,Settled
TRD-102156,26-12-2025,CLI-1061,OTC Derivatives,84544.05,8.52,8.52,0,1,Margin Breach
TRD-102157,25-11-2025,CLI-1011,Equities,218429.18,51.89,51.89,1,0,Settled
TRD-102158,18-02-2025,CLI-1144,FX Options,202317.03,60.26,60.26,0,0,Settled
TRD-102159,19-10-2025,CLI-1055,OTC Derivatives,48807.52,20.86,20.86,2,0,Settled
TRD-102160,20-11-2025,CLI-1103,FX Options,92590.72,40.32,40.32,1,0,Settled
TRD-102161,19-03-2025,CLI-1020,OTC Derivatives,32947.81,12.85,12.85,0,0,Settled
TRD-102162,15-04-2025,CLI-1087,Equities,182941.33,36.38,36.38,2,0,Settled
TRD-102163,18-06-2025,CLI-1054,Equities,1017414.98,394.83,394.83,2,0,Settled
TRD-102164,05-08-2025,CLI-1123,Equities,217335.33,43.17,43.17,1,0,Settled
TRD-102165,29-04-2025,CLI-1079,Equities,76018.73,14.13,14.13,1,0,Settled
TRD-102166,09-07-2025,CLI-1002,Fixed Income,528796.98,168.61,168.61,0,0,Settled
TRD-102167,12-09-2025,CLI-1086,OTC Derivatives,2852124.07,1059.68,1059.68,1,0,Settled
TRD-102168,23-09-2025,CLI-1145,OTC Derivatives,142193.62,17.24,17.24,1,0,Settled
TRD-102169,29-05-2025,CLI-1009,Fixed Income,173954.21,21.57,21.57,0,0,Settled
TRD-102170,13-06-2025,CLI-1031,Equities,1795051.64,742.56,742.56,0,0,Settled
TRD-102171,20-05-2025,CLI-1076,Equities,108479.86,48.14,62.23,3,0,Settled
TRD-102172,13-12-2025,CLI-1031,Equities,367915.33,125.74,125.74,2,1,Custodian Delay
TRD-102173,15-09-2025,CLI-1038,Equities,146989.62,39.91,39.91,6,0,Settled
TRD-102174,26-09-2025,CLI-1076,Fixed Income,1356717.99,594.41,594.41,1,0,Settled
TRD-102175,30-06-2025,CLI-1008,Equities,2005560.56,785.23,785.23,4,0,Settled
TRD-102176,09-06-2025,CLI-1011,Equities,852883.76,283.02,283.02,1,0,Settled
TRD-102177,17-12-2025,CLI-1005,Equities,199010.45,45.36,63.28,0,0,Settled
TRD-102178,15-10-2025,CLI-1057,Fixed Income,268327.52,48.08,48.08,2,1,Margin Breach
TRD-102179,15-10-2025,CLI-1105,Fixed Income,148737.63,39.78,39.78,0,0,Settled
TRD-102180,14-08-2025,CLI-1135,Fixed Income,1117094.69,239.87,239.87,1,0,Settled
TRD-102181,11-01-2025,CLI-1131,Fixed Income,1239960.37,292.26,292.26,1,0,Settled
TRD-102182,10-01-2025,CLI-1020,FX Options,281390.97,86.18,86.18,1,1,Margin Breach
TRD-102183,28-09-2025,CLI-1007,Equities,544332.22,91.25,122.84,1,0,Settled
TRD-102184,30-09-2025,CLI-1055,Fixed Income,100493.13,42.46,42.46,1,0,Settled
TRD-102185,02-07-2025,CLI-1034,OTC Derivatives,295408.05,46.74,46.74,2,1,Margin Breach
TRD-102186,02-06-2025,CLI-1148,Fixed Income,509156.07,148.88,207.63,0,0,Settled
TRD-102187,11-11-2025,CLI-1025,FX Options,253394.35,100.95,100.95,1,0,Settled
TRD-102188,30-11-2025,CLI-1049,Equities,231271.69,68,68,0,0,Settled
TRD-102189,04-05-2025,CLI-1127,Fixed Income,10499.75,2.57,3.5,2,0,Settled
TRD-102190,24-04-2025,CLI-1005,Equities,825569.5,239.38,239.38,0,0,Settled
TRD-102191,05-10-2025,CLI-1132,Fixed Income,1110635.63,488.09,488.09,1,0,Settled
TRD-102192,01-08-2025,CLI-1055,Equities,1754416.78,870.49,870.49,0,0,Settled
TRD-102193,21-06-2025,CLI-1118,Equities,645183.43,227.4,227.4,1,0,Settled
TRD-102194,15-10-2025,CLI-1020,Fixed Income,407913.77,170.25,170.25,1,0,Settled
TRD-102195,23-06-2025,CLI-1052,Fixed Income,166865.56,17.65,17.65,3,0,Settled
TRD-102196,23-04-2025,CLI-1032,Equities,3641840.94,1646.64,1646.64,2,0,Settled
TRD-102197,02-05-2025,CLI-1103,Fixed Income,455497.75,219.38,219.38,1,0,Settled
TRD-102198,01-02-2025,CLI-1129,Fixed Income,581523.64,191.94,191.94,1,1,System Lag
TRD-102199,10-08-2025,CLI-1054,Equities,583490.98,234.28,234.28,2,0,Settled
TRD-102200,29-04-2025,CLI-1067,Fixed Income,942977.99,287.7,287.7,0,0,Settled
TRD-102201,08-02-2025,CLI-1049,OTC Derivatives,14859.81,3.19,3.19,3,1,System Lag
TRD-102202,25-09-2025,CLI-1042,Fixed Income,134389,59.25,59.25,0,0,Settled
TRD-102203,21-08-2025,CLI-1147,Equities,557610.02,188.88,188.88,2,0,Settled
TRD-102204,18-01-2025,CLI-1149,Equities,1137591.93,377.4,377.4,2,0,Settled
TRD-102205,29-05-2025,CLI-1110,Fixed Income,588129.36,213.87,213.87,0,0,Settled
TRD-102206,29-05-2025,CLI-1044,FX Options,276783.88,122.45,122.45,2,0,Settled
TRD-102207,06-05-2025,CLI-1004,Fixed Income,234360.26,92.05,92.05,2,1,SSI Mismatch
TRD-102208,29-10-2025,CLI-1003,Equities,679606.18,125.35,125.35,1,0,Settled
TRD-102209,26-12-2025,CLI-1142,Fixed Income,685922.69,196.67,196.67,0,0,Settled
TRD-102210,26-08-2025,CLI-1087,OTC Derivatives,477046.62,234.76,312.14,0,0,Settled
TRD-102211,15-05-2025,CLI-1096,Equities,182279.34,58.66,58.66,1,0,Settled
TRD-102212,31-05-2025,CLI-1098,FX Options,1306166.77,620.82,620.82,2,0,Settled
TRD-102213,24-08-2025,CLI-1095,FX Options,411347.05,174.97,174.97,3,0,Settled
TRD-102214,12-08-2025,CLI-1076,Equities,791497.53,290.01,290.01,0,0,Settled
TRD-102215,22-07-2025,CLI-1080,FX Options,130595.38,31.31,31.31,1,0,Settled
TRD-102216,13-09-2025,CLI-1068,Equities,220828.33,48.96,48.96,0,0,Settled
TRD-102217,27-03-2025,CLI-1071,OTC Derivatives,1048041.66,374.54,374.54,1,0,Settled
TRD-102218,30-05-2025,CLI-1046,Fixed Income,35702.98,9.75,9.75,4,1,Margin Breach
TRD-102219,23-08-2025,CLI-1089,Fixed Income,369043.11,154.81,154.81,2,0,Settled
TRD-102220,11-12-2025,CLI-1011,Fixed Income,338605.81,136.86,136.86,4,0,Settled
TRD-102221,22-01-2025,CLI-1038,OTC Derivatives,705613.63,158.66,158.66,0,0,Settled
TRD-102222,14-12-2025,CLI-1122,Equities,175568.88,66.91,79.19,0,0,Settled
TRD-102223,12-10-2025,CLI-1049,Fixed Income,133632.85,39.8,53.87,0,0,Settled
TRD-102224,26-09-2025,CLI-1113,Equities,1312743.46,301.03,301.03,0,0,Settled
TRD-102225,15-09-2025,CLI-1034,Equities,433976.97,115.08,115.08,2,0,Settled
TRD-102226,29-01-2025,CLI-1060,Equities,65292.38,29.91,36.17,1,1,SSI Mismatch
TRD-102227,01-08-2025,CLI-1132,Fixed Income,117238.21,28.58,28.58,3,0,Settled
TRD-102228,10-10-2025,CLI-1076,Equities,3383694.63,727.36,727.36,2,0,Settled
TRD-102229,19-02-2025,CLI-1037,Equities,118834.9,28.61,28.61,1,0,Settled
TRD-102230,05-04-2025,CLI-1012,Equities,481414.27,89.47,89.47,0,0,Settled
TRD-102231,29-03-2025,CLI-1142,Equities,282474.01,89.79,89.79,0,0,Settled
TRD-102232,13-02-2025,CLI-1082,Fixed Income,1094023.14,173.92,173.92,2,1,Custodian Delay
TRD-102233,05-10-2025,CLI-1101,FX Options,713592.72,304.69,304.69,0,0,Settled
TRD-102234,20-06-2025,CLI-1037,Equities,464349.06,88.33,88.33,2,0,Settled
TRD-102235,08-07-2025,CLI-1095,FX Options,15398.53,5.22,5.22,0,0,Settled
TRD-102236,19-12-2025,CLI-1098,OTC Derivatives,1069279.19,160.4,160.4,1,0,Settled
TRD-102237,03-07-2025,CLI-1083,Fixed Income,304094.1,149.43,149.43,1,0,Settled
TRD-102238,03-01-2025,CLI-1112,Fixed Income,1351027.9,380.76,380.76,2,0,Settled
TRD-102239,10-07-2025,CLI-1076,OTC Derivatives,352132.39,151.02,151.02,2,0,Settled
TRD-102240,28-04-2025,CLI-1089,Equities,602452.04,245.47,245.47,0,0,Settled
TRD-102241,19-01-2025,CLI-1047,Fixed Income,45905.19,17.7,17.7,2,0,Settled
TRD-102242,23-01-2025,CLI-1080,Fixed Income,693543.32,298.88,298.88,1,0,Settled
TRD-102243,30-01-2025,CLI-1093,Fixed Income,216241.86,30.31,30.31,0,0,Settled
TRD-102244,22-10-2025,CLI-1003,OTC Derivatives,226437.95,84.1,84.1,3,0,Settled
TRD-102245,18-04-2025,CLI-1135,Equities,73153.54,15.09,15.09,2,0,Settled
TRD-102246,08-10-2025,CLI-1072,Fixed Income,89414.14,37.05,37.05,4,0,Settled
TRD-102247,08-05-2025,CLI-1085,Fixed Income,112749.48,54.43,54.43,0,0,Settled
TRD-102248,17-08-2025,CLI-1107,Equities,208901.89,96.22,96.22,3,0,Settled
TRD-102249,21-04-2025,CLI-1139,Equities,1122672.75,163.89,163.89,0,0,Settled
TRD-102250,16-05-2025,CLI-1018,Fixed Income,239638.87,59.39,59.39,3,0,Settled
TRD-102251,28-12-2025,CLI-1096,OTC Derivatives,654334.72,160.79,160.79,2,0,Settled
TRD-102252,05-07-2025,CLI-1131,Fixed Income,53186.25,7.92,7.92,2,1,Margin Breach
TRD-102253,24-05-2025,CLI-1129,OTC Derivatives,457140.86,63.66,63.66,2,0,Settled
TRD-102254,13-03-2025,CLI-1123,Fixed Income,338785.04,86.04,86.04,0,0,Settled
TRD-102255,09-05-2025,CLI-1126,Equities,1917401.57,952.62,1265.08,2,0,Settled
TRD-102256,30-12-2025,CLI-1126,Equities,946076.37,309.91,309.91,0,0,Settled
TRD-102257,18-09-2025,CLI-1002,Equities,313328.59,109.26,109.26,2,0,Settled
TRD-102258,03-01-2025,CLI-1136,Equities,756144.79,218.08,218.08,3,0,Settled
TRD-102259,14-04-2025,CLI-1115,Equities,117239.81,42.78,49.81,0,0,Settled
TRD-102260,12-08-2025,CLI-1020,OTC Derivatives,423152.27,204.24,246.44,2,1,SSI Mismatch
TRD-102261,16-11-2025,CLI-1095,OTC Derivatives,48774.9,16.36,16.36,2,0,Settled
TRD-102262,28-12-2025,CLI-1123,Equities,223923.64,28.22,28.22,2,0,Settled
TRD-102263,20-12-2025,CLI-1085,Equities,138002.68,41.01,41.01,2,1,SSI Mismatch
TRD-102264,10-01-2025,CLI-1106,Equities,644539.86,320.4,320.4,1,0,Settled
TRD-102265,29-10-2025,CLI-1072,Fixed Income,346761.2,88.41,88.41,2,0,Settled
TRD-102266,19-08-2025,CLI-1043,Equities,705292.74,238.07,238.07,2,0,Settled
TRD-102267,07-08-2025,CLI-1073,Equities,372107.86,53.08,53.08,2,0,Settled
TRD-102268,07-03-2025,CLI-1136,FX Options,55227.44,8.64,8.64,1,0,Settled
TRD-102269,22-04-2025,CLI-1139,OTC Derivatives,674706.89,303.53,303.53,1,0,Settled
TRD-102270,13-01-2025,CLI-1041,Equities,905567.62,199.35,199.35,1,0,Settled
TRD-102271,27-03-2025,CLI-1115,Fixed Income,1179267.95,262.01,262.01,1,1,SSI Mismatch
TRD-102272,22-08-2025,CLI-1029,Equities,434306.63,110.7,110.7,1,0,Settled
TRD-102273,31-03-2025,CLI-1108,OTC Derivatives,710369.81,345.66,345.66,0,0,Settled
TRD-102274,10-11-2025,CLI-1057,Fixed Income,707252.66,94.6,94.6,0,0,Settled
TRD-102275,23-02-2025,CLI-1076,Equities,94653.17,40.46,40.46,0,0,Settled
TRD-102276,12-01-2025,CLI-1114,OTC Derivatives,99695.34,23.59,23.59,3,1,System Lag
TRD-102277,28-07-2025,CLI-1108,Equities,46761.65,20.57,20.57,1,0,Settled
TRD-102278,14-01-2025,CLI-1055,Equities,202767.74,100.72,100.72,1,0,Settled
TRD-102279,01-05-2025,CLI-1026,Equities,330760.13,79.21,79.21,1,0,Settled
TRD-102280,20-01-2025,CLI-1140,Fixed Income,3092397.98,469.25,469.25,1,0,Settled
TRD-102281,16-03-2025,CLI-1094,Equities,291931.57,46.05,46.05,4,1,Margin Breach
TRD-102282,31-08-2025,CLI-1144,Equities,657756.46,265.4,265.4,0,0,Settled
TRD-102283,11-08-2025,CLI-1105,Equities,601100.81,94.96,94.96,2,0,Settled
TRD-102284,11-03-2025,CLI-1061,Equities,124380.87,25.39,25.39,0,0,Settled
TRD-102285,08-11-2025,CLI-1015,OTC Derivatives,40144.26,7.3,7.3,0,0,Settled
TRD-102286,30-07-2025,CLI-1006,Equities,404836.48,98.08,136.5,1,0,Settled
TRD-102287,11-04-2025,CLI-1048,Equities,612495.98,79.47,79.47,1,0,Settled
TRD-102288,05-07-2025,CLI-1086,Fixed Income,3184581.49,1409.8,1409.8,1,0,Settled
TRD-102289,12-05-2025,CLI-1137,OTC Derivatives,232059.61,103.05,103.05,3,1,SSI Mismatch
TRD-102290,21-04-2025,CLI-1040,OTC Derivatives,1143437.97,303.21,396.9,3,0,Settled
TRD-102291,12-05-2025,CLI-1003,Fixed Income,250578.77,86.41,86.41,0,0,Settled
TRD-102292,20-01-2025,CLI-1036,Equities,594643.53,212.16,212.16,1,0,Settled
TRD-102293,24-01-2025,CLI-1146,OTC Derivatives,465966.28,186.25,256.62,2,1,System Lag
TRD-102294,15-08-2025,CLI-1120,Fixed Income,37216.9,11.47,11.47,1,0,Settled
TRD-102295,03-06-2025,CLI-1042,Equities,50815.72,15.45,15.45,0,0,Settled
TRD-102296,20-10-2025,CLI-1037,FX Options,20491.35,7.22,7.22,1,0,Settled
TRD-102297,18-08-2025,CLI-1123,Equities,241680.14,92.13,92.13,1,0,Settled
TRD-102298,06-11-2025,CLI-1086,FX Options,694819.02,165.84,165.84,1,1,System Lag
TRD-102299,25-12-2025,CLI-1023,OTC Derivatives,104827.43,24.34,24.34,1,1,Custodian Delay
TRD-102300,21-07-2025,CLI-1085,Fixed Income,475515.63,98.85,98.85,0,0,Settled
TRD-102301,07-02-2025,CLI-1101,FX Options,180420.33,57.65,57.65,1,0,Settled
TRD-102302,17-09-2025,CLI-1048,OTC Derivatives,807256.48,197.02,197.02,1,0,Settled
TRD-102303,07-07-2025,CLI-1119,Equities,810725.32,256.29,256.29,1,1,System Lag
TRD-102304,26-02-2025,CLI-1095,Fixed Income,756749.43,198.57,198.57,0,0,Settled
TRD-102305,20-01-2025,CLI-1105,Equities,382045.02,166.07,166.07,3,0,Settled
TRD-102306,30-09-2025,CLI-1102,Equities,177433.46,22.93,22.93,2,0,Settled
TRD-102307,29-04-2025,CLI-1102,OTC Derivatives,838904.7,275.9,275.9,0,0,Settled
TRD-102308,12-03-2025,CLI-1140,Equities,112959.23,37.3,37.3,0,0,Settled
TRD-102309,04-01-2025,CLI-1099,Equities,181075.89,45.9,45.9,0,0,Settled
TRD-102310,09-08-2025,CLI-1020,Fixed Income,111638.42,29.96,29.96,2,1,SSI Mismatch
TRD-102311,14-01-2025,CLI-1119,OTC Derivatives,570751.38,239.75,239.75,0,0,Settled
TRD-102312,03-01-2025,CLI-1121,Equities,589557.13,125.14,125.14,2,0,Settled
TRD-102313,04-08-2025,CLI-1136,Equities,538509.69,241.55,241.55,1,0,Settled
TRD-102314,17-08-2025,CLI-1088,Equities,278586.05,127.74,127.74,1,1,System Lag
TRD-102315,02-12-2025,CLI-1079,Fixed Income,62775.27,22.61,22.61,1,0,Settled
TRD-102316,05-07-2025,CLI-1073,Equities,1220513.09,499.36,499.36,2,0,Settled
TRD-102317,24-02-2025,CLI-1094,Fixed Income,364364.95,125.77,125.77,0,1,Margin Breach
TRD-102318,11-09-2025,CLI-1072,Equities,271257,84.12,84.12,1,0,Settled
TRD-102319,24-01-2025,CLI-1027,Equities,454368.05,221.13,221.13,2,0,Settled
TRD-102320,11-06-2025,CLI-1115,FX Options,117085.98,24.95,24.95,0,0,Settled
TRD-102321,07-06-2025,CLI-1108,Equities,81098,13.11,13.11,1,1,System Lag
TRD-102322,23-03-2025,CLI-1077,Fixed Income,270038.49,58.06,58.06,2,1,Custodian Delay
TRD-102323,08-06-2025,CLI-1004,Equities,138880.89,48.03,48.03,3,0,Settled
TRD-102324,07-07-2025,CLI-1037,Fixed Income,150048.98,26.12,26.12,0,0,Settled
TRD-102325,01-03-2025,CLI-1027,Fixed Income,1125185.65,521.55,521.55,0,0,Settled
TRD-102326,01-11-2025,CLI-1047,Equities,388319.58,102.68,102.68,0,0,Settled
TRD-102327,15-11-2025,CLI-1094,Equities,340310.05,149.73,149.73,1,1,Margin Breach
TRD-102328,30-07-2025,CLI-1006,Equities,594752.83,118.77,118.77,0,1,Margin Breach
TRD-102329,01-06-2025,CLI-1090,Fixed Income,1523592,343.22,343.22,0,0,Settled
TRD-102330,19-04-2025,CLI-1135,OTC Derivatives,69503.58,8.6,8.6,0,0,Settled
TRD-102331,17-03-2025,CLI-1141,Fixed Income,906483.8,184.11,184.11,0,0,Settled
TRD-102332,30-01-2025,CLI-1007,Fixed Income,448558.06,132.83,132.83,1,1,System Lag
TRD-102333,10-11-2025,CLI-1117,Equities,89008.86,42.59,42.59,1,0,Settled
TRD-102334,27-04-2025,CLI-1002,Equities,186305.41,47.61,47.61,1,0,Settled
TRD-102335,22-12-2025,CLI-1003,Equities,339239,120.73,120.73,1,0,Settled
TRD-102336,11-07-2025,CLI-1147,Equities,597493.72,161.97,161.97,1,0,Settled
TRD-102337,19-01-2025,CLI-1131,Equities,148936.51,17.68,17.68,1,1,System Lag
TRD-102338,22-06-2025,CLI-1020,Fixed Income,392728.65,118.37,118.37,0,0,Settled
TRD-102339,16-08-2025,CLI-1085,Fixed Income,587070.37,74.19,74.19,3,0,Settled
TRD-102340,16-12-2025,CLI-1050,FX Options,307775.04,139.57,139.57,3,1,SSI Mismatch
TRD-102341,02-07-2025,CLI-1082,Equities,1003981.93,402.81,402.81,0,1,Margin Breach
TRD-102342,23-04-2025,CLI-1016,Fixed Income,1028034.36,258.51,258.51,2,0,Settled
TRD-102343,02-07-2025,CLI-1131,OTC Derivatives,328091.65,116.83,116.83,3,1,Custodian Delay
TRD-102344,26-05-2025,CLI-1031,Fixed Income,1814585.36,262.77,262.77,0,1,SSI Mismatch
TRD-102345,15-11-2025,CLI-1114,Equities,49297.14,18.78,18.78,0,0,Settled
TRD-102346,26-04-2025,CLI-1028,Equities,11684.02,5.01,5.01,1,0,Settled
TRD-102347,23-04-2025,CLI-1094,Equities,249557.11,106.98,106.98,1,0,Settled
TRD-102348,08-09-2025,CLI-1084,Equities,469518.58,100.34,100.34,0,0,Settled
TRD-102349,08-09-2025,CLI-1036,OTC Derivatives,506046.43,103.99,103.99,0,0,Settled
TRD-102350,30-10-2025,CLI-1045,Equities,333557.3,102.92,102.92,0,0,Settled
TRD-102351,09-11-2025,CLI-1009,Equities,76699.02,37.36,37.36,2,0,Settled
TRD-102352,28-04-2025,CLI-1127,OTC Derivatives,103464.59,48.44,48.44,2,1,Custodian Delay
TRD-102353,28-10-2025,CLI-1003,OTC Derivatives,965771.7,235.51,235.51,2,0,Settled
TRD-102354,10-06-2025,CLI-1126,Fixed Income,1022140.17,421.05,421.05,1,0,Settled
TRD-102355,17-07-2025,CLI-1048,Fixed Income,570273.36,267.19,267.19,1,0,Settled
TRD-102356,17-09-2025,CLI-1025,Equities,555646.53,113.56,113.56,2,0,Settled
TRD-102357,28-05-2025,CLI-1107,Equities,465256.39,201.05,201.05,2,0,Settled
TRD-102358,28-08-2025,CLI-1042,Equities,123403.81,25.56,25.56,1,0,Settled
TRD-102359,16-02-2025,CLI-1045,Fixed Income,289527.34,68.71,68.71,0,0,Settled
TRD-102360,17-07-2025,CLI-1136,FX Options,605190.55,108.65,108.65,0,0,Settled
TRD-102361,16-02-2025,CLI-1084,Equities,395286.62,119.71,119.71,2,1,System Lag
TRD-102362,19-03-2025,CLI-1132,Fixed Income,19377.56,8.47,8.47,1,1,System Lag
TRD-102363,04-05-2025,CLI-1147,Equities,1544762.68,480.76,480.76,1,0,Settled
TRD-102364,16-03-2025,CLI-1062,Fixed Income,941572.05,140.65,140.65,0,0,Settled
TRD-102365,25-12-2025,CLI-1053,Equities,160920.93,32.3,41.11,1,0,Settled
TRD-102366,17-05-2025,CLI-1043,Equities,489154.29,159.05,159.05,5,1,SSI Mismatch
TRD-102367,31-03-2025,CLI-1121,OTC Derivatives,1293531.79,431.1,431.1,1,0,Settled
TRD-102368,21-11-2025,CLI-1131,Fixed Income,60469.05,20,20,2,0,Settled
TRD-102369,02-03-2025,CLI-1076,Fixed Income,359612.29,47.04,47.04,1,0,Settled
TRD-102370,18-05-2025,CLI-1067,Equities,314626.44,126.32,126.32,0,0,Settled
TRD-102371,19-02-2025,CLI-1128,Equities,273990.13,127.07,127.07,2,0,Settled
TRD-102372,16-09-2025,CLI-1053,Equities,912691.75,277.65,277.65,0,0,Settled
TRD-102373,17-04-2025,CLI-1124,OTC Derivatives,249539.26,96.7,96.7,0,0,Settled
TRD-102374,23-04-2025,CLI-1079,FX Options,42890.09,19.97,19.97,4,1,SSI Mismatch
TRD-102375,16-12-2025,CLI-1033,Fixed Income,44052.57,15.73,15.73,0,1,SSI Mismatch
TRD-102376,11-09-2025,CLI-1004,Equities,31842.53,11.77,11.77,2,0,Settled
TRD-102377,28-04-2025,CLI-1094,OTC Derivatives,273092.68,106.11,106.11,1,0,Settled
TRD-102378,17-07-2025,CLI-1114,Fixed Income,643644.97,131.43,131.43,1,0,Settled
TRD-102379,03-12-2025,CLI-1105,Fixed Income,123903.74,41.27,41.27,3,1,SSI Mismatch
TRD-102380,31-12-2025,CLI-1080,Equities,529891.37,231.49,231.49,0,0,Settled
TRD-102381,20-02-2025,CLI-1027,OTC Derivatives,590917.39,129.09,129.09,1,0,Settled
TRD-102382,02-09-2025,CLI-1144,Fixed Income,157321.2,72.19,72.19,2,0,Settled
TRD-102383,04-02-2025,CLI-1021,OTC Derivatives,468842.92,163.23,163.23,3,1,Margin Breach
TRD-102384,29-10-2025,CLI-1083,OTC Derivatives,587382.38,158.16,158.16,2,0,Settled
TRD-102385,10-03-2025,CLI-1045,Equities,324254.6,113.25,113.25,0,0,Settled
TRD-102386,15-12-2025,CLI-1131,OTC Derivatives,215276.46,56.13,56.13,0,1,Custodian Delay
TRD-102387,16-11-2025,CLI-1138,OTC Derivatives,492676.88,214.42,214.42,0,0,Settled
TRD-102388,18-02-2025,CLI-1057,Equities,1914893.15,560.92,783.46,0,0,Settled
TRD-102389,15-03-2025,CLI-1038,Equities,288296.41,132.76,132.76,3,1,SSI Mismatch
TRD-102390,11-07-2025,CLI-1141,Equities,258572.4,78.59,78.59,2,0,Settled
TRD-102391,18-09-2025,CLI-1031,Fixed Income,322059.6,117.28,117.28,2,1,Custodian Delay
TRD-102392,22-12-2025,CLI-1122,Equities,49639.8,24.78,24.78,5,1,System Lag
TRD-102393,11-03-2025,CLI-1109,Fixed Income,412781.02,65.54,65.54,4,0,Settled
TRD-102394,31-03-2025,CLI-1110,Equities,209267.63,82.6,82.6,1,0,Settled
TRD-102395,17-09-2025,CLI-1045,OTC Derivatives,74725.36,11.62,11.62,1,0,Settled
TRD-102396,06-05-2025,CLI-1103,Equities,323920.17,141.08,141.08,1,0,Settled
TRD-102397,19-08-2025,CLI-1129,Equities,11694.86,3.96,3.96,3,1,Margin Breach
TRD-102398,22-10-2025,CLI-1062,Fixed Income,266902.73,126.85,153.42,2,0,Settled
TRD-102399,09-05-2025,CLI-1104,Fixed Income,65876.71,29.41,29.41,2,0,Settled
TRD-102400,07-10-2025,CLI-1044,Equities,22296.32,2.9,2.9,1,1,System Lag
TRD-102401,09-11-2025,CLI-1130,Equities,879987.03,136.33,136.33,0,0,Settled
TRD-102402,10-04-2025,CLI-1099,Equities,1249952.41,425.57,425.57,0,0,Settled
TRD-102403,22-11-2025,CLI-1038,OTC Derivatives,126391.59,38.84,38.84,1,0,Settled
TRD-102404,24-10-2025,CLI-1069,OTC Derivatives,397502.22,66.55,66.55,1,0,Settled
TRD-102405,01-07-2025,CLI-1020,Fixed Income,172836.09,26.23,26.23,3,0,Settled
TRD-102406,23-06-2025,CLI-1068,OTC Derivatives,350191.93,114.02,114.02,2,0,Settled
TRD-102407,12-11-2025,CLI-1125,OTC Derivatives,296910.51,35.5,35.5,0,0,Settled
TRD-102408,30-12-2025,CLI-1025,Equities,166705.83,74.93,74.93,1,0,Settled
TRD-102409,07-07-2025,CLI-1118,FX Options,612642.8,259.05,259.05,2,0,Settled
TRD-102410,26-02-2025,CLI-1044,OTC Derivatives,77618.4,32.15,32.15,3,0,Settled
TRD-102411,31-01-2025,CLI-1100,Equities,37266.52,3.97,3.97,3,0,Settled
TRD-102412,25-03-2025,CLI-1014,Equities,739809.94,88.08,88.08,0,0,Settled
TRD-102413,01-06-2025,CLI-1103,Equities,558202.41,178.59,178.59,2,0,Settled
TRD-102414,05-02-2025,CLI-1085,Equities,355101.88,176.76,176.76,2,0,Settled
TRD-102415,01-08-2025,CLI-1067,OTC Derivatives,325358.35,77.09,77.09,1,1,Custodian Delay
TRD-102416,30-12-2025,CLI-1044,Fixed Income,353991.65,84.16,84.16,1,1,SSI Mismatch
TRD-102417,16-04-2025,CLI-1113,OTC Derivatives,297259.21,45.69,45.69,1,1,SSI Mismatch
TRD-102418,08-12-2025,CLI-1033,OTC Derivatives,259524.53,95.96,95.96,2,0,Settled
TRD-102419,08-08-2025,CLI-1132,Fixed Income,356264.29,127.78,127.78,3,1,Custodian Delay
TRD-102420,12-06-2025,CLI-1130,Fixed Income,385934.18,54.23,69.87,1,1,Custodian Delay
TRD-102421,08-08-2025,CLI-1082,Equities,598669.19,171.8,171.8,1,0,Settled
TRD-102422,27-09-2025,CLI-1054,Equities,631022.83,231.48,231.48,2,0,Settled
TRD-102423,30-04-2025,CLI-1060,Fixed Income,247109.51,73.49,73.49,0,0,Settled
TRD-102424,02-12-2025,CLI-1004,Equities,276825.85,102.36,102.36,0,0,Settled
TRD-102425,01-07-2025,CLI-1101,Equities,243960.64,104.05,104.05,0,0,Settled
TRD-102426,16-04-2025,CLI-1071,OTC Derivatives,394513.04,147.68,147.68,2,0,Settled
TRD-102427,05-08-2025,CLI-1084,Fixed Income,311976.5,108.08,108.08,0,0,Settled
TRD-102428,24-07-2025,CLI-1067,Equities,1111806.55,490.79,490.79,1,0,Settled
TRD-102429,11-03-2025,CLI-1147,Fixed Income,605958.33,278.88,388.93,1,0,Settled
TRD-102430,13-02-2025,CLI-1119,OTC Derivatives,1154619.2,295.07,295.07,2,0,Settled
TRD-102431,25-11-2025,CLI-1069,Equities,627451.44,106.23,106.23,0,0,Settled
TRD-102432,28-10-2025,CLI-1082,Equities,1780094.37,760.36,760.36,1,0,Settled
TRD-102433,16-08-2025,CLI-1005,FX Options,514939.27,95.52,95.52,1,0,Settled
TRD-102434,03-07-2025,CLI-1054,Equities,1665908.81,785.61,785.61,1,0,Settled
TRD-102435,17-04-2025,CLI-1087,Equities,96088.53,10.49,10.49,1,0,Settled
TRD-102436,25-03-2025,CLI-1060,Fixed Income,36952.39,17.31,17.31,3,0,Settled
TRD-102437,04-12-2025,CLI-1132,OTC Derivatives,442709.92,148.61,148.61,0,0,Settled
TRD-102438,07-09-2025,CLI-1067,Equities,2061991.61,845.2,845.2,0,0,Settled
TRD-102439,29-12-2025,CLI-1109,Equities,280303.4,72.71,72.71,0,0,Settled
TRD-102440,21-01-2025,CLI-1057,Equities,129156.11,64.15,64.15,0,0,Settled
TRD-102441,15-07-2025,CLI-1146,FX Options,378592.85,72.32,72.32,0,0,Settled
TRD-102442,27-06-2025,CLI-1109,Equities,533197.75,109.7,109.7,0,0,Settled
TRD-102443,07-01-2025,CLI-1017,Fixed Income,199298.67,24.03,24.03,0,0,Settled
TRD-102444,11-03-2025,CLI-1030,FX Options,637228.58,303.44,303.44,0,0,Settled
TRD-102445,07-05-2025,CLI-1000,Equities,1856735.13,524.36,524.36,0,0,Settled
TRD-102446,09-06-2025,CLI-1005,FX Options,1146334.16,424.08,424.08,0,0,Settled
TRD-102447,05-09-2025,CLI-1036,FX Options,182362.86,68.38,68.38,0,0,Settled
TRD-102448,22-07-2025,CLI-1001,OTC Derivatives,207799.73,93.47,93.47,1,1,Margin Breach
TRD-102449,28-05-2025,CLI-1057,Equities,242242.42,88.65,88.65,0,0,Settled
TRD-102450,23-05-2025,CLI-1043,Fixed Income,260893.94,84.74,84.74,0,1,System Lag
TRD-102451,18-07-2025,CLI-1043,OTC Derivatives,62857.79,24.15,24.15,2,1,System Lag
TRD-102452,03-06-2025,CLI-1026,FX Options,727664.24,291.35,291.35,2,0,Settled
TRD-102453,22-05-2025,CLI-1036,Equities,237332.35,41.38,41.38,2,0,Settled
TRD-102454,09-11-2025,CLI-1087,OTC Derivatives,1069382.23,153.85,153.85,1,0,Settled
TRD-102455,14-06-2025,CLI-1090,Equities,1318241.39,171.29,171.29,2,0,Settled
TRD-102456,10-11-2025,CLI-1119,Equities,22367.35,5.58,5.58,0,0,Settled
TRD-102457,21-01-2025,CLI-1094,Fixed Income,2242837.61,671.06,671.06,2,0,Settled
TRD-102458,23-03-2025,CLI-1087,OTC Derivatives,628976.37,217.79,217.79,1,0,Settled
TRD-102459,10-03-2025,CLI-1064,Fixed Income,377393.32,182.36,182.36,3,1,Custodian Delay
TRD-102460,11-05-2025,CLI-1103,Fixed Income,256761.1,59.65,59.65,1,0,Settled
TRD-102461,28-03-2025,CLI-1142,FX Options,375443.35,151.81,151.81,0,0,Settled
TRD-102462,06-08-2025,CLI-1023,Equities,206243.39,64.46,64.46,0,0,Settled
TRD-102463,01-11-2025,CLI-1116,Fixed Income,497341.18,93.52,93.52,2,1,System Lag
TRD-102464,11-12-2025,CLI-1010,Equities,58795.54,20.35,20.35,1,1,Custodian Delay
TRD-102465,07-12-2025,CLI-1106,Equities,495271.31,241.13,241.13,0,0,Settled
TRD-102466,10-06-2025,CLI-1111,Fixed Income,171029.7,25.61,25.61,1,0,Settled
TRD-102467,27-06-2025,CLI-1049,FX Options,18896.09,5.72,5.72,2,0,Settled
TRD-102468,27-04-2025,CLI-1029,Fixed Income,412269.33,49.74,49.74,1,0,Settled
TRD-102469,15-07-2025,CLI-1017,OTC Derivatives,441905.78,100.97,100.97,1,0,Settled
TRD-102470,23-11-2025,CLI-1110,Equities,288058.84,100.31,100.31,1,0,Settled
TRD-102471,27-03-2025,CLI-1105,Equities,47516.02,20.74,20.74,0,0,Settled
TRD-102472,16-10-2025,CLI-1130,Fixed Income,1129068.38,442.74,442.74,0,0,Settled
TRD-102473,22-03-2025,CLI-1065,Equities,482642.01,137.62,137.62,1,0,Settled
TRD-102474,01-06-2025,CLI-1010,Equities,71486.97,33.15,33.15,2,0,Settled
TRD-102475,02-03-2025,CLI-1119,Fixed Income,367625.41,81.28,81.28,2,0,Settled
TRD-102476,02-03-2025,CLI-1084,Equities,353835.42,142.1,142.1,3,0,Settled
TRD-102477,20-12-2025,CLI-1022,Equities,41151.51,11.92,11.92,0,0,Settled
TRD-102478,28-01-2025,CLI-1064,Fixed Income,476794.37,219.07,219.07,1,0,Settled
TRD-102479,12-02-2025,CLI-1051,Fixed Income,835980.67,350.25,350.25,2,1,System Lag
TRD-102480,18-06-2025,CLI-1006,FX Options,701167.21,322.95,322.95,2,0,Settled
TRD-102481,27-03-2025,CLI-1110,Fixed Income,123431.11,22.92,22.92,2,0,Settled
TRD-102482,26-06-2025,CLI-1080,Fixed Income,1001311.81,367.74,367.74,1,0,Settled
TRD-102483,17-01-2025,CLI-1143,FX Options,219687.32,86.86,86.86,0,0,Settled
TRD-102484,08-04-2025,CLI-1050,OTC Derivatives,1474115.12,585.17,585.17,2,0,Settled
TRD-102485,17-07-2025,CLI-1075,Equities,47226,14.24,14.24,2,0,Settled
TRD-102486,08-04-2025,CLI-1051,Equities,342969.05,35.84,35.84,1,0,Settled
TRD-102487,06-03-2025,CLI-1085,Fixed Income,464563.7,95.04,95.04,1,0,Settled
TRD-102488,26-11-2025,CLI-1006,Fixed Income,152276.88,34.92,34.92,1,0,Settled
TRD-102489,07-12-2025,CLI-1128,OTC Derivatives,747847.43,329.66,329.66,2,1,Custodian Delay
TRD-102490,05-01-2025,CLI-1011,OTC Derivatives,502948.61,219.46,219.46,2,1,Custodian Delay
TRD-102491,02-01-2025,CLI-1096,Fixed Income,19137.71,2.72,2.72,1,0,Settled
TRD-102492,22-01-2025,CLI-1014,FX Options,478717.08,229.75,229.75,0,0,Settled
TRD-102493,22-04-2025,CLI-1026,Fixed Income,348123.63,60.22,60.22,4,0,Settled
TRD-102494,26-02-2025,CLI-1078,Equities,119096.17,31.65,31.65,0,0,Settled
TRD-102495,07-03-2025,CLI-1048,OTC Derivatives,2740209.61,509.85,509.85,1,0,Settled
TRD-102496,26-11-2025,CLI-1124,Equities,1147301.12,509.55,509.55,0,0,Settled
TRD-102497,08-04-2025,CLI-1050,OTC Derivatives,183014.26,73.16,73.16,1,0,Settled
TRD-102498,24-05-2025,CLI-1056,FX Options,399429.8,96.43,96.43,2,0,Settled
TRD-102499,05-05-2025,CLI-1107,Fixed Income,200265.88,74.65,74.65,1,0,Settled
TRD-102500,16-06-2025,CLI-1049,Fixed Income,756930.32,131.51,131.51,1,0,Settled
TRD-102501,27-03-2025,CLI-1032,Fixed Income,1342003.02,339.42,339.42,1,0,Settled
TRD-102502,17-03-2025,CLI-1074,Equities,232229.24,58.25,58.25,2,0,Settled
TRD-102503,10-12-2025,CLI-1025,Equities,828878.18,161.78,161.78,0,0,Settled
TRD-102504,21-10-2025,CLI-1115,Fixed Income,354983.66,159.93,198.54,2,0,Settled
TRD-102505,28-02-2025,CLI-1120,OTC Derivatives,262569.71,97.55,97.55,2,0,Settled
TRD-102506,18-05-2025,CLI-1120,Fixed Income,1403724.11,297.56,297.56,0,0,Settled
TRD-102507,09-04-2025,CLI-1100,Equities,367088.06,72.26,72.26,1,0,Settled
TRD-102508,11-07-2025,CLI-1036,Fixed Income,325002.16,34.83,34.83,2,0,Settled
TRD-102509,31-08-2025,CLI-1079,OTC Derivatives,568033.47,135.55,159.14,1,0,Settled
TRD-102510,15-11-2025,CLI-1011,Fixed Income,161387.16,50.14,50.14,0,0,Settled
TRD-102511,18-02-2025,CLI-1046,Fixed Income,206367.89,43.56,52.85,2,0,Settled
TRD-102512,01-02-2025,CLI-1028,OTC Derivatives,1354460.93,514.94,514.94,0,0,Settled
TRD-102513,04-10-2025,CLI-1005,Fixed Income,577425.29,152.84,152.84,2,0,Settled
TRD-102514,20-01-2025,CLI-1117,Fixed Income,886184.23,200.74,200.74,3,0,Settled
TRD-102515,03-06-2025,CLI-1009,OTC Derivatives,168117.43,79.96,79.96,3,0,Settled
TRD-102516,09-03-2025,CLI-1129,Equities,402401.23,82.54,82.54,0,0,Settled
TRD-102517,02-08-2025,CLI-1081,FX Options,1787109.02,463.4,463.4,0,0,Settled
TRD-102518,23-05-2025,CLI-1048,Equities,201879.13,51.06,51.06,0,0,Settled
TRD-102519,20-08-2025,CLI-1143,Equities,97460.39,19.15,19.15,0,0,Settled
TRD-102520,01-08-2025,CLI-1141,OTC Derivatives,367579.85,68.73,68.73,1,0,Settled
TRD-102521,20-03-2025,CLI-1002,Equities,255365.35,56.42,70.28,2,0,Settled
TRD-102522,02-08-2025,CLI-1007,OTC Derivatives,96925.11,43.2,43.2,0,0,Settled
TRD-102523,26-04-2025,CLI-1102,OTC Derivatives,1107095.81,450.4,450.4,1,1,SSI Mismatch
TRD-102524,02-04-2025,CLI-1036,OTC Derivatives,2350157.61,875.2,875.2,2,0,Settled
TRD-102525,27-09-2025,CLI-1082,FX Options,430339.12,121.72,121.72,3,0,Settled
TRD-102526,17-06-2025,CLI-1110,Equities,755109.66,228.87,228.87,3,0,Settled
TRD-102527,27-02-2025,CLI-1117,OTC Derivatives,989633.78,204.71,204.71,2,1,Custodian Delay
TRD-102528,11-10-2025,CLI-1065,Equities,613625.76,79.6,79.6,1,0,Settled
TRD-102529,26-01-2025,CLI-1036,Fixed Income,32580.31,7.57,7.57,0,0,Settled
TRD-102530,07-03-2025,CLI-1002,OTC Derivatives,95770.48,28.56,28.56,1,0,Settled
TRD-102531,05-09-2025,CLI-1097,Equities,46817.45,5.76,5.76,2,0,Settled
TRD-102532,11-09-2025,CLI-1097,Fixed Income,14964.37,2.02,2.02,1,0,Settled
TRD-102533,13-02-2025,CLI-1126,Fixed Income,192639.07,39.53,39.53,2,0,Settled
TRD-102534,07-04-2025,CLI-1107,Fixed Income,259083.01,63.95,63.95,0,0,Settled
TRD-102535,11-02-2025,CLI-1036,FX Options,147896.34,38.06,38.06,1,0,Settled
TRD-102536,15-08-2025,CLI-1111,Equities,43393,6.39,6.39,2,0,Settled
TRD-102537,19-09-2025,CLI-1122,Fixed Income,387365.67,73.73,73.73,1,0,Settled
TRD-102538,16-06-2025,CLI-1044,OTC Derivatives,169634.06,34.72,34.72,2,0,Settled
TRD-102539,06-10-2025,CLI-1063,Fixed Income,804908.72,102.27,102.27,1,0,Settled
TRD-102540,30-03-2025,CLI-1059,Equities,14042.61,3.24,3.24,1,0,Settled
TRD-102541,27-06-2025,CLI-1146,Fixed Income,934250.79,120.41,120.41,1,0,Settled
TRD-102542,16-07-2025,CLI-1041,Equities,1557816.96,594.13,594.13,0,0,Settled
TRD-102543,03-11-2025,CLI-1100,Equities,639628.36,162.73,162.73,0,0,Settled
TRD-102544,24-09-2025,CLI-1014,OTC Derivatives,671460.88,154.91,154.91,1,0,Settled
TRD-102545,25-09-2025,CLI-1050,Fixed Income,1365745.39,205.69,256.63,2,0,Settled
TRD-102546,15-03-2025,CLI-1081,FX Options,127273.72,24.26,24.26,2,0,Settled
TRD-102547,08-01-2025,CLI-1124,OTC Derivatives,2617500.16,505.39,505.39,2,1,Custodian Delay
TRD-102548,24-10-2025,CLI-1034,Fixed Income,752463.68,371.78,371.78,1,0,Settled
TRD-102549,13-06-2025,CLI-1059,Equities,658356.11,285.82,285.82,1,0,Settled
TRD-102550,26-03-2025,CLI-1102,Fixed Income,233996.29,24.83,24.83,1,0,Settled
TRD-102551,13-03-2025,CLI-1010,Equities,404584.04,140.28,140.28,0,0,Settled
TRD-102552,24-02-2025,CLI-1134,FX Options,540539.46,109.39,109.39,1,0,Settled
TRD-102553,16-02-2025,CLI-1045,Equities,494243.35,70.06,70.06,1,0,Settled
TRD-102554,26-08-2025,CLI-1004,Equities,620363.93,237.13,237.13,2,0,Settled
TRD-102555,14-04-2025,CLI-1065,Fixed Income,52986.91,8.09,8.09,0,0,Settled
TRD-102556,29-07-2025,CLI-1044,Equities,229755.4,63.76,63.76,0,0,Settled
TRD-102557,11-02-2025,CLI-1000,Equities,294580.62,103.95,103.95,0,1,System Lag
TRD-102558,12-11-2025,CLI-1126,Fixed Income,160977.93,51.8,51.8,1,0,Settled
TRD-102559,25-09-2025,CLI-1146,Equities,104749.99,51.44,51.44,0,0,Settled
TRD-102560,20-09-2025,CLI-1054,Equities,84788.28,35.13,35.13,1,0,Settled
TRD-102561,02-12-2025,CLI-1112,Equities,238155.61,97.57,97.57,1,0,Settled
TRD-102562,31-12-2025,CLI-1015,OTC Derivatives,350057.93,84.8,84.8,4,0,Settled
TRD-102563,16-09-2025,CLI-1013,Fixed Income,42523.43,4.4,6,1,0,Settled
TRD-102564,10-10-2025,CLI-1005,Fixed Income,1473645.33,580.27,580.27,1,0,Settled
TRD-102565,24-04-2025,CLI-1003,Fixed Income,734602.86,367.22,367.22,0,0,Settled
TRD-102566,29-12-2025,CLI-1068,Equities,666246.51,174.79,174.79,1,1,Margin Breach
TRD-102567,09-02-2025,CLI-1034,FX Options,104890.97,51.84,51.84,2,0,Settled
TRD-102568,08-08-2025,CLI-1136,Equities,472919.04,74.1,74.1,1,0,Settled
TRD-102569,09-05-2025,CLI-1044,Fixed Income,387218.77,84.65,108.02,4,0,Settled
TRD-102570,08-01-2025,CLI-1081,OTC Derivatives,2031887.87,341.95,341.95,1,0,Settled
TRD-102571,11-04-2025,CLI-1101,OTC Derivatives,698512.27,202.62,202.62,1,0,Settled
TRD-102572,25-06-2025,CLI-1059,Equities,438730.19,183.74,183.74,2,0,Settled
TRD-102573,17-04-2025,CLI-1031,Equities,961276.25,227.12,310.24,0,0,Settled
TRD-102574,11-04-2025,CLI-1098,OTC Derivatives,94265.11,43.6,43.6,0,0,Settled
TRD-102575,17-09-2025,CLI-1083,Equities,17666.74,5.62,7.67,1,0,Settled
TRD-102576,03-09-2025,CLI-1030,OTC Derivatives,595967.98,170.55,170.55,0,0,Settled
TRD-102577,02-10-2025,CLI-1090,OTC Derivatives,61743.06,25.61,25.61,1,0,Settled
TRD-102578,01-02-2025,CLI-1060,OTC Derivatives,71328.87,10.03,10.03,2,1,Custodian Delay
TRD-102579,17-05-2025,CLI-1144,Equities,692620.23,283.63,283.63,1,0,Settled
TRD-102580,12-01-2025,CLI-1142,OTC Derivatives,167721.84,33.07,33.07,0,0,Settled
TRD-102581,29-10-2025,CLI-1139,Fixed Income,505279.84,107.28,130.5,1,1,Margin Breach
TRD-102582,16-01-2025,CLI-1010,OTC Derivatives,1256914.73,427.08,427.08,2,0,Settled
TRD-102583,09-05-2025,CLI-1105,Equities,200245.68,92.27,92.27,0,0,Settled
TRD-102584,04-03-2025,CLI-1071,Equities,132403.35,43.87,43.87,2,0,Settled
TRD-102585,19-04-2025,CLI-1066,Equities,66339.66,23.85,23.85,1,0,Settled
TRD-102586,21-01-2025,CLI-1115,Equities,79896.83,32.81,32.81,1,0,Settled
TRD-102587,07-06-2025,CLI-1024,Fixed Income,42121.39,8.58,8.58,1,1,System Lag
TRD-102588,26-09-2025,CLI-1037,FX Options,55861.62,24.07,24.07,0,0,Settled
TRD-102589,11-06-2025,CLI-1104,Equities,292820.97,78.24,78.24,0,0,Settled
TRD-102590,17-09-2025,CLI-1095,OTC Derivatives,203467.71,34.64,34.64,0,0,Settled
TRD-102591,12-04-2025,CLI-1021,Equities,623042.43,149.56,149.56,0,0,Settled
TRD-102592,11-08-2025,CLI-1142,Equities,1031040.73,204.61,204.61,3,1,Custodian Delay
TRD-102593,28-02-2025,CLI-1044,Equities,778031.47,148.98,148.98,1,0,Settled
TRD-102594,04-09-2025,CLI-1108,Equities,388189.68,82.69,82.69,2,0,Settled
TRD-102595,08-05-2025,CLI-1040,FX Options,64038.83,11.04,11.04,2,1,Custodian Delay
TRD-102596,10-10-2025,CLI-1133,Equities,628536.1,230.72,230.72,3,1,Margin Breach
TRD-102597,21-11-2025,CLI-1049,Fixed Income,235358.39,78.14,78.14,0,0,Settled
TRD-102598,25-01-2025,CLI-1112,Fixed Income,54771.14,19.68,19.68,0,0,Settled
TRD-102599,11-05-2025,CLI-1041,FX Options,934058.28,221.83,221.83,0,0,Settled
TRD-102600,19-12-2025,CLI-1125,Equities,216408.42,88.27,88.27,1,0,Settled
TRD-102601,15-07-2025,CLI-1096,Equities,133109.39,20.21,20.21,1,1,SSI Mismatch
TRD-102602,08-10-2025,CLI-1077,Equities,1035726.7,340.19,340.19,1,0,Settled
TRD-102603,03-06-2025,CLI-1135,Fixed Income,1172077.37,246.35,246.35,2,0,Settled
TRD-102604,13-05-2025,CLI-1081,Equities,216978.66,67.49,67.49,1,0,Settled
TRD-102605,15-08-2025,CLI-1136,OTC Derivatives,229098.57,52.57,52.57,2,1,System Lag
TRD-102606,08-07-2025,CLI-1120,Fixed Income,443308.25,184.51,184.51,0,0,Settled
TRD-102607,22-09-2025,CLI-1026,Fixed Income,671080.76,306.35,306.35,0,0,Settled
TRD-102608,14-05-2025,CLI-1101,Fixed Income,42615.62,16.92,16.92,2,0,Settled
TRD-102609,30-07-2025,CLI-1125,Equities,459893.41,78.29,78.29,1,1,Margin Breach
TRD-102610,01-03-2025,CLI-1137,Fixed Income,1536893.26,322.67,322.67,0,0,Settled
TRD-102611,30-12-2025,CLI-1110,FX Options,161969.35,75.76,101.44,2,0,Settled
TRD-102612,30-12-2025,CLI-1132,OTC Derivatives,1207499.41,331.93,331.93,2,1,Margin Breach
TRD-102613,01-08-2025,CLI-1077,OTC Derivatives,1509552.38,719.26,719.26,0,0,Settled
TRD-102614,04-08-2025,CLI-1078,OTC Derivatives,166776.01,42.86,42.86,2,0,Settled
TRD-102615,14-08-2025,CLI-1072,Equities,711622.34,342.08,342.08,3,0,Settled
TRD-102616,11-05-2025,CLI-1071,Equities,146413.16,68.86,68.86,0,0,Settled
TRD-102617,17-03-2025,CLI-1107,Equities,678963.88,247.29,247.29,0,1,System Lag
TRD-102618,13-10-2025,CLI-1140,Equities,808310.13,83.69,83.69,1,0,Settled
TRD-102619,04-10-2025,CLI-1070,Equities,151981.63,39.54,39.54,0,0,Settled
TRD-102620,05-06-2025,CLI-1148,Fixed Income,639160.9,296.89,296.89,0,0,Settled
TRD-102621,05-09-2025,CLI-1144,Fixed Income,845934.76,384.09,384.09,1,0,Settled
TRD-102622,06-08-2025,CLI-1052,OTC Derivatives,232034.53,40.6,40.6,0,1,Margin Breach
TRD-102623,09-07-2025,CLI-1001,OTC Derivatives,101782.83,26.43,26.43,0,1,SSI Mismatch
TRD-102624,12-06-2025,CLI-1135,FX Options,58235.94,25.29,25.29,2,0,Settled
TRD-102625,29-06-2025,CLI-1049,Equities,438282.32,145.14,145.14,2,0,Settled
TRD-102626,03-02-2025,CLI-1128,Equities,1920591.38,842.99,842.99,0,0,Settled
TRD-102627,10-02-2025,CLI-1116,Fixed Income,875662.45,377.08,377.08,2,0,Settled
TRD-102628,03-11-2025,CLI-1093,Equities,296208.37,137.14,137.14,0,0,Settled
TRD-102629,04-12-2025,CLI-1044,Equities,394604.89,57.96,57.96,0,0,Settled
TRD-102630,10-11-2025,CLI-1031,Equities,173924.28,27.5,27.5,2,0,Settled
TRD-102631,16-03-2025,CLI-1061,Equities,99004.95,13.18,13.18,0,0,Settled
TRD-102632,06-10-2025,CLI-1094,Fixed Income,338968.36,160.71,160.71,4,0,Settled
TRD-102633,25-06-2025,CLI-1067,Fixed Income,321345.82,93.21,93.21,0,0,Settled
TRD-102634,30-05-2025,CLI-1142,Fixed Income,378999.01,47.65,47.65,1,0,Settled
TRD-102635,30-09-2025,CLI-1119,Fixed Income,1536729.27,351.31,351.31,1,0,Settled
TRD-102636,21-11-2025,CLI-1113,Equities,473038.35,113.8,113.8,1,0,Settled
TRD-102637,18-04-2025,CLI-1077,Equities,475412.72,201.49,246.55,0,0,Settled
TRD-102638,19-05-2025,CLI-1017,Equities,78497.13,30.94,30.94,3,0,Settled
TRD-102639,16-12-2025,CLI-1138,Equities,2835908.13,1065.61,1065.61,0,0,Settled
TRD-102640,28-09-2025,CLI-1079,OTC Derivatives,751061.21,81.67,81.67,2,0,Settled
TRD-102641,13-12-2025,CLI-1142,OTC Derivatives,1058612.75,491.49,491.49,1,1,Custodian Delay
TRD-102642,16-10-2025,CLI-1138,Fixed Income,277474.13,51.67,51.67,0,0,Settled
TRD-102643,31-07-2025,CLI-1067,Equities,358706.23,126.13,126.13,4,0,Settled
TRD-102644,29-09-2025,CLI-1062,Fixed Income,379159.95,47.29,47.29,2,0,Settled
TRD-102645,07-03-2025,CLI-1123,Fixed Income,117894.42,15.63,15.63,4,1,Custodian Delay
TRD-102646,05-09-2025,CLI-1142,Fixed Income,594768.23,61.76,61.76,0,0,Settled
TRD-102647,05-06-2025,CLI-1105,Fixed Income,1176402.18,383.94,383.94,1,0,Settled
TRD-102648,16-02-2025,CLI-1076,Fixed Income,99387.42,34.96,34.96,1,0,Settled
TRD-102649,20-07-2025,CLI-1085,Fixed Income,55136.49,6.63,6.63,1,1,Margin Breach
TRD-102650,28-05-2025,CLI-1111,OTC Derivatives,680123.32,147.04,147.04,3,1,Margin Breach
TRD-102651,04-05-2025,CLI-1103,Equities,169553.23,74.7,74.7,1,0,Settled
TRD-102652,01-01-2025,CLI-1084,OTC Derivatives,498900.31,70.11,70.11,3,1,Custodian Delay
TRD-102653,04-09-2025,CLI-1138,Equities,604966.48,112.9,112.9,0,0,Settled
TRD-102654,09-12-2025,CLI-1065,Equities,204238.19,55.09,55.09,1,0,Settled
TRD-102655,08-05-2025,CLI-1124,FX Options,854090.68,373.16,373.16,0,0,Settled
TRD-102656,10-07-2025,CLI-1089,FX Options,409241.61,82.64,82.64,1,0,Settled
TRD-102657,08-03-2025,CLI-1116,Equities,1026276.72,511.96,511.96,0,0,Settled
TRD-102658,04-01-2025,CLI-1142,Fixed Income,730467.26,176.85,176.85,1,1,Custodian Delay
TRD-102659,30-10-2025,CLI-1118,Equities,1024661.87,260.86,260.86,1,0,Settled
TRD-102660,21-10-2025,CLI-1050,Fixed Income,20183.7,3,3,2,0,Settled
TRD-102661,23-05-2025,CLI-1126,OTC Derivatives,149530.51,55.64,55.64,4,0,Settled
TRD-102662,10-07-2025,CLI-1146,FX Options,57159.7,11.28,11.28,2,0,Settled
TRD-102663,21-01-2025,CLI-1074,Fixed Income,301772.55,106.09,106.09,2,0,Settled
TRD-102664,15-08-2025,CLI-1075,Equities,1113456.22,210.74,268.74,0,0,Settled
TRD-102665,09-11-2025,CLI-1086,Fixed Income,325124,82.96,82.96,2,1,Custodian Delay
TRD-102666,27-04-2025,CLI-1000,Equities,957604.39,423.9,423.9,1,1,SSI Mismatch
TRD-102667,29-10-2025,CLI-1093,FX Options,208137.41,82.33,82.33,3,0,Settled
TRD-102668,22-05-2025,CLI-1038,OTC Derivatives,217432.13,35.19,35.19,2,0,Settled
TRD-102669,08-02-2025,CLI-1111,Fixed Income,1139579.55,390.97,390.97,1,0,Settled
TRD-102670,21-12-2025,CLI-1043,Equities,287403.69,101.01,101.01,2,0,Settled
TRD-102671,09-09-2025,CLI-1020,Equities,789765.82,107.59,107.59,3,0,Settled
TRD-102672,29-11-2025,CLI-1138,Equities,145015.09,41.52,41.52,0,0,Settled
TRD-102673,26-07-2025,CLI-1139,OTC Derivatives,1496015.98,305.59,305.59,4,1,Custodian Delay
TRD-102674,29-07-2025,CLI-1066,Fixed Income,437337.12,125.45,125.45,0,0,Settled
TRD-102675,25-04-2025,CLI-1076,Equities,722150.93,296.68,296.68,1,0,Settled
TRD-102676,13-08-2025,CLI-1041,Fixed Income,56889.31,9.29,9.29,2,0,Settled
TRD-102677,14-05-2025,CLI-1043,OTC Derivatives,349291.11,52.16,52.16,4,1,Custodian Delay
TRD-102678,08-09-2025,CLI-1056,Equities,1166512.19,242.32,337.14,0,0,Settled
TRD-102679,07-08-2025,CLI-1143,OTC Derivatives,1057942.52,508.78,508.78,1,0,Settled
TRD-102680,01-04-2025,CLI-1083,OTC Derivatives,33972.59,13.56,13.56,1,0,Settled
TRD-102681,20-12-2025,CLI-1137,FX Options,190986.24,20.58,20.58,1,1,System Lag
TRD-102682,15-02-2025,CLI-1022,Equities,302882.36,78.87,78.87,3,1,Custodian Delay
TRD-102683,07-02-2025,CLI-1071,Equities,104531,21.22,21.22,1,0,Settled
TRD-102684,22-05-2025,CLI-1003,Equities,664663.53,236.13,236.13,1,0,Settled
TRD-102685,10-04-2025,CLI-1071,Equities,111984.28,31.77,31.77,0,0,Settled
TRD-102686,24-11-2025,CLI-1119,Equities,222813.27,108.24,108.24,2,0,Settled
TRD-102687,09-07-2025,CLI-1033,Fixed Income,554252.72,103.97,129.67,0,0,Settled
TRD-102688,04-02-2025,CLI-1053,Fixed Income,338976.27,113.61,113.61,1,0,Settled
TRD-102689,27-05-2025,CLI-1013,OTC Derivatives,680796.35,258.76,258.76,0,0,Settled
TRD-102690,30-01-2025,CLI-1003,Equities,1634769.35,703.32,703.32,1,0,Settled
TRD-102691,30-11-2025,CLI-1081,Fixed Income,71958.42,18.91,18.91,2,0,Settled
TRD-102692,25-03-2025,CLI-1045,OTC Derivatives,628192.42,235.43,235.43,2,1,Margin Breach
TRD-102693,08-10-2025,CLI-1036,OTC Derivatives,140905.91,31.18,31.18,2,1,Custodian Delay
TRD-102694,10-12-2025,CLI-1066,OTC Derivatives,277624.67,76.12,76.12,3,1,System Lag
TRD-102695,27-09-2025,CLI-1090,OTC Derivatives,26707.42,12.24,12.24,0,0,Settled
TRD-102696,03-06-2025,CLI-1058,FX Options,83037.66,39.86,39.86,2,0,Settled
TRD-102697,12-04-2025,CLI-1079,Equities,202667.51,78.54,78.54,0,0,Settled
TRD-102698,03-08-2025,CLI-1054,Fixed Income,219264.39,54.76,54.76,2,1,Margin Breach
TRD-102699,30-05-2025,CLI-1022,Equities,1159222.92,496.17,496.17,0,0,Settled
TRD-102700,24-03-2025,CLI-1031,Equities,687035.4,75.81,75.81,3,0,Settled
TRD-102701,20-04-2025,CLI-1122,Equities,1801053.4,254.13,254.13,1,0,Settled
TRD-102702,02-10-2025,CLI-1038,Equities,466986.1,170.24,170.24,1,0,Settled
TRD-102703,20-07-2025,CLI-1138,Equities,148347.15,32.12,32.12,1,0,Settled
TRD-102704,11-10-2025,CLI-1060,Equities,208491.86,100.19,100.19,0,0,Settled
TRD-102705,22-06-2025,CLI-1130,Equities,202710.61,55.63,55.63,1,0,Settled
TRD-102706,23-11-2025,CLI-1142,FX Options,207629.43,56.42,70.9,1,0,Settled
TRD-102707,25-07-2025,CLI-1121,Equities,568842.78,211.17,211.17,0,0,Settled
TRD-102708,04-03-2025,CLI-1007,OTC Derivatives,388371.53,158.08,158.08,2,0,Settled
TRD-102709,14-03-2025,CLI-1089,Equities,253411.48,73.55,73.55,0,0,Settled
TRD-102710,08-09-2025,CLI-1083,FX Options,90724.32,16.84,16.84,1,0,Settled
TRD-102711,04-05-2025,CLI-1049,OTC Derivatives,21193.96,8.68,8.68,2,0,Settled
TRD-102712,01-05-2025,CLI-1065,Fixed Income,133484.24,30.45,30.45,2,1,Custodian Delay
TRD-102713,02-10-2025,CLI-1032,Fixed Income,66848.36,11.37,11.37,1,0,Settled
TRD-102714,30-04-2025,CLI-1144,Equities,779594.65,274.93,274.93,0,0,Settled
TRD-102715,13-11-2025,CLI-1040,FX Options,69672.23,9.49,12.64,2,0,Settled
TRD-102716,13-06-2025,CLI-1018,OTC Derivatives,654090.85,319.55,319.55,2,0,Settled
TRD-102717,13-10-2025,CLI-1010,OTC Derivatives,253602.31,89.51,89.51,3,0,Settled
TRD-102718,22-09-2025,CLI-1059,Fixed Income,48104.99,23.78,23.78,2,1,System Lag
TRD-102719,16-11-2025,CLI-1020,Equities,847602.06,199.66,199.66,0,0,Settled
TRD-102720,10-06-2025,CLI-1090,OTC Derivatives,443310.68,216.55,216.55,3,1,Custodian Delay
TRD-102721,04-11-2025,CLI-1078,Equities,144437.69,22.85,30.1,0,0,Settled
TRD-102722,30-03-2025,CLI-1085,Fixed Income,1135381.55,132.02,132.02,0,0,Settled
TRD-102723,22-05-2025,CLI-1012,Equities,33157.23,3.75,3.75,1,1,Custodian Delay
TRD-102724,22-07-2025,CLI-1052,FX Options,122710.33,35.09,35.09,3,0,Settled
TRD-102725,05-11-2025,CLI-1010,Equities,707257.89,94.21,94.21,0,0,Settled
TRD-102726,15-08-2025,CLI-1080,Equities,627865.79,191.42,191.42,0,0,Settled
TRD-102727,30-11-2025,CLI-1142,Fixed Income,180732.53,41.75,41.75,1,0,Settled
TRD-102728,10-08-2025,CLI-1097,OTC Derivatives,42015.92,9.84,9.84,1,0,Settled
TRD-102729,10-02-2025,CLI-1142,Fixed Income,986239.09,349.37,349.37,0,0,Settled
TRD-102730,15-07-2025,CLI-1012,Equities,198218.49,32.75,32.75,1,0,Settled
TRD-102731,09-03-2025,CLI-1110,Equities,118899.81,48.35,48.35,2,0,Settled
TRD-102732,21-09-2025,CLI-1047,OTC Derivatives,372899.06,124.11,124.11,2,0,Settled
TRD-102733,02-01-2025,CLI-1041,FX Options,1215236.62,566.27,566.27,0,0,Settled
TRD-102734,27-12-2025,CLI-1009,OTC Derivatives,32261.59,7.93,7.93,1,0,Settled
TRD-102735,05-05-2025,CLI-1143,Fixed Income,735798.64,362.81,487.43,0,0,Settled
TRD-102736,20-04-2025,CLI-1103,FX Options,434869.18,143.65,175.7,0,0,Settled
TRD-102737,27-03-2025,CLI-1092,Fixed Income,287083.31,140.49,140.49,3,0,Settled
TRD-102738,30-04-2025,CLI-1081,Fixed Income,691446.06,76.63,76.63,2,0,Settled
TRD-102739,07-05-2025,CLI-1099,Fixed Income,1698122.03,664.29,664.29,1,1,System Lag
TRD-102740,12-09-2025,CLI-1098,Fixed Income,140167.2,59.8,59.8,2,0,Settled
TRD-102741,02-07-2025,CLI-1115,OTC Derivatives,87536.52,10.62,10.62,0,0,Settled
TRD-102742,16-01-2025,CLI-1088,Fixed Income,1230244.42,407.93,407.93,1,0,Settled
TRD-102743,03-03-2025,CLI-1091,Equities,562747.58,236.79,236.79,0,0,Settled
TRD-102744,07-06-2025,CLI-1118,Equities,298114.28,96.71,96.71,2,0,Settled
TRD-102745,25-09-2025,CLI-1100,Equities,435789.67,54.7,54.7,1,0,Settled
TRD-102746,04-02-2025,CLI-1046,Fixed Income,694451.05,262.07,262.07,0,0,Settled
TRD-102747,24-09-2025,CLI-1018,Equities,751472.9,93.36,93.36,1,0,Settled
TRD-102748,05-03-2025,CLI-1144,Equities,1272203.39,543.22,543.22,1,0,Settled
TRD-102749,19-02-2025,CLI-1085,Fixed Income,288297.62,33.79,33.79,3,0,Settled
TRD-102750,12-09-2025,CLI-1078,Fixed Income,183652.99,28.46,28.46,0,0,Settled
TRD-102751,29-05-2025,CLI-1070,OTC Derivatives,520359.54,109.3,109.3,0,0,Settled
TRD-102752,21-11-2025,CLI-1081,Fixed Income,278694.24,98.48,98.48,1,0,Settled
TRD-102753,31-10-2025,CLI-1113,OTC Derivatives,461438.62,226.36,226.36,2,1,Custodian Delay
TRD-102754,03-10-2025,CLI-1119,FX Options,282351.35,41.54,41.54,2,0,Settled
TRD-102755,23-12-2025,CLI-1135,OTC Derivatives,93024.8,14.61,14.61,3,1,Margin Breach
TRD-102756,21-06-2025,CLI-1051,Fixed Income,326898.63,80.92,80.92,1,1,Margin Breach
TRD-102757,20-07-2025,CLI-1122,Equities,597074.04,259.42,259.42,2,0,Settled
TRD-102758,20-11-2025,CLI-1060,FX Options,812931.67,233.22,283.25,0,0,Settled
TRD-102759,04-02-2025,CLI-1102,Equities,349944.01,80.01,80.01,1,1,Custodian Delay
TRD-102760,04-08-2025,CLI-1077,Equities,100304.25,32.55,32.55,0,0,Settled
TRD-102761,06-03-2025,CLI-1097,Fixed Income,277804.87,56.73,56.73,0,0,Settled
TRD-102762,08-01-2025,CLI-1009,Equities,781576.85,203.57,203.57,0,0,Settled
TRD-102763,28-10-2025,CLI-1079,FX Options,276245.37,64.38,64.38,1,0,Settled
TRD-102764,09-12-2025,CLI-1051,Fixed Income,606237.57,255.62,255.62,0,0,Settled
TRD-102765,28-11-2025,CLI-1028,Fixed Income,363839.82,170.9,170.9,1,0,Settled
TRD-102766,17-03-2025,CLI-1069,Fixed Income,148023.76,59.78,59.78,1,0,Settled
TRD-102767,23-06-2025,CLI-1135,Fixed Income,805186.67,221.94,221.94,1,0,Settled
TRD-102768,16-02-2025,CLI-1021,Equities,53985.98,16.29,16.29,1,0,Settled
TRD-102769,15-01-2025,CLI-1121,Fixed Income,382104.76,57.33,57.33,1,0,Settled
TRD-102770,27-12-2025,CLI-1112,OTC Derivatives,127159.78,50.7,50.7,1,1,System Lag
TRD-102771,27-05-2025,CLI-1036,Fixed Income,44710.21,15.14,15.14,0,0,Settled
TRD-102772,26-01-2025,CLI-1107,OTC Derivatives,359516.17,165.73,165.73,2,0,Settled
TRD-102773,04-11-2025,CLI-1130,Equities,356135.94,64.19,64.19,1,0,Settled
TRD-102774,03-04-2025,CLI-1089,Equities,623622.25,251.88,251.88,3,0,Settled
TRD-102775,20-08-2025,CLI-1104,Equities,692757.27,259,259,1,0,Settled
TRD-102776,21-01-2025,CLI-1037,Equities,660593.46,136.31,136.31,1,0,Settled
TRD-102777,03-11-2025,CLI-1083,OTC Derivatives,273442.56,100.34,100.34,0,0,Settled
TRD-102778,07-02-2025,CLI-1123,OTC Derivatives,509414.86,239.3,239.3,3,0,Settled
TRD-102779,03-10-2025,CLI-1040,Equities,440126.83,205.7,205.7,0,0,Settled
TRD-102780,06-06-2025,CLI-1077,Fixed Income,283711.75,110.04,110.04,3,0,Settled
TRD-102781,28-06-2025,CLI-1015,OTC Derivatives,464673.32,55.4,55.4,2,0,Settled
TRD-102782,12-05-2025,CLI-1049,Equities,1481075.63,664.86,664.86,1,0,Settled
TRD-102783,07-11-2025,CLI-1046,Equities,117149.98,42.54,42.54,4,0,Settled
TRD-102784,14-12-2025,CLI-1122,FX Options,1191019.46,267,267,3,1,System Lag
TRD-102785,28-01-2025,CLI-1081,Fixed Income,37468.65,6.55,6.55,4,1,SSI Mismatch
TRD-102786,17-09-2025,CLI-1010,FX Options,194365.96,28.47,28.47,2,0,Settled
TRD-102787,17-03-2025,CLI-1142,Equities,179940.69,21.61,21.61,1,0,Settled
TRD-102788,08-03-2025,CLI-1123,OTC Derivatives,502238.09,201.72,201.72,0,0,Settled
TRD-102789,08-12-2025,CLI-1065,Equities,80335.53,15.61,21.83,1,0,Settled
TRD-102790,13-07-2025,CLI-1138,Equities,1080010.43,118.48,118.48,1,0,Settled
TRD-102791,11-06-2025,CLI-1103,Fixed Income,891735.91,230.88,230.88,1,0,Settled
TRD-102792,13-12-2025,CLI-1032,Equities,537870.98,157.62,157.62,1,0,Settled
TRD-102793,27-12-2025,CLI-1121,Equities,316626.55,53.1,53.1,3,0,Settled
TRD-102794,14-09-2025,CLI-1011,Equities,1361203.39,160.1,160.1,2,0,Settled
TRD-102795,13-03-2025,CLI-1131,Equities,898179.01,157.77,157.77,0,0,Settled
TRD-102796,28-03-2025,CLI-1083,OTC Derivatives,355889.21,132.26,132.26,2,1,System Lag
TRD-102797,19-09-2025,CLI-1100,Fixed Income,615118.45,81.75,81.75,1,0,Settled
TRD-102798,02-08-2025,CLI-1002,Equities,428427.9,137.96,137.96,1,0,Settled
TRD-102799,02-06-2025,CLI-1060,Equities,453295.87,71.88,71.88,0,0,Settled
TRD-102800,29-07-2025,CLI-1042,Equities,210967.72,37.61,37.61,0,0,Settled
TRD-102801,02-03-2025,CLI-1001,Fixed Income,320026.99,82.32,82.32,0,0,Settled
TRD-102802,25-09-2025,CLI-1071,Equities,50670.88,7.11,7.11,1,0,Settled
TRD-102803,19-09-2025,CLI-1046,OTC Derivatives,231076.5,39.12,39.12,1,0,Settled
TRD-102804,06-08-2025,CLI-1087,Equities,605081.82,144.97,170.45,2,0,Settled
TRD-102805,10-10-2025,CLI-1018,Equities,1541107.33,357.33,357.33,1,0,Settled
TRD-102806,16-05-2025,CLI-1000,OTC Derivatives,1659285.82,663.23,663.23,3,0,Settled
TRD-102807,28-12-2025,CLI-1139,OTC Derivatives,415653.37,54,54,2,1,Margin Breach
TRD-102808,03-04-2025,CLI-1042,Equities,476492.47,211.65,211.65,0,0,Settled
TRD-102809,19-04-2025,CLI-1054,OTC Derivatives,112726.22,48.08,48.08,2,1,System Lag
TRD-102810,29-08-2025,CLI-1101,Fixed Income,604227.1,245.56,245.56,0,0,Settled
TRD-102811,21-12-2025,CLI-1061,OTC Derivatives,46639.66,10.44,10.44,1,1,System Lag
TRD-102812,22-05-2025,CLI-1109,Fixed Income,177516.62,76.18,100.39,1,1,Custodian Delay
TRD-102813,18-10-2025,CLI-1056,Fixed Income,561857.66,97.27,97.27,0,0,Settled
TRD-102814,25-08-2025,CLI-1019,FX Options,195756.62,29.32,29.32,1,0,Settled
TRD-102815,06-12-2025,CLI-1013,Equities,35566.06,4.2,4.2,0,0,Settled
TRD-102816,08-11-2025,CLI-1106,Fixed Income,901510.11,428.87,428.87,1,1,SSI Mismatch
TRD-102817,26-06-2025,CLI-1071,Fixed Income,195771.03,43.7,43.7,1,0,Settled
TRD-102818,21-05-2025,CLI-1116,Equities,42592.15,19.89,19.89,2,0,Settled
TRD-102819,08-07-2025,CLI-1004,Equities,48866.28,10.22,10.22,0,0,Settled
TRD-102820,18-02-2025,CLI-1083,Equities,155014.95,71.78,71.78,2,0,Settled
TRD-102821,29-10-2025,CLI-1070,Fixed Income,108017.14,49.86,49.86,0,0,Settled
TRD-102822,09-07-2025,CLI-1050,Fixed Income,754274.56,354.11,354.11,2,0,Settled
TRD-102823,16-05-2025,CLI-1040,Fixed Income,204071.05,60.91,60.91,2,1,System Lag
TRD-102824,12-02-2025,CLI-1086,Equities,826598.43,368.98,368.98,1,1,Margin Breach
TRD-102825,19-12-2025,CLI-1144,Fixed Income,105487.04,50.67,50.67,0,0,Settled
TRD-102826,31-03-2025,CLI-1018,FX Options,349503,80.33,80.33,2,0,Settled
TRD-102827,22-10-2025,CLI-1028,Equities,592435.56,158.51,158.51,0,0,Settled
TRD-102828,07-12-2025,CLI-1121,Fixed Income,537763.26,208.49,208.49,4,0,Settled
TRD-102829,02-09-2025,CLI-1131,OTC Derivatives,469559.13,103.37,103.37,2,0,Settled
TRD-102830,11-07-2025,CLI-1141,OTC Derivatives,1303945.67,523.57,523.57,0,0,Settled
TRD-102831,14-11-2025,CLI-1036,Fixed Income,139725.6,18.1,18.1,0,0,Settled
TRD-102832,16-04-2025,CLI-1003,OTC Derivatives,350331.92,108.39,108.39,3,1,SSI Mismatch
TRD-102833,29-12-2025,CLI-1005,Equities,1087050.43,161.89,161.89,1,0,Settled
TRD-102834,06-11-2025,CLI-1110,OTC Derivatives,50547.42,10.99,10.99,2,0,Settled
TRD-102835,21-08-2025,CLI-1010,Equities,38755.38,7.88,7.88,1,0,Settled
TRD-102836,22-09-2025,CLI-1147,Equities,142831.34,62.21,62.21,0,0,Settled
TRD-102837,10-12-2025,CLI-1141,Equities,511225.63,90.69,90.69,1,0,Settled
TRD-102838,06-02-2025,CLI-1000,OTC Derivatives,160471.22,67.94,67.94,1,0,Settled
TRD-102839,01-11-2025,CLI-1104,Fixed Income,115508.61,48.23,48.23,1,0,Settled
TRD-102840,10-02-2025,CLI-1101,Equities,316985.33,94.95,94.95,1,0,Settled
TRD-102841,17-01-2025,CLI-1086,Equities,485438.59,93.95,93.95,2,0,Settled
TRD-102842,10-12-2025,CLI-1141,FX Options,152880.43,29.16,29.16,1,0,Settled
TRD-102843,04-10-2025,CLI-1070,OTC Derivatives,188831.42,54,54,0,0,Settled
TRD-102844,03-11-2025,CLI-1048,Fixed Income,485388.43,50.25,50.25,0,0,Settled
TRD-102845,28-02-2025,CLI-1133,Fixed Income,1466969.44,458.49,458.49,2,0,Settled
TRD-102846,02-07-2025,CLI-1060,Fixed Income,571567.86,274.99,274.99,2,0,Settled
TRD-102847,10-02-2025,CLI-1039,Equities,773708.14,125.25,125.25,4,0,Settled
TRD-102848,08-02-2025,CLI-1149,FX Options,238492.45,78.54,78.54,1,0,Settled
TRD-102849,11-07-2025,CLI-1122,Equities,168901.84,81.87,81.87,1,0,Settled
TRD-102850,24-09-2025,CLI-1145,Fixed Income,312813.4,138.95,188.49,1,0,Settled
TRD-102851,27-05-2025,CLI-1122,Equities,832876.78,366.59,366.59,2,0,Settled
TRD-102852,29-11-2025,CLI-1074,Fixed Income,314678.5,134.92,134.92,1,1,System Lag
TRD-102853,07-05-2025,CLI-1006,Fixed Income,947762.13,211.93,211.93,1,0,Settled
TRD-102854,15-02-2025,CLI-1039,Fixed Income,2254671.45,1028.69,1028.69,0,0,Settled
TRD-102855,14-02-2025,CLI-1109,Equities,47376.14,22.58,22.58,0,0,Settled
TRD-102856,01-01-2025,CLI-1092,Fixed Income,33236.76,9.92,9.92,1,1,SSI Mismatch
TRD-102857,17-06-2025,CLI-1064,Equities,91018.17,22.01,22.01,0,0,Settled
TRD-102858,18-04-2025,CLI-1061,Equities,252554.31,67.1,67.1,2,0,Settled
TRD-102859,19-01-2025,CLI-1126,Equities,80230.36,18.75,24.25,1,0,Settled
TRD-102860,28-11-2025,CLI-1048,OTC Derivatives,1032672.65,191.01,191.01,0,0,Settled
TRD-102861,13-03-2025,CLI-1033,Fixed Income,21709.17,7.54,7.54,1,1,System Lag
TRD-102862,19-04-2025,CLI-1089,Fixed Income,199747.18,64.93,64.93,2,0,Settled
TRD-102863,25-09-2025,CLI-1124,OTC Derivatives,112096.27,31.95,31.95,0,0,Settled
TRD-102864,28-08-2025,CLI-1125,Fixed Income,1350747.93,186.86,186.86,0,0,Settled
TRD-102865,28-10-2025,CLI-1078,Fixed Income,563545.57,235.99,235.99,0,0,Settled
TRD-102866,31-03-2025,CLI-1028,Equities,1225381.17,208.28,208.28,2,0,Settled
TRD-102867,13-04-2025,CLI-1024,Equities,1803679.94,263.02,263.02,1,0,Settled
TRD-102868,07-09-2025,CLI-1059,Fixed Income,353680.22,123.52,123.52,0,0,Settled
TRD-102869,08-01-2025,CLI-1069,Fixed Income,143494.89,37.23,37.23,0,0,Settled
TRD-102870,02-06-2025,CLI-1026,OTC Derivatives,117667.55,14.58,14.58,1,0,Settled
TRD-102871,13-12-2025,CLI-1067,OTC Derivatives,136105.25,32.97,39.4,1,1,SSI Mismatch
TRD-102872,23-06-2025,CLI-1067,Equities,626517.71,256.07,256.07,1,0,Settled
TRD-102873,09-12-2025,CLI-1107,Equities,30643.2,10.61,10.61,0,0,Settled
TRD-102874,07-06-2025,CLI-1105,Fixed Income,36363.52,8.91,8.91,1,0,Settled
TRD-102875,03-08-2025,CLI-1036,Equities,478429.08,84.55,84.55,0,0,Settled
TRD-102876,26-06-2025,CLI-1027,Equities,523690.97,184.72,184.72,1,1,System Lag
TRD-102877,24-06-2025,CLI-1066,OTC Derivatives,557204.95,253.54,253.54,3,1,Margin Breach
TRD-102878,06-12-2025,CLI-1016,Equities,242512.43,86.94,86.94,0,0,Settled
TRD-102879,04-12-2025,CLI-1094,FX Options,829806.54,352.8,352.8,3,0,Settled
TRD-102880,26-05-2025,CLI-1088,OTC Derivatives,391382.18,120.78,120.78,1,0,Settled
TRD-102881,20-11-2025,CLI-1046,OTC Derivatives,65725.98,25.45,25.45,3,0,Settled
TRD-102882,10-06-2025,CLI-1087,Equities,807519.31,370.24,370.24,1,0,Settled
TRD-102883,07-05-2025,CLI-1022,Equities,1539525.49,630.08,630.08,1,0,Settled
TRD-102884,23-03-2025,CLI-1075,Fixed Income,40957.02,19,19,0,0,Settled
TRD-102885,27-05-2025,CLI-1112,Equities,258257.04,70.36,70.36,0,0,Settled
TRD-102886,27-08-2025,CLI-1068,Equities,344242.94,158.93,158.93,1,0,Settled
TRD-102887,25-03-2025,CLI-1073,Equities,89187.74,31.09,31.09,2,1,System Lag
TRD-102888,23-04-2025,CLI-1078,Equities,1021375.42,457.6,573.8,0,0,Settled
TRD-102889,13-08-2025,CLI-1038,Equities,177142.07,20.5,20.5,1,0,Settled
TRD-102890,28-11-2025,CLI-1022,OTC Derivatives,773948.64,281.05,281.05,2,1,SSI Mismatch
TRD-102891,31-08-2025,CLI-1015,Equities,565840.38,248.51,248.51,1,0,Settled
TRD-102892,23-05-2025,CLI-1050,Equities,465708.59,79.02,79.02,0,0,Settled
TRD-102893,10-02-2025,CLI-1049,Fixed Income,116685.01,42.56,42.56,1,0,Settled
TRD-102894,15-09-2025,CLI-1079,FX Options,134681.86,57.91,57.91,0,0,Settled
TRD-102895,12-10-2025,CLI-1065,Equities,34253.01,7.37,7.37,3,0,Settled
TRD-102896,15-04-2025,CLI-1097,Equities,147687.35,38.71,38.71,0,1,System Lag
TRD-102897,21-07-2025,CLI-1034,Fixed Income,221898.77,72.74,72.74,0,0,Settled
TRD-102898,03-11-2025,CLI-1123,FX Options,905315.96,278.54,278.54,2,0,Settled
TRD-102899,27-11-2025,CLI-1124,OTC Derivatives,238162.93,27.55,27.55,0,0,Settled
TRD-102900,23-09-2025,CLI-1026,Fixed Income,712477.26,99.37,132.71,0,0,Settled
TRD-102901,29-07-2025,CLI-1111,Equities,299411.53,41.97,41.97,5,0,Settled
TRD-102902,20-02-2025,CLI-1035,Fixed Income,778252.47,159.47,159.47,0,0,Settled
TRD-102903,28-04-2025,CLI-1060,Equities,1880541.33,373,373,0,0,Settled
TRD-102904,20-07-2025,CLI-1096,Fixed Income,147114.2,58.39,58.39,2,0,Settled
TRD-102905,08-02-2025,CLI-1129,OTC Derivatives,1001490.06,329.59,329.59,3,1,SSI Mismatch
TRD-102906,28-01-2025,CLI-1011,FX Options,496197.91,201.25,201.25,0,0,Settled
TRD-102907,16-09-2025,CLI-1070,Equities,859939.2,110.04,110.04,3,0,Settled
TRD-102908,25-03-2025,CLI-1130,Equities,537181.79,157.98,157.98,0,0,Settled
TRD-102909,04-06-2025,CLI-1134,Fixed Income,285779.98,65.59,65.59,1,1,Custodian Delay
TRD-102910,27-04-2025,CLI-1006,OTC Derivatives,139433.9,61.35,61.35,0,0,Settled
TRD-102911,02-01-2025,CLI-1112,OTC Derivatives,46304.29,17.74,17.74,3,0,Settled
TRD-102912,03-04-2025,CLI-1015,Equities,393416.63,176.13,176.13,1,0,Settled
TRD-102913,15-06-2025,CLI-1060,Equities,2329161.59,276.17,276.17,1,0,Settled
TRD-102914,16-12-2025,CLI-1123,Fixed Income,679785.17,263.98,263.98,0,0,Settled
TRD-102915,23-10-2025,CLI-1047,Equities,208261.76,65.81,65.81,0,0,Settled
TRD-102916,15-09-2025,CLI-1023,OTC Derivatives,887824.1,381.76,381.76,3,0,Settled
TRD-102917,22-03-2025,CLI-1103,Fixed Income,742634.15,224.92,224.92,1,0,Settled
TRD-102918,25-09-2025,CLI-1149,OTC Derivatives,175389.29,55.44,55.44,2,0,Settled
TRD-102919,23-08-2025,CLI-1069,Fixed Income,17205.41,2.08,2.08,0,0,Settled
TRD-102920,17-11-2025,CLI-1072,OTC Derivatives,72873.82,26.77,26.77,1,0,Settled
TRD-102921,07-11-2025,CLI-1099,Equities,1059031.69,221.61,221.61,0,0,Settled
TRD-102922,28-10-2025,CLI-1104,OTC Derivatives,915663.95,98.78,98.78,1,0,Settled
TRD-102923,23-12-2025,CLI-1075,Equities,184926.99,23.41,23.41,2,0,Settled
TRD-102924,01-08-2025,CLI-1142,Fixed Income,177873.05,85.9,112.13,2,0,Settled
TRD-102925,03-03-2025,CLI-1069,Equities,797192.23,190.08,190.08,1,0,Settled
TRD-102926,18-02-2025,CLI-1056,Fixed Income,1398197.74,625.32,625.32,2,0,Settled
TRD-102927,07-05-2025,CLI-1014,Equities,765106.92,370.21,370.21,2,0,Settled
TRD-102928,11-08-2025,CLI-1075,Equities,475167.8,226.8,226.8,0,0,Settled
TRD-102929,06-10-2025,CLI-1141,FX Options,148978.99,67.44,67.44,0,0,Settled
TRD-102930,21-10-2025,CLI-1065,Equities,383008.14,175.39,175.39,0,0,Settled
TRD-102931,11-10-2025,CLI-1061,OTC Derivatives,142968.03,30.82,30.82,0,0,Settled
TRD-102932,04-10-2025,CLI-1026,FX Options,835159.69,134.12,134.12,1,0,Settled
TRD-102933,17-04-2025,CLI-1043,Equities,254663.43,90.59,90.59,0,0,Settled
TRD-102934,26-05-2025,CLI-1043,Fixed Income,906972.58,267.78,267.78,3,0,Settled
TRD-102935,09-04-2025,CLI-1024,Equities,250317.34,34.92,47.93,5,0,Settled
TRD-102936,14-03-2025,CLI-1042,Equities,879060.27,326.15,410.01,0,0,Settled
TRD-102937,02-05-2025,CLI-1069,Fixed Income,212720.92,69.16,88.97,1,1,Margin Breach
TRD-102938,30-01-2025,CLI-1106,FX Options,300027.75,133.58,133.58,3,0,Settled
TRD-102939,07-07-2025,CLI-1100,Equities,487890.69,167.68,167.68,1,0,Settled
TRD-102940,30-12-2025,CLI-1117,Fixed Income,46440,15.31,15.31,0,0,Settled
TRD-102941,20-12-2025,CLI-1112,Fixed Income,1490250.73,411.76,411.76,3,1,SSI Mismatch
TRD-102942,15-10-2025,CLI-1143,OTC Derivatives,436195.49,124.37,124.37,0,0,Settled
TRD-102943,14-07-2025,CLI-1135,Equities,364455.4,175.58,175.58,0,0,Settled
TRD-102944,05-06-2025,CLI-1027,Fixed Income,924400.47,143.63,143.63,0,0,Settled
TRD-102945,21-06-2025,CLI-1106,Fixed Income,1014073.19,282.41,282.41,1,0,Settled
TRD-102946,01-12-2025,CLI-1070,Fixed Income,379344.74,137.45,137.45,1,0,Settled
TRD-102947,10-02-2025,CLI-1127,FX Options,1320447.91,360.75,360.75,1,1,SSI Mismatch
TRD-102948,04-03-2025,CLI-1091,OTC Derivatives,43464.16,9.27,9.27,1,0,Settled
TRD-102949,23-01-2025,CLI-1130,Equities,70082.44,15.06,15.06,1,0,Settled
TRD-102950,26-12-2025,CLI-1068,Fixed Income,464146.69,89.79,89.79,3,0,Settled
TRD-102951,16-03-2025,CLI-1098,Equities,228528.87,54.29,54.29,2,0,Settled
TRD-102952,17-02-2025,CLI-1131,Equities,322020.65,144.48,144.48,2,0,Settled
TRD-102953,09-06-2025,CLI-1024,Fixed Income,208807.41,63.08,63.08,0,0,Settled
TRD-102954,09-11-2025,CLI-1046,Equities,269366.16,52.82,52.82,2,0,Settled
TRD-102955,28-04-2025,CLI-1117,Fixed Income,874804.75,222.03,222.03,1,0,Settled
TRD-102956,10-04-2025,CLI-1096,FX Options,460056.4,65.48,65.48,0,0,Settled
TRD-102957,16-06-2025,CLI-1004,Equities,2975570.44,1373.57,1373.57,0,0,Settled
TRD-102958,17-10-2025,CLI-1123,FX Options,782948.06,206.13,206.13,1,0,Settled
TRD-102959,05-06-2025,CLI-1069,Fixed Income,169872.83,83.6,83.6,1,0,Settled
TRD-102960,07-01-2025,CLI-1071,Fixed Income,163497.09,39.08,39.08,1,0,Settled
TRD-102961,15-07-2025,CLI-1026,OTC Derivatives,214659.97,93.28,93.28,0,0,Settled
TRD-102962,25-02-2025,CLI-1107,Equities,936581.79,189.71,189.71,0,1,System Lag
TRD-102963,17-11-2025,CLI-1050,Fixed Income,23833.44,3.11,3.11,1,0,Settled
TRD-102964,12-07-2025,CLI-1026,Fixed Income,140800.11,15.87,15.87,0,0,Settled
TRD-102965,16-02-2025,CLI-1095,Equities,1186510.01,406.34,406.34,1,0,Settled
TRD-102966,28-05-2025,CLI-1142,FX Options,520681.81,116.96,116.96,1,0,Settled
TRD-102967,02-10-2025,CLI-1071,OTC Derivatives,138639.22,38.46,38.46,4,1,Custodian Delay
TRD-102968,06-06-2025,CLI-1107,Equities,133682.88,57.14,79.28,2,0,Settled
TRD-102969,21-07-2025,CLI-1087,Equities,1002495.33,199.74,199.74,1,1,System Lag
TRD-102970,06-05-2025,CLI-1001,Fixed Income,1131015.57,252.74,252.74,0,0,Settled
TRD-102971,01-11-2025,CLI-1031,Equities,157945.23,69.2,69.2,2,1,System Lag
TRD-102972,21-10-2025,CLI-1054,Fixed Income,282803.75,84.02,84.02,1,0,Settled
TRD-102973,05-03-2025,CLI-1096,Equities,909681.37,392.13,392.13,0,0,Settled
TRD-102974,21-11-2025,CLI-1086,Fixed Income,747032.88,186.6,186.6,1,0,Settled
TRD-102975,25-06-2025,CLI-1092,Equities,850778.83,220.65,220.65,1,0,Settled
TRD-102976,26-04-2025,CLI-1031,Equities,375318.81,62.62,62.62,1,0,Settled
TRD-102977,23-07-2025,CLI-1044,Fixed Income,1222653.55,570.41,570.41,2,0,Settled
TRD-102978,17-11-2025,CLI-1048,Fixed Income,207226.64,95.06,95.06,2,0,Settled
TRD-102979,31-01-2025,CLI-1111,FX Options,95199.73,47,47,2,1,SSI Mismatch
TRD-102980,23-04-2025,CLI-1011,OTC Derivatives,626756.31,163.57,163.57,2,0,Settled
TRD-102981,31-12-2025,CLI-1118,Equities,397563.16,169.94,169.94,1,0,Settled
TRD-102982,21-11-2025,CLI-1037,Equities,974084.42,259.09,259.09,1,0,Settled
TRD-102983,10-12-2025,CLI-1129,OTC Derivatives,52321.23,14.74,14.74,1,1,SSI Mismatch
TRD-102984,08-03-2025,CLI-1039,FX Options,937964.72,405.2,405.2,0,0,Settled
TRD-102985,16-03-2025,CLI-1061,OTC Derivatives,183570.73,31.38,31.38,2,1,Custodian Delay
TRD-102986,14-02-2025,CLI-1135,Equities,541896.3,101.94,101.94,1,0,Settled
TRD-102987,17-09-2025,CLI-1146,FX Options,30478.08,6.88,6.88,1,0,Settled
TRD-102988,03-06-2025,CLI-1036,Equities,480267.76,199.44,251.96,2,1,SSI Mismatch
TRD-102989,04-06-2025,CLI-1014,OTC Derivatives,641634.44,159.81,159.81,1,1,Margin Breach
TRD-102990,29-12-2025,CLI-1024,FX Options,240026.82,58.39,58.39,1,0,Settled
TRD-102991,22-08-2025,CLI-1139,Equities,131297.44,65.59,65.59,0,1,Margin Breach
TRD-102992,20-02-2025,CLI-1066,FX Options,395695.65,100.32,100.32,1,0,Settled
TRD-102993,02-11-2025,CLI-1087,Equities,905452.33,180.28,180.28,2,0,Settled
TRD-102994,19-09-2025,CLI-1008,FX Options,205446.42,71.76,71.76,0,0,Settled
TRD-102995,11-11-2025,CLI-1020,Equities,155489.95,65.42,65.42,0,0,Settled
TRD-102996,05-05-2025,CLI-1133,FX Options,173513.21,22.18,22.18,0,0,Settled
TRD-102997,02-09-2025,CLI-1101,Equities,1499262.12,521.08,521.08,2,0,Settled
TRD-102998,30-01-2025,CLI-1107,OTC Derivatives,232578.96,26.58,33.88,1,1,Custodian Delay
TRD-102999,02-05-2025,CLI-1015,Fixed Income,11805.38,3.67,3.67,1,0,Settled
TRD-103000,05-05-2025,CLI-1050,Fixed Income,770899.47,156.34,156.34,3,1,SSI Mismatch
TRD-103001,06-02-2025,CLI-1091,Equities,610779.19,135.99,135.99,3,0,Settled
TRD-103002,19-06-2025,CLI-1085,OTC Derivatives,78808.87,22.61,30.98,2,1,SSI Mismatch
TRD-103003,04-05-2025,CLI-1042,Equities,2106670.99,991.91,991.91,1,0,Settled
TRD-103004,23-12-2025,CLI-1032,Fixed Income,478326.17,183.8,183.8,2,0,Settled
TRD-103005,04-02-2025,CLI-1134,Equities,357353.69,169.65,169.65,0,0,Settled
TRD-103006,28-03-2025,CLI-1011,FX Options,250810.84,91.29,91.29,0,0,Settled
TRD-103007,14-05-2025,CLI-1018,Equities,1154699.98,118.75,118.75,0,0,Settled
TRD-103008,15-07-2025,CLI-1046,Equities,149832.8,30.9,42.7,0,0,Settled
TRD-103009,01-10-2025,CLI-1117,Equities,178274.35,82.42,82.42,2,0,Settled
TRD-103010,20-07-2025,CLI-1063,Fixed Income,75288.34,26.91,32.84,1,0,Settled
TRD-103011,12-10-2025,CLI-1077,Equities,721726.32,355.56,355.56,1,1,Margin Breach
TRD-103012,18-03-2025,CLI-1024,Fixed Income,462612.69,75.12,75.12,1,0,Settled
TRD-103013,28-02-2025,CLI-1147,OTC Derivatives,479608.48,104.89,104.89,0,0,Settled
TRD-103014,06-05-2025,CLI-1037,OTC Derivatives,133251.15,32.64,32.64,2,0,Settled
TRD-103015,19-04-2025,CLI-1099,Fixed Income,536582.98,123.75,123.75,0,1,Custodian Delay
TRD-103016,12-08-2025,CLI-1101,Equities,735061.25,147.6,147.6,1,0,Settled
TRD-103017,05-10-2025,CLI-1099,Fixed Income,231496.68,64.21,64.21,1,0,Settled
TRD-103018,09-03-2025,CLI-1148,Equities,818098.21,291.99,291.99,3,0,Settled
TRD-103019,10-03-2025,CLI-1063,OTC Derivatives,224462.01,50.39,50.39,1,0,Settled
TRD-103020,14-06-2025,CLI-1083,Equities,719694.94,94.91,116.9,2,0,Settled
TRD-103021,01-11-2025,CLI-1104,Fixed Income,27156.05,10.41,10.41,0,0,Settled
TRD-103022,11-06-2025,CLI-1046,Equities,410549.53,116.43,116.43,0,0,Settled
TRD-103023,31-12-2025,CLI-1100,OTC Derivatives,1755449.91,566.3,566.3,1,1,SSI Mismatch
TRD-103024,08-12-2025,CLI-1100,Equities,1998136.8,563.79,563.79,0,0,Settled
TRD-103025,05-11-2025,CLI-1096,Fixed Income,175470.59,80.04,80.04,0,0,Settled
TRD-103026,09-12-2025,CLI-1093,Equities,301160,97.42,97.42,1,0,Settled
TRD-103027,11-02-2025,CLI-1126,OTC Derivatives,42524.21,19.96,19.96,1,0,Settled
TRD-103028,20-12-2025,CLI-1001,FX Options,1043129.64,317.35,317.35,1,0,Settled
TRD-103029,19-04-2025,CLI-1048,Fixed Income,430327.5,93.4,93.4,0,0,Settled
TRD-103030,20-02-2025,CLI-1008,Fixed Income,253148.37,61.31,61.31,2,1,SSI Mismatch
TRD-103031,07-09-2025,CLI-1021,FX Options,69825.83,21.57,21.57,3,0,Settled
TRD-103032,07-12-2025,CLI-1022,Fixed Income,1476541.07,460.67,460.67,1,1,Custodian Delay
TRD-103033,21-01-2025,CLI-1053,Fixed Income,387744.38,145.38,145.38,0,0,Settled
TRD-103034,27-10-2025,CLI-1041,Fixed Income,176289.46,33.46,33.46,5,1,Custodian Delay
TRD-103035,19-05-2025,CLI-1050,Fixed Income,225556.97,82,82,2,0,Settled
TRD-103036,25-12-2025,CLI-1110,Equities,167833.12,69.05,69.05,3,0,Settled
TRD-103037,20-11-2025,CLI-1097,OTC Derivatives,470412.76,174.35,174.35,2,0,Settled
TRD-103038,02-04-2025,CLI-1007,Fixed Income,1339369.91,392.08,392.08,1,0,Settled
TRD-103039,07-10-2025,CLI-1038,Equities,981385.85,487.43,487.43,2,0,Settled
TRD-103040,05-05-2025,CLI-1126,OTC Derivatives,318445.86,83.41,83.41,1,0,Settled
TRD-103041,21-04-2025,CLI-1022,Equities,885787,126.35,126.35,1,0,Settled
TRD-103042,20-12-2025,CLI-1056,Equities,285047.92,122.17,122.17,2,0,Settled
TRD-103043,19-05-2025,CLI-1041,Fixed Income,155381.5,28.73,28.73,0,0,Settled
TRD-103044,30-09-2025,CLI-1108,OTC Derivatives,2059631.78,793.61,793.61,2,0,Settled
TRD-103045,09-04-2025,CLI-1017,OTC Derivatives,191122.05,32.79,32.79,0,0,Settled
TRD-103046,09-09-2025,CLI-1049,FX Options,205577.17,21.95,21.95,0,0,Settled
TRD-103047,04-12-2025,CLI-1089,OTC Derivatives,2297459.59,376.6,501.51,0,0,Settled
TRD-103048,14-04-2025,CLI-1079,Equities,81893.32,20.54,20.54,1,0,Settled
TRD-103049,02-08-2025,CLI-1045,Equities,724671.89,103.37,103.37,1,0,Settled
TRD-103050,06-09-2025,CLI-1042,OTC Derivatives,1382975.41,247.65,247.65,2,0,Settled
TRD-103051,01-06-2025,CLI-1119,Equities,368509.93,149.56,179.57,0,0,Settled
TRD-103052,07-09-2025,CLI-1037,Fixed Income,11262.47,4.59,4.59,2,0,Settled
TRD-103053,02-10-2025,CLI-1005,Fixed Income,245048.97,104.63,104.63,3,0,Settled
TRD-103054,14-06-2025,CLI-1004,Equities,69149.14,30.18,30.18,1,1,Custodian Delay
TRD-103055,07-12-2025,CLI-1069,FX Options,279087.84,74.84,74.84,1,0,Settled
TRD-103056,08-01-2025,CLI-1140,Fixed Income,790387.6,353.32,353.32,1,0,Settled
TRD-103057,11-10-2025,CLI-1136,Fixed Income,298760.17,92.73,92.73,0,0,Settled
TRD-103058,05-01-2025,CLI-1031,FX Options,292751.02,84.38,84.38,0,0,Settled
TRD-103059,25-05-2025,CLI-1143,Fixed Income,416855.2,161.5,161.5,0,0,Settled
TRD-103060,11-04-2025,CLI-1080,Equities,445766.95,82.7,82.7,0,0,Settled
TRD-103061,13-06-2025,CLI-1095,Fixed Income,980000.9,407.48,407.48,0,0,Settled
TRD-103062,27-05-2025,CLI-1131,OTC Derivatives,194341.55,52.82,52.82,0,1,Margin Breach
TRD-103063,05-03-2025,CLI-1139,OTC Derivatives,872063.3,131.61,131.61,1,0,Settled
TRD-103064,01-04-2025,CLI-1050,OTC Derivatives,427279.05,63.12,63.12,0,0,Settled
TRD-103065,27-04-2025,CLI-1027,OTC Derivatives,188715.86,31.32,31.32,2,1,SSI Mismatch
TRD-103066,20-12-2025,CLI-1133,Equities,184868.14,84.34,84.34,3,0,Settled
TRD-103067,24-09-2025,CLI-1003,OTC Derivatives,234033.03,116.17,116.17,0,0,Settled
TRD-103068,06-11-2025,CLI-1116,OTC Derivatives,497348.37,120.75,120.75,4,1,SSI Mismatch
TRD-103069,22-06-2025,CLI-1110,Equities,141209.76,30.62,30.62,1,0,Settled
TRD-103070,16-02-2025,CLI-1135,Equities,1274953.44,239.06,239.06,1,0,Settled
TRD-103071,20-05-2025,CLI-1028,FX Options,437730.22,188.02,188.02,2,0,Settled
TRD-103072,03-09-2025,CLI-1060,OTC Derivatives,1272962.94,233.82,233.82,1,1,SSI Mismatch
TRD-103073,29-05-2025,CLI-1059,OTC Derivatives,33757.78,15.85,21.35,0,1,Custodian Delay
TRD-103074,03-09-2025,CLI-1123,OTC Derivatives,219739.96,80.63,80.63,1,0,Settled
TRD-103075,05-01-2025,CLI-1049,Fixed Income,21535.89,9.88,9.88,2,1,Margin Breach
TRD-103076,03-07-2025,CLI-1045,Fixed Income,168900.1,54.32,54.32,1,0,Settled
TRD-103077,20-01-2025,CLI-1002,Fixed Income,1000274.25,376.38,483.2,0,1,SSI Mismatch
TRD-103078,15-02-2025,CLI-1136,Equities,28648.33,9.96,9.96,0,0,Settled
TRD-103079,12-01-2025,CLI-1139,OTC Derivatives,296480.94,128.22,155.43,0,1,Margin Breach
TRD-103080,11-03-2025,CLI-1138,Fixed Income,72536.25,31.51,31.51,2,0,Settled
TRD-103081,17-01-2025,CLI-1101,Fixed Income,279647.41,93.94,109.67,1,0,Settled
TRD-103082,27-05-2025,CLI-1025,Fixed Income,922714.75,325.72,325.72,0,0,Settled
TRD-103083,03-06-2025,CLI-1110,Fixed Income,497849.26,233.37,233.37,1,1,Custodian Delay
TRD-103084,31-10-2025,CLI-1082,Equities,677337.62,319.67,319.67,0,0,Settled
TRD-103085,18-04-2025,CLI-1079,Equities,224702.79,82.17,82.17,3,0,Settled
TRD-103086,24-08-2025,CLI-1059,Equities,1454765.31,149.99,149.99,0,0,Settled
TRD-103087,04-11-2025,CLI-1132,Equities,627666.54,88.98,88.98,0,0,Settled
TRD-103088,18-12-2025,CLI-1136,FX Options,283916.7,125.83,125.83,4,0,Settled
TRD-103089,11-03-2025,CLI-1079,Equities,287967.98,38.55,38.55,0,0,Settled
TRD-103090,02-07-2025,CLI-1087,Equities,1264707.33,234.49,234.49,2,0,Settled
TRD-103091,07-09-2025,CLI-1105,Fixed Income,439488.37,84.48,110.55,1,0,Settled
TRD-103092,16-08-2025,CLI-1079,Fixed Income,622733.09,211.79,211.79,0,0,Settled
TRD-103093,12-04-2025,CLI-1147,Equities,279814.26,92.52,92.52,2,0,Settled
TRD-103094,16-03-2025,CLI-1076,OTC Derivatives,136603.46,29.47,29.47,2,1,Margin Breach
TRD-103095,04-08-2025,CLI-1045,OTC Derivatives,652879.46,119.51,119.51,3,0,Settled
TRD-103096,22-07-2025,CLI-1016,Equities,478021.99,193.99,193.99,1,0,Settled
TRD-103097,11-07-2025,CLI-1116,Equities,357918.28,169.72,169.72,1,0,Settled
TRD-103098,06-09-2025,CLI-1148,FX Options,499110.91,60.45,60.45,0,0,Settled
TRD-103099,30-08-2025,CLI-1019,OTC Derivatives,126777.27,19.43,19.43,1,0,Settled
TRD-103100,28-06-2025,CLI-1049,Fixed Income,799790.81,285.42,285.42,1,0,Settled
TRD-103101,07-08-2025,CLI-1086,Equities,1489823.67,628.37,628.37,4,0,Settled
TRD-103102,23-03-2025,CLI-1143,Fixed Income,1118677.06,465.9,465.9,1,0,Settled
TRD-103103,02-04-2025,CLI-1124,Fixed Income,203888.05,79.08,79.08,1,1,System Lag
TRD-103104,24-06-2025,CLI-1010,Equities,270442.84,123.04,123.04,1,0,Settled
TRD-103105,27-08-2025,CLI-1145,Fixed Income,836178.71,156.31,156.31,2,1,Custodian Delay
TRD-103106,17-09-2025,CLI-1108,Fixed Income,462078.73,66.04,66.04,1,0,Settled
TRD-103107,31-12-2025,CLI-1107,Equities,406941.92,140.86,140.86,1,0,Settled
TRD-103108,12-06-2025,CLI-1096,OTC Derivatives,1316201.64,564.53,564.53,2,0,Settled
TRD-103109,17-02-2025,CLI-1057,OTC Derivatives,393962.26,131.12,131.12,2,1,Custodian Delay
TRD-103110,25-11-2025,CLI-1100,Equities,371739.98,180.37,180.37,0,0,Settled
TRD-103111,24-11-2025,CLI-1082,OTC Derivatives,31463.45,13.16,13.16,5,1,SSI Mismatch
TRD-103112,26-04-2025,CLI-1008,Equities,45971.98,17.48,17.48,2,0,Settled
TRD-103113,03-12-2025,CLI-1007,OTC Derivatives,13723.99,1.7,1.7,0,0,Settled
TRD-103114,03-12-2025,CLI-1083,Equities,1232329.15,176.34,176.34,1,0,Settled
TRD-103115,13-08-2025,CLI-1091,Equities,272451,112.78,112.78,0,0,Settled
TRD-103116,18-12-2025,CLI-1023,Fixed Income,326083.78,58.47,58.47,2,1,Custodian Delay
TRD-103117,24-11-2025,CLI-1044,Fixed Income,943414.86,105.22,105.22,2,0,Settled
TRD-103118,27-05-2025,CLI-1009,FX Options,479838.93,222.79,222.79,0,0,Settled
TRD-103119,04-03-2025,CLI-1119,Equities,480165.7,219.11,219.11,1,0,Settled
TRD-103120,21-10-2025,CLI-1011,Equities,185868.17,34.83,34.83,4,0,Settled
TRD-103121,19-11-2025,CLI-1058,Fixed Income,907607.84,374.01,374.01,0,0,Settled
TRD-103122,21-11-2025,CLI-1081,Fixed Income,100659.02,12,12,2,1,System Lag
TRD-103123,13-01-2025,CLI-1126,Equities,37307.08,7.98,7.98,4,0,Settled
TRD-103124,08-07-2025,CLI-1103,Fixed Income,116351.22,40.66,40.66,1,0,Settled
TRD-103125,14-10-2025,CLI-1022,OTC Derivatives,165807.92,67.2,67.2,1,0,Settled
TRD-103126,27-07-2025,CLI-1103,OTC Derivatives,175859.52,18.32,18.32,0,0,Settled
TRD-103127,24-04-2025,CLI-1093,FX Options,565110.1,130.25,130.25,1,0,Settled
TRD-103128,22-01-2025,CLI-1054,Equities,132838.13,24.67,34.01,0,0,Settled
TRD-103129,15-12-2025,CLI-1116,OTC Derivatives,574522.82,286.98,286.98,2,1,Custodian Delay
TRD-103130,02-08-2025,CLI-1052,Equities,57777.8,21.28,24.56,2,0,Settled
TRD-103131,20-06-2025,CLI-1138,Fixed Income,89616.56,23.5,23.5,1,0,Settled
TRD-103132,19-11-2025,CLI-1038,Fixed Income,365473.78,47.61,47.61,2,0,Settled
TRD-103133,23-02-2025,CLI-1094,FX Options,1284855.74,436.17,436.17,1,0,Settled
TRD-103134,25-10-2025,CLI-1015,OTC Derivatives,991514.48,353.65,353.65,0,0,Settled
TRD-103135,16-11-2025,CLI-1012,FX Options,1742923.03,743.47,743.47,1,0,Settled
TRD-103136,06-05-2025,CLI-1119,OTC Derivatives,535595.91,115.38,115.38,0,0,Settled
TRD-103137,04-10-2025,CLI-1091,FX Options,573220.26,282.35,282.35,0,0,Settled
TRD-103138,23-07-2025,CLI-1115,OTC Derivatives,500445.29,138.02,138.02,2,0,Settled
TRD-103139,13-07-2025,CLI-1098,Fixed Income,497514.95,108.65,108.65,1,0,Settled
TRD-103140,18-06-2025,CLI-1113,Equities,89568.41,21.44,21.44,1,1,System Lag
TRD-103141,01-06-2025,CLI-1145,Equities,402345.08,123.86,123.86,3,0,Settled
TRD-103142,04-02-2025,CLI-1028,Equities,253935.5,120.54,120.54,1,1,Custodian Delay
TRD-103143,03-07-2025,CLI-1131,Fixed Income,302179.77,119.08,119.08,1,0,Settled
TRD-103144,13-10-2025,CLI-1036,Fixed Income,380749.32,125.97,125.97,1,0,Settled
TRD-103145,26-02-2025,CLI-1035,Fixed Income,78710.14,13,13,1,1,System Lag
TRD-103146,10-08-2025,CLI-1147,FX Options,232743.5,37.18,37.18,1,1,Margin Breach
TRD-103147,30-10-2025,CLI-1018,FX Options,42775.95,12.87,12.87,0,0,Settled
TRD-103148,12-06-2025,CLI-1006,Equities,1957782.85,766.44,766.44,3,1,System Lag
TRD-103149,19-01-2025,CLI-1026,Equities,73081.04,29.26,29.26,0,0,Settled
TRD-103150,21-09-2025,CLI-1115,Fixed Income,159556.74,30.37,30.37,1,0,Settled
TRD-103151,09-10-2025,CLI-1076,Equities,1119549.21,156.78,156.78,2,0,Settled
TRD-103152,23-04-2025,CLI-1096,OTC Derivatives,339575.86,86.18,117.19,1,1,System Lag
TRD-103153,23-11-2025,CLI-1124,Fixed Income,82881.35,38.73,38.73,2,1,System Lag
TRD-103154,30-01-2025,CLI-1035,Fixed Income,252441.32,80.31,80.31,0,0,Settled
TRD-103155,15-05-2025,CLI-1099,OTC Derivatives,71574.45,16.32,16.32,0,0,Settled
TRD-103156,08-03-2025,CLI-1023,OTC Derivatives,121706.79,27.93,27.93,5,0,Settled
TRD-103157,06-03-2025,CLI-1063,Equities,36716.13,5.61,5.61,0,0,Settled
TRD-103158,19-10-2025,CLI-1096,OTC Derivatives,298329.15,86.3,86.3,3,0,Settled
TRD-103159,25-01-2025,CLI-1085,Fixed Income,831590.74,346.4,346.4,1,0,Settled
TRD-103160,06-02-2025,CLI-1138,Equities,450907.43,219.78,219.78,1,1,Margin Breach
TRD-103161,01-01-2025,CLI-1037,Equities,476140.58,143.15,143.15,0,0,Settled
TRD-103162,06-02-2025,CLI-1091,Fixed Income,121936.93,20.35,28.16,2,0,Settled
TRD-103163,21-05-2025,CLI-1088,Equities,220716.34,82.37,82.37,1,0,Settled
TRD-103164,20-08-2025,CLI-1143,Equities,942946.67,379.74,379.74,1,0,Settled
TRD-103165,16-05-2025,CLI-1136,Fixed Income,55978.8,7.2,7.2,0,0,Settled
TRD-103166,07-07-2025,CLI-1020,OTC Derivatives,985719.99,433.77,433.77,0,0,Settled
TRD-103167,08-05-2025,CLI-1141,Equities,340523.98,147.01,147.01,0,0,Settled
TRD-103168,20-07-2025,CLI-1020,Equities,917454.99,265.16,265.16,1,0,Settled
TRD-103169,07-05-2025,CLI-1020,OTC Derivatives,201367.52,65.28,65.28,3,0,Settled
TRD-103170,14-09-2025,CLI-1065,Equities,216881.94,83.58,83.58,2,1,SSI Mismatch
TRD-103171,13-06-2025,CLI-1146,FX Options,706367.26,261.85,261.85,1,0,Settled
TRD-103172,04-02-2025,CLI-1019,Fixed Income,778549.73,83,114.78,2,0,Settled
TRD-103173,13-07-2025,CLI-1002,Equities,140451.71,20.92,20.92,2,1,SSI Mismatch
TRD-103174,10-07-2025,CLI-1082,Equities,1813581.99,299.31,299.31,0,0,Settled
TRD-103175,14-04-2025,CLI-1142,Equities,54137.05,21.78,21.78,1,0,Settled
TRD-103176,23-01-2025,CLI-1145,Equities,45481.13,12.55,12.55,3,0,Settled
TRD-103177,22-09-2025,CLI-1149,Equities,462556.98,147.19,147.19,1,0,Settled
TRD-103178,17-10-2025,CLI-1056,Fixed Income,651401.18,266.47,266.47,1,1,System Lag
TRD-103179,17-09-2025,CLI-1058,Equities,1630639.06,385.47,385.47,1,0,Settled
TRD-103180,24-12-2025,CLI-1058,Fixed Income,269551.38,107.7,107.7,1,0,Settled
TRD-103181,16-03-2025,CLI-1016,Fixed Income,22808.37,6.32,6.32,1,0,Settled
TRD-103182,21-12-2025,CLI-1010,Equities,471778.96,118.36,140.55,2,0,Settled
TRD-103183,13-03-2025,CLI-1129,Equities,181031.13,42.22,42.22,1,0,Settled
TRD-103184,16-09-2025,CLI-1137,Equities,293651.36,142.71,142.71,0,0,Settled
TRD-103185,07-07-2025,CLI-1110,Equities,345174.02,141.1,141.1,3,0,Settled
TRD-103186,22-06-2025,CLI-1016,OTC Derivatives,43343.81,4.68,6.31,0,1,SSI Mismatch
TRD-103187,17-10-2025,CLI-1089,Equities,342748.29,165.54,165.54,1,0,Settled
TRD-103188,14-02-2025,CLI-1046,OTC Derivatives,287841.47,118.07,118.07,2,1,Custodian Delay
TRD-103189,02-03-2025,CLI-1118,Fixed Income,633343.2,101.13,101.13,0,0,Settled
TRD-103190,24-03-2025,CLI-1050,Fixed Income,528757.53,69.02,69.02,0,0,Settled
TRD-103191,03-05-2025,CLI-1123,Fixed Income,112415.94,25.1,25.1,1,0,Settled
TRD-103192,24-12-2025,CLI-1021,OTC Derivatives,125423.4,43.86,43.86,2,1,System Lag
TRD-103193,16-01-2025,CLI-1104,Equities,154512.27,53.56,53.56,2,0,Settled
TRD-103194,07-03-2025,CLI-1058,Equities,108585.9,22.84,22.84,1,0,Settled
TRD-103195,25-05-2025,CLI-1101,Fixed Income,545323.3,151.75,151.75,1,0,Settled
TRD-103196,11-06-2025,CLI-1009,Equities,2605196.2,481.33,481.33,0,0,Settled
TRD-103197,22-08-2025,CLI-1032,Fixed Income,537932.09,64.68,64.68,0,0,Settled
TRD-103198,24-05-2025,CLI-1120,Fixed Income,476567.84,146.21,146.21,1,0,Settled
TRD-103199,24-12-2025,CLI-1005,Fixed Income,273755.3,65.37,65.37,4,0,Settled
TRD-103200,07-07-2025,CLI-1025,Fixed Income,197405.1,62.61,62.61,2,0,Settled
TRD-103201,18-11-2025,CLI-1140,Fixed Income,1219973.99,583.88,583.88,0,0,Settled
TRD-103202,13-01-2025,CLI-1143,OTC Derivatives,1746914.27,274.87,274.87,0,1,SSI Mismatch
TRD-103203,03-07-2025,CLI-1035,OTC Derivatives,353360.11,35.61,46.98,1,0,Settled
TRD-103204,21-04-2025,CLI-1035,Fixed Income,181386.37,23.72,23.72,2,1,Custodian Delay
TRD-103205,17-10-2025,CLI-1044,Fixed Income,745103.72,212.42,212.42,1,0,Settled
TRD-103206,22-10-2025,CLI-1024,OTC Derivatives,81044.98,31.02,31.02,0,0,Settled
TRD-103207,03-08-2025,CLI-1111,Fixed Income,735338.02,244.36,244.36,0,0,Settled
TRD-103208,30-04-2025,CLI-1146,Fixed Income,864486.53,257.58,257.58,2,1,SSI Mismatch
TRD-103209,24-02-2025,CLI-1092,OTC Derivatives,76710.81,18.53,18.53,0,1,Margin Breach
TRD-103210,27-01-2025,CLI-1044,Fixed Income,1893128.02,424.04,424.04,2,1,SSI Mismatch
TRD-103211,28-04-2025,CLI-1042,Equities,2127227.3,532.9,532.9,2,0,Settled
TRD-103212,09-08-2025,CLI-1016,OTC Derivatives,1390088.86,479.1,591.11,0,0,Settled
TRD-103213,19-08-2025,CLI-1102,Equities,352624.04,58.92,58.92,0,0,Settled
TRD-103214,22-02-2025,CLI-1024,OTC Derivatives,151230.62,61.78,61.78,1,0,Settled
TRD-103215,22-10-2025,CLI-1096,OTC Derivatives,446148.02,147.27,147.27,3,0,Settled
TRD-103216,17-11-2025,CLI-1033,FX Options,282306.56,58.62,58.62,2,0,Settled
TRD-103217,21-08-2025,CLI-1141,Equities,125303.57,37.65,37.65,3,0,Settled
TRD-103218,07-06-2025,CLI-1111,Fixed Income,285542.99,138.52,138.52,0,0,Settled
TRD-103219,26-09-2025,CLI-1056,Fixed Income,555158.15,60.07,60.07,2,0,Settled
TRD-103220,21-01-2025,CLI-1017,Equities,46776.61,8.41,8.41,2,0,Settled
TRD-103221,22-02-2025,CLI-1147,Equities,212796.06,59.45,59.45,1,1,System Lag
TRD-103222,02-10-2025,CLI-1029,Fixed Income,18977.56,6.74,6.74,1,0,Settled
TRD-103223,09-11-2025,CLI-1108,Fixed Income,702139.21,129.82,129.82,1,0,Settled
TRD-103224,08-10-2025,CLI-1065,Equities,521786.64,246.58,246.58,0,0,Settled
TRD-103225,02-08-2025,CLI-1139,Fixed Income,42361.07,15.12,15.12,0,0,Settled
TRD-103226,31-01-2025,CLI-1148,OTC Derivatives,1682468.45,758.75,758.75,1,0,Settled
TRD-103227,03-12-2025,CLI-1033,OTC Derivatives,21440.67,4.97,4.97,1,0,Settled
TRD-103228,02-07-2025,CLI-1037,FX Options,455751.07,196.69,196.69,2,1,Margin Breach
TRD-103229,23-01-2025,CLI-1096,Fixed Income,758875.51,190.7,190.7,0,0,Settled
TRD-103230,01-02-2025,CLI-1069,FX Options,785340.02,157.93,157.93,1,0,Settled
TRD-103231,15-03-2025,CLI-1084,OTC Derivatives,27443.33,12.75,12.75,1,1,SSI Mismatch
TRD-103232,10-01-2025,CLI-1120,Equities,1194443.29,163.5,197.17,1,0,Settled
TRD-103233,23-02-2025,CLI-1091,Equities,1263279.73,602.78,602.78,0,0,Settled
TRD-103234,21-02-2025,CLI-1057,Fixed Income,422072.75,119.62,119.62,1,1,System Lag
TRD-103235,28-05-2025,CLI-1072,Fixed Income,338970.33,168.49,168.49,2,0,Settled
TRD-103236,09-06-2025,CLI-1105,Fixed Income,32952.58,10.41,10.41,2,0,Settled
TRD-103237,14-01-2025,CLI-1073,Fixed Income,422715.84,170.35,170.35,1,0,Settled
TRD-103238,27-06-2025,CLI-1054,OTC Derivatives,273290.45,28.1,28.1,2,0,Settled
TRD-103239,22-02-2025,CLI-1028,Fixed Income,750976.4,224.29,224.29,2,1,SSI Mismatch
TRD-103240,01-12-2025,CLI-1111,Equities,268659.64,106.12,106.12,1,0,Settled
TRD-103241,22-01-2025,CLI-1082,OTC Derivatives,585343.73,241.82,241.82,0,0,Settled
TRD-103242,30-01-2025,CLI-1117,Equities,63463.17,10.36,10.36,3,0,Settled
TRD-103243,10-07-2025,CLI-1031,FX Options,81330.63,21.76,21.76,4,1,Margin Breach
TRD-103244,17-09-2025,CLI-1011,Equities,85242.98,22.81,22.81,2,1,System Lag
TRD-103245,24-07-2025,CLI-1115,FX Options,33297.18,4.71,4.71,0,0,Settled
TRD-103246,28-02-2025,CLI-1114,Equities,399710.9,110.81,142.02,0,0,Settled
TRD-103247,21-09-2025,CLI-1041,Equities,799861.23,338.21,338.21,1,0,Settled
TRD-103248,12-01-2025,CLI-1117,Equities,481331.73,105.93,146.65,0,0,Settled
TRD-103249,29-04-2025,CLI-1012,OTC Derivatives,437779.98,119.53,164.57,1,0,Settled
TRD-103250,17-10-2025,CLI-1028,OTC Derivatives,580692.98,281.28,281.28,0,0,Settled
TRD-103251,04-12-2025,CLI-1129,Fixed Income,217489.1,24.51,24.51,0,0,Settled
TRD-103252,05-09-2025,CLI-1126,FX Options,234672.51,78.99,78.99,1,0,Settled
TRD-103253,20-12-2025,CLI-1039,Fixed Income,198635.73,78.93,78.93,3,0,Settled
TRD-103254,07-05-2025,CLI-1138,Fixed Income,632586.55,255.79,255.79,2,0,Settled
TRD-103255,16-03-2025,CLI-1050,OTC Derivatives,98154.04,37.92,37.92,1,0,Settled
TRD-103256,27-12-2025,CLI-1132,Equities,16555.43,6.47,6.47,1,0,Settled
TRD-103257,23-07-2025,CLI-1081,Equities,463413.39,57.28,57.28,1,0,Settled
TRD-103258,18-02-2025,CLI-1093,FX Options,1436954.62,450.71,450.71,2,0,Settled
TRD-103259,20-03-2025,CLI-1148,FX Options,480045.76,198.35,198.35,2,0,Settled
TRD-103260,29-08-2025,CLI-1074,FX Options,773748.47,106.49,106.49,3,1,System Lag
TRD-103261,15-12-2025,CLI-1076,FX Options,568577.64,59.6,59.6,1,0,Settled
TRD-103262,03-06-2025,CLI-1059,Equities,354016.79,150.75,173.78,1,0,Settled
TRD-103263,01-10-2025,CLI-1066,OTC Derivatives,643620.34,247.74,247.74,1,0,Settled
TRD-103264,06-04-2025,CLI-1143,Fixed Income,878931.54,232.81,232.81,0,0,Settled
TRD-103265,02-08-2025,CLI-1025,FX Options,137273.02,65.36,65.36,3,1,Margin Breach
TRD-103266,21-10-2025,CLI-1003,Fixed Income,214834.83,87.36,87.36,1,0,Settled
TRD-103267,28-07-2025,CLI-1100,Fixed Income,136624.69,66.56,84.02,2,1,Custodian Delay
TRD-103268,09-12-2025,CLI-1089,Fixed Income,310897.83,146.66,146.66,2,0,Settled
TRD-103269,29-03-2025,CLI-1101,Equities,1091692.31,319.34,319.34,1,0,Settled
TRD-103270,02-11-2025,CLI-1142,Equities,221718.14,89.1,89.1,1,0,Settled
TRD-103271,21-09-2025,CLI-1148,OTC Derivatives,244575.51,89.92,116.99,1,0,Settled
TRD-103272,21-11-2025,CLI-1040,OTC Derivatives,994369.7,422.19,422.19,1,0,Settled
TRD-103273,16-11-2025,CLI-1076,Equities,372189.25,154.49,154.49,0,0,Settled
TRD-103274,06-06-2025,CLI-1057,OTC Derivatives,393341.97,63.44,63.44,3,0,Settled
TRD-103275,05-06-2025,CLI-1017,Fixed Income,995926.09,192.71,192.71,1,0,Settled
TRD-103276,19-05-2025,CLI-1047,Fixed Income,347188.95,71.62,71.62,0,1,System Lag
TRD-103277,01-05-2025,CLI-1063,Equities,582156.73,248.81,248.81,0,0,Settled
TRD-103278,06-03-2025,CLI-1047,OTC Derivatives,54768.01,23.24,23.24,0,0,Settled
TRD-103279,17-04-2025,CLI-1074,OTC Derivatives,108391.84,32.32,32.32,1,1,Custodian Delay
TRD-103280,27-05-2025,CLI-1089,Fixed Income,269073.01,89.42,89.42,2,1,System Lag
TRD-103281,17-05-2025,CLI-1104,Fixed Income,351439.11,151.39,151.39,3,1,Custodian Delay
TRD-103282,11-06-2025,CLI-1064,Equities,1696796.48,381.84,381.84,2,0,Settled
TRD-103283,10-04-2025,CLI-1051,Fixed Income,1774259.19,213.04,213.04,0,0,Settled
TRD-103284,04-12-2025,CLI-1134,Equities,962566.29,282.07,282.07,1,0,Settled
TRD-103285,03-11-2025,CLI-1141,Equities,199605.52,92.91,92.91,2,1,SSI Mismatch
TRD-103286,21-05-2025,CLI-1104,Fixed Income,1672511.25,696.08,696.08,0,0,Settled
TRD-103287,24-03-2025,CLI-1145,FX Options,594529.5,146.64,146.64,0,0,Settled
TRD-103288,26-06-2025,CLI-1140,Fixed Income,259563.93,32.68,32.68,1,0,Settled
TRD-103289,17-07-2025,CLI-1099,Equities,614785.75,218.11,218.11,2,0,Settled
TRD-103290,22-04-2025,CLI-1144,Fixed Income,18330.38,7.95,7.95,2,0,Settled
TRD-103291,25-02-2025,CLI-1118,OTC Derivatives,89002.61,32.57,32.57,1,0,Settled
TRD-103292,28-06-2025,CLI-1137,OTC Derivatives,895054.9,241.69,241.69,2,0,Settled
TRD-103293,05-07-2025,CLI-1079,OTC Derivatives,528627.34,78.95,78.95,1,0,Settled
TRD-103294,06-08-2025,CLI-1022,Fixed Income,236431.45,109.78,109.78,1,1,Custodian Delay
TRD-103295,12-11-2025,CLI-1142,OTC Derivatives,357240.68,75.16,75.16,1,0,Settled
TRD-103296,05-08-2025,CLI-1070,Equities,1187687.91,225.32,225.32,2,0,Settled
TRD-103297,30-04-2025,CLI-1078,Equities,509263.28,217.15,217.15,1,0,Settled
TRD-103298,24-06-2025,CLI-1038,Equities,263872.92,129.95,167.75,0,0,Settled
TRD-103299,23-01-2025,CLI-1058,Fixed Income,74102.32,26.98,26.98,1,0,Settled
TRD-103300,01-08-2025,CLI-1032,FX Options,183890.73,64.35,64.35,2,0,Settled
TRD-103301,23-08-2025,CLI-1033,OTC Derivatives,1926149.39,438.72,438.72,2,1,SSI Mismatch
TRD-103302,13-01-2025,CLI-1022,Equities,297560.37,32.19,32.19,0,0,Settled
TRD-103303,11-04-2025,CLI-1055,Equities,329177.5,58.17,58.17,1,0,Settled
TRD-103304,24-01-2025,CLI-1044,Equities,355173.58,118.55,118.55,3,0,Settled
TRD-103305,30-12-2025,CLI-1095,Equities,1087531.12,174.58,174.58,2,1,SSI Mismatch
TRD-103306,11-01-2025,CLI-1148,Fixed Income,473079.99,214.56,214.56,0,0,Settled
TRD-103307,30-09-2025,CLI-1129,FX Options,601557.65,105.43,105.43,2,0,Settled
TRD-103308,08-10-2025,CLI-1008,FX Options,256667.69,79.27,110.95,2,0,Settled
TRD-103309,04-04-2025,CLI-1083,Fixed Income,24759.53,7.55,7.55,1,1,SSI Mismatch
TRD-103310,20-07-2025,CLI-1078,OTC Derivatives,1346628.15,459.98,459.98,1,0,Settled
TRD-103311,21-01-2025,CLI-1057,Fixed Income,1499218.17,346.28,346.28,2,0,Settled
TRD-103312,06-12-2025,CLI-1078,Equities,1499467.6,673.88,673.88,2,1,Custodian Delay
TRD-103313,30-07-2025,CLI-1121,Fixed Income,1448415.7,402.25,402.25,0,0,Settled
TRD-103314,20-05-2025,CLI-1068,Fixed Income,854354.05,324.71,324.71,1,0,Settled
TRD-103315,20-10-2025,CLI-1033,OTC Derivatives,586950.54,207.99,207.99,4,0,Settled
TRD-103316,25-10-2025,CLI-1071,Equities,940586.67,138.14,138.14,1,1,System Lag
TRD-103317,11-04-2025,CLI-1007,Equities,468828.63,163.65,163.65,0,0,Settled
TRD-103318,31-10-2025,CLI-1105,Equities,82148.63,26.31,26.31,1,1,Margin Breach
TRD-103319,25-12-2025,CLI-1119,FX Options,258147.66,118.6,118.6,1,0,Settled
TRD-103320,28-01-2025,CLI-1089,Fixed Income,1785340.44,807.6,807.6,0,0,Settled
TRD-103321,10-02-2025,CLI-1033,OTC Derivatives,226267.47,36.29,36.29,1,0,Settled
TRD-103322,21-12-2025,CLI-1090,OTC Derivatives,1021825.26,135.57,135.57,2,0,Settled
TRD-103323,30-10-2025,CLI-1081,Equities,58923.01,12.84,12.84,0,0,Settled
TRD-103324,26-05-2025,CLI-1127,Fixed Income,213370.84,105.54,132.42,0,0,Settled
TRD-103325,13-09-2025,CLI-1008,OTC Derivatives,226125.32,24.56,24.56,3,0,Settled
TRD-103326,15-08-2025,CLI-1143,Fixed Income,36490.8,13.47,13.47,0,0,Settled
TRD-103327,24-08-2025,CLI-1114,FX Options,73402.37,25.21,25.21,0,0,Settled
TRD-103328,27-12-2025,CLI-1024,Equities,117318.18,42.07,42.07,2,0,Settled
TRD-103329,13-01-2025,CLI-1131,Equities,919510.63,172.24,172.24,3,0,Settled
TRD-103330,29-07-2025,CLI-1094,OTC Derivatives,42750.55,8.15,8.15,1,1,Custodian Delay
TRD-103331,17-08-2025,CLI-1043,OTC Derivatives,187410.4,51.02,51.02,0,1,SSI Mismatch
TRD-103332,10-04-2025,CLI-1101,FX Options,15113.56,2.09,2.09,0,0,Settled
TRD-103333,31-01-2025,CLI-1110,Fixed Income,604751.9,78.52,78.52,0,0,Settled
TRD-103334,16-01-2025,CLI-1040,FX Options,494190.97,66.89,66.89,1,0,Settled
TRD-103335,17-05-2025,CLI-1016,OTC Derivatives,527793.76,173.75,173.75,2,1,Margin Breach
TRD-103336,25-11-2025,CLI-1124,OTC Derivatives,244508.29,63.35,63.35,1,0,Settled
TRD-103337,15-06-2025,CLI-1018,Fixed Income,126766.05,27.56,27.56,2,1,System Lag
TRD-103338,06-11-2025,CLI-1143,Equities,647054.97,146.45,146.45,0,0,Settled
TRD-103339,10-04-2025,CLI-1060,FX Options,843316.06,154.25,154.25,1,0,Settled
TRD-103340,19-04-2025,CLI-1010,Fixed Income,84599.02,22.39,22.39,3,1,System Lag
TRD-103341,09-12-2025,CLI-1129,Fixed Income,343573.49,62.26,62.26,1,0,Settled
TRD-103342,22-06-2025,CLI-1004,Fixed Income,152985.56,58.01,58.01,4,1,Margin Breach
TRD-103343,25-08-2025,CLI-1063,Fixed Income,102025.64,15.26,15.26,1,0,Settled
TRD-103344,11-06-2025,CLI-1016,Fixed Income,672741.35,322.44,322.44,2,0,Settled
TRD-103345,04-08-2025,CLI-1100,Equities,396200.11,53.85,53.85,2,1,Custodian Delay
TRD-103346,21-09-2025,CLI-1078,OTC Derivatives,131791.34,62.92,62.92,1,0,Settled
TRD-103347,20-09-2025,CLI-1086,Fixed Income,195531.85,84.73,84.73,3,0,Settled
TRD-103348,19-10-2025,CLI-1042,Fixed Income,1710403.8,636.76,636.76,0,0,Settled
TRD-103349,01-10-2025,CLI-1081,Equities,954177.8,443.62,443.62,2,0,Settled
TRD-103350,03-01-2025,CLI-1033,Equities,1069909.91,166.57,166.57,0,0,Settled
TRD-103351,28-01-2025,CLI-1071,Equities,318104.27,54.25,54.25,1,0,Settled
TRD-103352,22-11-2025,CLI-1108,OTC Derivatives,498826.84,100.19,100.19,2,0,Settled
TRD-103353,29-05-2025,CLI-1029,Equities,246418.01,48.77,48.77,1,0,Settled
TRD-103354,28-01-2025,CLI-1059,FX Options,50448.86,11.32,11.32,1,0,Settled
TRD-103355,06-11-2025,CLI-1074,Equities,266304.7,87.95,87.95,3,0,Settled
TRD-103356,06-03-2025,CLI-1084,Equities,460677.36,51.26,63.26,0,0,Settled
TRD-103357,22-12-2025,CLI-1048,Equities,179238.11,45.33,45.33,3,1,SSI Mismatch
TRD-103358,21-01-2025,CLI-1090,Equities,951774.82,188.98,188.98,2,0,Settled
TRD-103359,09-09-2025,CLI-1107,OTC Derivatives,91907.04,31.49,31.49,1,1,System Lag
TRD-103360,23-08-2025,CLI-1089,OTC Derivatives,238744.41,117.96,117.96,1,0,Settled
TRD-103361,15-08-2025,CLI-1052,Fixed Income,76710.79,23.55,23.55,1,0,Settled
TRD-103362,13-01-2025,CLI-1037,Equities,269455.89,72.83,72.83,0,0,Settled
TRD-103363,09-11-2025,CLI-1070,Equities,30234.62,7.48,7.48,1,0,Settled
TRD-103364,18-02-2025,CLI-1003,Fixed Income,169104.59,70.01,70.01,1,0,Settled
TRD-103365,28-04-2025,CLI-1048,FX Options,266025.9,34.26,34.26,7,1,System Lag
TRD-103366,23-02-2025,CLI-1084,Equities,335202.26,162.21,162.21,3,0,Settled
TRD-103367,18-05-2025,CLI-1063,OTC Derivatives,402298.41,107.48,107.48,1,0,Settled
TRD-103368,22-02-2025,CLI-1114,Fixed Income,170785.69,38.51,49.28,2,1,Margin Breach
TRD-103369,13-02-2025,CLI-1023,Equities,380162.72,186.14,186.14,1,0,Settled
TRD-103370,30-10-2025,CLI-1064,Fixed Income,365660.28,173.45,173.45,0,0,Settled
TRD-103371,22-02-2025,CLI-1051,Equities,200028.85,71.37,71.37,0,0,Settled
TRD-103372,15-03-2025,CLI-1113,OTC Derivatives,896567.98,96.29,96.29,0,0,Settled
TRD-103373,15-02-2025,CLI-1070,Equities,404433.96,161.54,161.54,0,0,Settled
TRD-103374,13-01-2025,CLI-1024,OTC Derivatives,211935.48,49.64,49.64,2,0,Settled
TRD-103375,14-06-2025,CLI-1049,Equities,1481935.44,378.36,378.36,2,0,Settled
TRD-103376,12-04-2025,CLI-1139,FX Options,942527.84,154.1,154.1,1,1,System Lag
TRD-103377,07-10-2025,CLI-1019,Equities,2035292.42,629.69,826.26,1,0,Settled
TRD-103378,15-09-2025,CLI-1139,OTC Derivatives,599207.56,238.38,238.38,1,0,Settled
TRD-103379,03-12-2025,CLI-1018,OTC Derivatives,247586.81,51.8,51.8,1,1,Margin Breach
TRD-103380,22-12-2025,CLI-1101,FX Options,174850.08,83.14,116.1,1,0,Settled
TRD-103381,18-05-2025,CLI-1061,Fixed Income,554307.97,98.61,98.61,1,0,Settled
TRD-103382,12-06-2025,CLI-1114,OTC Derivatives,1986854.52,251.35,251.35,0,0,Settled
TRD-103383,21-04-2025,CLI-1006,Equities,502706.65,179.84,179.84,1,0,Settled
TRD-103384,12-04-2025,CLI-1067,Equities,1076906.38,473.55,473.55,2,0,Settled
TRD-103385,17-01-2025,CLI-1086,Fixed Income,209570.15,100.86,100.86,0,0,Settled
TRD-103386,25-09-2025,CLI-1092,Equities,271241.47,110.36,110.36,2,0,Settled
TRD-103387,01-07-2025,CLI-1079,FX Options,1193696.44,214.7,214.7,2,0,Settled
TRD-103388,24-01-2025,CLI-1081,Equities,717072.72,352.13,352.13,1,1,Margin Breach
TRD-103389,29-01-2025,CLI-1057,Fixed Income,2002574.36,936.75,936.75,0,0,Settled
TRD-103390,20-06-2025,CLI-1138,Fixed Income,755303.73,124.83,124.83,1,0,Settled
TRD-103391,16-08-2025,CLI-1086,Fixed Income,307570.96,99.5,99.5,1,0,Settled
TRD-103392,07-07-2025,CLI-1011,Fixed Income,388648.78,125.23,125.23,1,0,Settled
TRD-103393,12-12-2025,CLI-1083,Equities,1163876.68,322.41,322.41,1,0,Settled
TRD-103394,18-08-2025,CLI-1034,Fixed Income,411086.91,202.96,202.96,0,0,Settled
TRD-103395,17-11-2025,CLI-1096,Equities,157452.3,19.5,19.5,1,0,Settled
TRD-103396,06-12-2025,CLI-1036,FX Options,296013.58,103.87,103.87,1,0,Settled
TRD-103397,29-04-2025,CLI-1023,OTC Derivatives,373161.73,67.96,86.61,2,0,Settled
TRD-103398,05-06-2025,CLI-1132,FX Options,60861.26,18.92,18.92,1,1,System Lag
TRD-103399,29-09-2025,CLI-1050,Equities,690825.61,284.55,284.55,0,0,Settled
TRD-103400,24-06-2025,CLI-1110,Equities,67904.08,13.49,13.49,1,0,Settled
TRD-103401,14-04-2025,CLI-1071,Equities,269527.79,69.36,69.36,0,0,Settled
TRD-103402,02-04-2025,CLI-1017,Equities,826410.7,396.93,396.93,0,0,Settled
TRD-103403,05-07-2025,CLI-1119,Equities,325152.26,131.55,131.55,2,0,Settled
TRD-103404,10-10-2025,CLI-1120,Fixed Income,932629.24,306.92,306.92,1,0,Settled
TRD-103405,30-06-2025,CLI-1103,Equities,219185,41.38,41.38,1,0,Settled
TRD-103406,19-06-2025,CLI-1076,Fixed Income,1590731.64,429.69,429.69,1,1,Custodian Delay
TRD-103407,06-07-2025,CLI-1032,OTC Derivatives,127524.84,52.24,52.24,1,0,Settled
TRD-103408,24-06-2025,CLI-1040,Fixed Income,29507.72,12.64,12.64,0,0,Settled
TRD-103409,10-08-2025,CLI-1000,Equities,1039531.47,205.66,205.66,4,0,Settled
TRD-103410,21-08-2025,CLI-1062,Equities,707572.14,258.14,258.14,1,0,Settled
TRD-103411,11-06-2025,CLI-1121,Fixed Income,141972.25,19.59,19.59,3,1,SSI Mismatch
TRD-103412,14-05-2025,CLI-1081,Equities,2101312.79,229.64,229.64,0,0,Settled
TRD-103413,12-08-2025,CLI-1079,Fixed Income,358858.93,114.64,114.64,1,0,Settled
TRD-103414,02-06-2025,CLI-1023,Equities,1518635.69,288.16,288.16,2,0,Settled
TRD-103415,02-02-2025,CLI-1093,OTC Derivatives,361627.82,47.58,47.58,3,1,Custodian Delay
TRD-103416,24-02-2025,CLI-1053,OTC Derivatives,329210.75,129.03,129.03,3,0,Settled
TRD-103417,07-01-2025,CLI-1005,Fixed Income,308135.97,92.19,92.19,3,0,Settled
TRD-103418,01-09-2025,CLI-1145,Equities,213890.35,89.52,89.52,0,0,Settled
TRD-103419,09-11-2025,CLI-1068,Equities,391464.64,143.11,167.78,2,0,Settled
TRD-103420,06-05-2025,CLI-1074,OTC Derivatives,311246.33,121.98,121.98,0,0,Settled
TRD-103421,12-01-2025,CLI-1045,Fixed Income,28719.53,6.4,7.55,0,0,Settled
TRD-103422,16-01-2025,CLI-1112,Equities,160846.71,33.02,42.45,1,0,Settled
TRD-103423,27-07-2025,CLI-1119,Equities,129841.54,44.19,44.19,1,0,Settled
TRD-103424,12-02-2025,CLI-1098,Equities,1020343.37,183.7,183.7,2,0,Settled
TRD-103425,15-05-2025,CLI-1137,OTC Derivatives,466734.83,198.91,198.91,4,0,Settled
TRD-103426,16-08-2025,CLI-1081,Equities,731290.79,226.09,226.09,1,0,Settled
TRD-103427,21-04-2025,CLI-1022,Fixed Income,1581258.85,301.7,301.7,1,0,Settled
TRD-103428,03-11-2025,CLI-1036,Fixed Income,526467.44,184.3,251.49,1,0,Settled
TRD-103429,09-06-2025,CLI-1087,Fixed Income,2035929.73,973.2,973.2,0,0,Settled
TRD-103430,27-11-2025,CLI-1071,OTC Derivatives,196811.78,26.14,26.14,1,0,Settled
TRD-103431,21-09-2025,CLI-1142,OTC Derivatives,113061.6,16.25,16.25,2,1,SSI Mismatch
TRD-103432,13-08-2025,CLI-1031,Fixed Income,268178.69,117.34,117.34,0,0,Settled
TRD-103433,05-08-2025,CLI-1103,Equities,328193.87,47.21,47.21,0,0,Settled
TRD-103434,14-02-2025,CLI-1030,Fixed Income,1138622.07,131.8,131.8,2,1,Custodian Delay
TRD-103435,02-08-2025,CLI-1104,Fixed Income,420422.6,100.55,100.55,2,1,SSI Mismatch
TRD-103436,28-02-2025,CLI-1141,Fixed Income,182783.43,52.4,63.54,3,1,SSI Mismatch
TRD-103437,12-05-2025,CLI-1013,Fixed Income,688628.59,225.72,225.72,0,0,Settled
TRD-103438,14-04-2025,CLI-1050,Equities,362439.81,109.79,130.68,1,0,Settled
TRD-103439,14-07-2025,CLI-1041,Fixed Income,98447.32,45.8,45.8,1,0,Settled
TRD-103440,06-06-2025,CLI-1105,Equities,439978.58,179.28,179.28,1,0,Settled
TRD-103441,08-04-2025,CLI-1076,OTC Derivatives,1221780.88,602.98,602.98,1,0,Settled
TRD-103442,14-08-2025,CLI-1049,Equities,934554.32,271.56,271.56,1,0,Settled
TRD-103443,24-07-2025,CLI-1030,OTC Derivatives,451923.84,60.44,60.44,1,1,SSI Mismatch
TRD-103444,20-03-2025,CLI-1017,Equities,246671.14,118.95,118.95,1,0,Settled
TRD-103445,04-05-2025,CLI-1023,Fixed Income,55498.06,5.64,5.64,0,0,Settled
TRD-103446,06-08-2025,CLI-1015,OTC Derivatives,327108.04,134.26,134.26,1,0,Settled
TRD-103447,04-01-2025,CLI-1138,Equities,707323.45,79.58,79.58,2,0,Settled
TRD-103448,31-03-2025,CLI-1149,OTC Derivatives,233357.44,94.39,113.67,2,0,Settled
TRD-103449,14-04-2025,CLI-1050,Fixed Income,144231.85,68.54,68.54,0,0,Settled
TRD-103450,29-04-2025,CLI-1013,Fixed Income,1349583.58,345.09,345.09,0,0,Settled
TRD-103451,13-05-2025,CLI-1098,Equities,871739.39,171.2,171.2,1,1,SSI Mismatch
TRD-103452,08-11-2025,CLI-1104,Fixed Income,518436.37,98.77,98.77,2,0,Settled
TRD-103453,06-04-2025,CLI-1082,Fixed Income,83544.78,24.79,24.79,1,0,Settled
TRD-103454,27-11-2025,CLI-1138,Fixed Income,88273.6,14.86,14.86,2,1,Margin Breach
TRD-103455,23-05-2025,CLI-1097,Fixed Income,64472.13,23.8,23.8,2,1,SSI Mismatch
TRD-103456,15-10-2025,CLI-1123,Fixed Income,488942.8,120.94,120.94,2,1,System Lag
TRD-103457,28-01-2025,CLI-1141,Equities,71401.88,16.37,16.37,4,0,Settled
TRD-103458,05-10-2025,CLI-1108,Equities,934568.88,265.9,330.57,1,0,Settled
TRD-103459,21-08-2025,CLI-1077,Equities,2488428.92,788.92,788.92,1,0,Settled
TRD-103460,17-01-2025,CLI-1119,Equities,238127.83,37.33,37.33,0,0,Settled
TRD-103461,28-02-2025,CLI-1025,OTC Derivatives,312265.91,119.63,119.63,1,0,Settled
TRD-103462,31-03-2025,CLI-1076,OTC Derivatives,631819.92,286.33,286.33,0,0,Settled
TRD-103463,18-07-2025,CLI-1018,Equities,1393526.09,294.31,294.31,0,0,Settled
TRD-103464,28-12-2025,CLI-1077,FX Options,1132600.62,194.98,194.98,1,0,Settled
TRD-103465,26-01-2025,CLI-1041,Fixed Income,39658.4,16.03,16.03,1,0,Settled
TRD-103466,25-01-2025,CLI-1105,FX Options,102605.95,17.79,17.79,1,0,Settled
TRD-103467,28-10-2025,CLI-1010,OTC Derivatives,712427.17,83,83,0,0,Settled
TRD-103468,05-12-2025,CLI-1097,OTC Derivatives,593809.36,206.47,206.47,2,1,System Lag
TRD-103469,24-09-2025,CLI-1039,Equities,81484.23,15.96,15.96,0,0,Settled
TRD-103470,30-06-2025,CLI-1117,Equities,358642.45,60.51,60.51,1,1,System Lag
TRD-103471,26-12-2025,CLI-1003,Equities,768918.74,378.8,378.8,0,0,Settled
TRD-103472,09-03-2025,CLI-1096,OTC Derivatives,133449.68,28.92,33.54,2,0,Settled
TRD-103473,17-12-2025,CLI-1137,Equities,1035087.55,477.57,477.57,2,0,Settled
TRD-103474,17-11-2025,CLI-1101,OTC Derivatives,37213.19,6.37,6.37,2,0,Settled
TRD-103475,18-02-2025,CLI-1086,Equities,772077.75,330.13,330.13,1,0,Settled
TRD-103476,24-06-2025,CLI-1007,OTC Derivatives,488320.61,146.89,146.89,2,0,Settled
TRD-103477,21-02-2025,CLI-1102,Equities,199313.75,26.2,26.2,4,0,Settled
TRD-103478,12-04-2025,CLI-1075,Equities,648150.88,255.01,255.01,1,0,Settled
TRD-103479,04-08-2025,CLI-1017,Equities,772469.79,352.89,352.89,1,0,Settled
TRD-103480,07-07-2025,CLI-1066,Fixed Income,1368285.48,226.05,226.05,2,0,Settled
TRD-103481,26-02-2025,CLI-1112,Equities,239254.71,93.37,93.37,1,0,Settled
TRD-103482,16-02-2025,CLI-1131,OTC Derivatives,589207.8,163.81,163.81,1,1,Margin Breach
TRD-103483,08-06-2025,CLI-1020,Equities,471426.45,189.3,189.3,1,0,Settled
TRD-103484,23-06-2025,CLI-1072,Equities,382437.2,147.46,147.46,1,0,Settled
TRD-103485,30-08-2025,CLI-1043,OTC Derivatives,1115534.11,123.42,123.42,2,0,Settled
TRD-103486,09-10-2025,CLI-1060,Equities,11586.17,1.99,2.54,0,0,Settled
TRD-103487,29-08-2025,CLI-1091,FX Options,175720.58,50.68,50.68,0,0,Settled
TRD-103488,05-01-2025,CLI-1126,FX Options,396395.33,187.67,187.67,0,0,Settled
TRD-103489,25-03-2025,CLI-1118,Equities,108185.86,25.62,25.62,0,1,Custodian Delay
TRD-103490,04-11-2025,CLI-1067,Equities,1202258.52,422.65,422.65,0,0,Settled
TRD-103491,27-12-2025,CLI-1119,Equities,531487.27,55.72,55.72,1,0,Settled
TRD-103492,05-09-2025,CLI-1025,OTC Derivatives,334931.78,128.76,128.76,1,1,SSI Mismatch
TRD-103493,23-02-2025,CLI-1065,Fixed Income,852894.32,291.03,291.03,3,0,Settled
TRD-103494,10-06-2025,CLI-1084,Fixed Income,309724.78,119.6,119.6,0,0,Settled
TRD-103495,14-08-2025,CLI-1017,OTC Derivatives,418961.95,193.5,193.5,0,0,Settled
TRD-103496,15-01-2025,CLI-1065,Equities,11377.39,1.8,1.8,1,1,Custodian Delay
TRD-103497,12-08-2025,CLI-1134,OTC Derivatives,237617.04,48.62,48.62,1,0,Settled
TRD-103498,02-03-2025,CLI-1125,OTC Derivatives,84708.73,42.21,42.21,1,0,Settled
TRD-103499,02-05-2025,CLI-1147,Fixed Income,595089.61,96.71,96.71,0,0,Settled
TRD-103500,04-10-2025,CLI-1120,OTC Derivatives,336028.49,130.46,130.46,1,0,Settled
TRD-103501,15-02-2025,CLI-1095,OTC Derivatives,189594.45,73.95,101.77,3,0,Settled
TRD-103502,21-10-2025,CLI-1078,Equities,325398.34,121.44,121.44,1,0,Settled
TRD-103503,03-03-2025,CLI-1057,Fixed Income,127626.97,24.37,24.37,2,0,Settled
TRD-103504,27-03-2025,CLI-1049,Fixed Income,1305711.47,242.93,242.93,1,0,Settled
TRD-103505,29-07-2025,CLI-1125,Equities,37741.89,13.83,13.83,1,0,Settled
TRD-103506,19-03-2025,CLI-1070,FX Options,1012787.22,176.73,176.73,0,0,Settled
TRD-103507,21-07-2025,CLI-1023,Equities,368063.39,134.21,134.21,1,0,Settled
TRD-103508,29-10-2025,CLI-1080,Fixed Income,492407.74,146.25,146.25,3,1,Custodian Delay
TRD-103509,11-08-2025,CLI-1102,Fixed Income,190202.1,48.44,48.44,2,0,Settled
TRD-103510,10-08-2025,CLI-1004,Equities,1711063.16,376.59,376.59,0,0,Settled
TRD-103511,03-01-2025,CLI-1000,FX Options,175539.08,84.09,84.09,4,0,Settled
TRD-103512,06-01-2025,CLI-1042,OTC Derivatives,454432.63,137.8,137.8,1,1,SSI Mismatch
TRD-103513,03-04-2025,CLI-1124,Fixed Income,2521609.96,818.26,818.26,1,0,Settled
TRD-103514,08-01-2025,CLI-1067,Equities,1074712.67,515.54,515.54,0,0,Settled
TRD-103515,23-08-2025,CLI-1040,Equities,394290.9,142.56,142.56,2,1,Margin Breach
TRD-103516,18-04-2025,CLI-1124,Equities,2331670.92,1126.53,1126.53,0,0,Settled
TRD-103517,10-06-2025,CLI-1148,Equities,614274.73,87.56,87.56,0,0,Settled
TRD-103518,28-07-2025,CLI-1019,Fixed Income,127039.32,55.73,55.73,2,0,Settled
TRD-103519,28-08-2025,CLI-1147,FX Options,270098.21,63.25,63.25,1,1,Custodian Delay
TRD-103520,27-11-2025,CLI-1036,Fixed Income,213603.31,90.61,90.61,3,0,Settled
TRD-103521,29-11-2025,CLI-1080,OTC Derivatives,220807.69,97.65,97.65,1,0,Settled
TRD-103522,19-02-2025,CLI-1072,Fixed Income,724510,151.13,151.13,1,0,Settled
TRD-103523,11-01-2025,CLI-1126,Fixed Income,448851.13,118.29,118.29,2,0,Settled
TRD-103524,17-12-2025,CLI-1008,OTC Derivatives,29418.6,11.49,11.49,2,0,Settled
TRD-103525,05-06-2025,CLI-1080,Fixed Income,1059611.9,147.95,147.95,3,0,Settled
TRD-103526,11-03-2025,CLI-1118,OTC Derivatives,186054.22,74.83,74.83,3,1,System Lag
TRD-103527,18-06-2025,CLI-1090,Equities,2927209.36,422.07,422.07,1,0,Settled
TRD-103528,29-09-2025,CLI-1062,Equities,1551634.41,722.72,984.65,1,1,System Lag
TRD-103529,09-03-2025,CLI-1025,OTC Derivatives,1421147.67,299.2,299.2,0,0,Settled
TRD-103530,21-12-2025,CLI-1038,Fixed Income,843341.82,278.5,278.5,0,0,Settled
TRD-103531,09-09-2025,CLI-1142,OTC Derivatives,134624,19.77,19.77,1,0,Settled
TRD-103532,17-02-2025,CLI-1057,FX Options,390319.96,81.11,81.11,1,0,Settled
TRD-103533,03-07-2025,CLI-1107,Equities,136996.41,35.84,35.84,1,0,Settled
TRD-103534,16-11-2025,CLI-1030,Fixed Income,160333.31,47.27,47.27,0,0,Settled
TRD-103535,06-07-2025,CLI-1103,Equities,482025.98,48.22,48.22,3,0,Settled
TRD-103536,31-03-2025,CLI-1108,Fixed Income,30845.32,14.05,14.05,0,0,Settled
TRD-103537,28-11-2025,CLI-1116,OTC Derivatives,1754335.53,180.82,180.82,0,0,Settled
TRD-103538,19-05-2025,CLI-1036,Equities,1264639.67,517.84,517.84,3,0,Settled
TRD-103539,23-12-2025,CLI-1061,Fixed Income,249637.29,71.95,71.95,1,0,Settled
TRD-103540,30-03-2025,CLI-1046,OTC Derivatives,372238.9,115.23,115.23,1,0,Settled
TRD-103541,01-10-2025,CLI-1055,Equities,323791.55,59.35,81.01,3,0,Settled
TRD-103542,19-01-2025,CLI-1016,OTC Derivatives,1079382.56,370.17,370.17,0,0,Settled
TRD-103543,07-11-2025,CLI-1137,Fixed Income,593341.52,186.84,186.84,3,0,Settled
TRD-103544,24-12-2025,CLI-1042,FX Options,172942.12,28.66,28.66,3,0,Settled
TRD-103545,03-06-2025,CLI-1141,Equities,306055.13,59.76,59.76,0,0,Settled
TRD-103546,17-09-2025,CLI-1118,Equities,290153.24,36.78,36.78,0,0,Settled
TRD-103547,18-04-2025,CLI-1112,Fixed Income,1611195.82,203.84,203.84,1,0,Settled
TRD-103548,12-10-2025,CLI-1136,Equities,106374.41,11.22,11.22,0,0,Settled
TRD-103549,28-02-2025,CLI-1072,FX Options,56922.61,10.71,10.71,0,0,Settled
TRD-103550,05-05-2025,CLI-1010,Equities,1072716.91,398.91,398.91,5,0,Settled
TRD-103551,20-12-2025,CLI-1141,OTC Derivatives,1144991.14,259.32,259.32,2,1,System Lag
TRD-103552,30-09-2025,CLI-1013,Fixed Income,1036844.36,245.83,245.83,0,1,Margin Breach
TRD-103553,17-04-2025,CLI-1028,Equities,367672.79,56.17,56.17,0,0,Settled
TRD-103554,26-10-2025,CLI-1138,Equities,549029.13,181.28,226.82,1,0,Settled
TRD-103555,02-09-2025,CLI-1142,Fixed Income,424326.6,100.5,100.5,1,0,Settled
TRD-103556,02-12-2025,CLI-1013,Fixed Income,45988.57,17.04,17.04,0,0,Settled
TRD-103557,04-09-2025,CLI-1126,Equities,462965.91,183.6,214.94,6,0,Settled
TRD-103558,08-01-2025,CLI-1002,FX Options,16853.83,5.63,5.63,1,0,Settled
TRD-103559,21-05-2025,CLI-1139,Equities,206511.97,43.46,43.46,0,0,Settled
TRD-103560,28-12-2025,CLI-1057,Fixed Income,1356279.72,411.55,411.55,2,0,Settled
TRD-103561,08-01-2025,CLI-1013,Fixed Income,191235.33,38.39,38.39,0,0,Settled
TRD-103562,18-12-2025,CLI-1040,Equities,1415262.8,652.67,652.67,0,0,Settled
TRD-103563,04-04-2025,CLI-1016,FX Options,153930.35,62.58,62.58,2,0,Settled
TRD-103564,17-11-2025,CLI-1097,Equities,198848.79,59.1,75.39,1,0,Settled
TRD-103565,08-02-2025,CLI-1086,Equities,504978.72,245.51,245.51,2,0,Settled
TRD-103566,22-03-2025,CLI-1024,Equities,726959.25,231.68,231.68,1,0,Settled
TRD-103567,06-07-2025,CLI-1031,Fixed Income,357963.29,82.84,82.84,2,1,Custodian Delay
TRD-103568,25-03-2025,CLI-1042,Fixed Income,1079025.77,149.11,149.11,3,0,Settled
TRD-103569,29-03-2025,CLI-1056,Fixed Income,30536.23,9.7,9.7,0,0,Settled
TRD-103570,30-08-2025,CLI-1126,Equities,1286773.75,571.54,571.54,2,1,Custodian Delay
TRD-103571,08-12-2025,CLI-1056,Equities,119269.46,53.28,67.62,2,0,Settled
TRD-103572,03-04-2025,CLI-1050,OTC Derivatives,1088112.68,371.95,371.95,2,0,Settled
TRD-103573,27-03-2025,CLI-1134,Equities,266132.65,68.5,68.5,2,1,Margin Breach
TRD-103574,13-02-2025,CLI-1129,OTC Derivatives,904153.88,325.6,325.6,0,1,SSI Mismatch
TRD-103575,17-05-2025,CLI-1047,Equities,566861.26,229.5,229.5,1,0,Settled
TRD-103576,15-03-2025,CLI-1006,OTC Derivatives,106756.96,28.25,28.25,1,0,Settled
TRD-103577,05-02-2025,CLI-1066,Equities,1260808.16,366.27,366.27,0,0,Settled
TRD-103578,11-04-2025,CLI-1070,Fixed Income,150861.53,56.16,56.16,3,1,Custodian Delay
TRD-103579,05-06-2025,CLI-1090,Equities,149949.63,67.58,90.36,2,0,Settled
TRD-103580,12-09-2025,CLI-1149,Equities,851485.44,354.56,354.56,1,0,Settled
TRD-103581,20-06-2025,CLI-1004,Equities,65953.87,7.19,7.19,3,0,Settled
TRD-103582,04-08-2025,CLI-1065,Equities,135537.45,20.3,20.3,3,0,Settled
TRD-103583,19-06-2025,CLI-1047,Equities,360264.75,158.92,158.92,2,0,Settled
TRD-103584,09-09-2025,CLI-1023,Fixed Income,897383.42,389.04,389.04,1,0,Settled
TRD-103585,26-12-2025,CLI-1085,Fixed Income,89781.64,22.94,22.94,0,0,Settled
TRD-103586,18-11-2025,CLI-1086,OTC Derivatives,406669.69,135.71,135.71,1,0,Settled
TRD-103587,24-02-2025,CLI-1054,Fixed Income,631080.72,291.77,291.77,2,1,SSI Mismatch
TRD-103588,01-04-2025,CLI-1116,Fixed Income,995186.76,462.39,462.39,0,0,Settled
TRD-103589,05-10-2025,CLI-1142,Fixed Income,1381053.5,570.7,570.7,3,0,Settled
TRD-103590,11-04-2025,CLI-1123,Fixed Income,777721.92,142.97,142.97,0,0,Settled
TRD-103591,04-06-2025,CLI-1061,Fixed Income,538968.05,211.34,211.34,2,0,Settled
TRD-103592,15-12-2025,CLI-1149,OTC Derivatives,294245.1,41.32,41.32,2,0,Settled
TRD-103593,30-12-2025,CLI-1077,Equities,69453.8,31.78,31.78,3,1,SSI Mismatch
TRD-103594,21-05-2025,CLI-1024,Equities,628484.27,100.34,132.12,2,0,Settled
TRD-103595,22-06-2025,CLI-1077,Fixed Income,2472502.12,902.31,902.31,1,0,Settled
TRD-103596,10-01-2025,CLI-1084,Equities,677345.69,233.07,233.07,1,0,Settled
TRD-103597,16-08-2025,CLI-1096,OTC Derivatives,18426.15,7.57,7.57,1,0,Settled
TRD-103598,22-09-2025,CLI-1008,OTC Derivatives,352847.49,113.13,113.13,2,0,Settled
TRD-103599,05-09-2025,CLI-1121,Equities,486797.26,60.28,60.28,0,0,Settled
TRD-103600,04-09-2025,CLI-1138,Equities,595066.28,227.52,227.52,3,0,Settled
TRD-103601,04-06-2025,CLI-1048,Fixed Income,645993.5,163.61,163.61,0,0,Settled
TRD-103602,03-02-2025,CLI-1087,Fixed Income,418345.38,95.43,95.43,1,1,Custodian Delay
TRD-103603,09-05-2025,CLI-1052,Equities,136389.39,67.74,67.74,1,0,Settled
TRD-103604,09-06-2025,CLI-1137,OTC Derivatives,1435388.97,482.52,482.52,2,0,Settled
TRD-103605,30-03-2025,CLI-1001,Fixed Income,606461.16,233.06,233.06,1,0,Settled
TRD-103606,03-04-2025,CLI-1086,Equities,145143.81,45.07,45.07,1,1,System Lag
TRD-103607,23-11-2025,CLI-1031,Equities,204541.39,83.45,83.45,1,0,Settled
TRD-103608,29-08-2025,CLI-1095,OTC Derivatives,1285059.79,515.09,515.09,2,0,Settled
TRD-103609,19-11-2025,CLI-1145,Equities,1102335.2,399.99,399.99,3,1,System Lag
TRD-103610,27-04-2025,CLI-1015,OTC Derivatives,269720.01,134.62,134.62,0,0,Settled
TRD-103611,04-04-2025,CLI-1015,Fixed Income,29530.12,8.38,8.38,0,1,Custodian Delay
TRD-103612,12-06-2025,CLI-1054,Fixed Income,34856.41,13.33,13.33,0,0,Settled
TRD-103613,09-04-2025,CLI-1058,OTC Derivatives,176980.5,74.17,74.17,3,0,Settled
TRD-103614,23-04-2025,CLI-1054,OTC Derivatives,505941.35,126.69,126.69,0,0,Settled
TRD-103615,25-12-2025,CLI-1082,Equities,448769,126.94,126.94,2,0,Settled
TRD-103616,01-04-2025,CLI-1039,Equities,512325.76,249.84,249.84,1,0,Settled
TRD-103617,12-12-2025,CLI-1128,OTC Derivatives,641654.39,72.45,72.45,0,0,Settled
TRD-103618,25-07-2025,CLI-1010,Fixed Income,19607.85,4.59,4.59,1,0,Settled
TRD-103619,17-01-2025,CLI-1082,Equities,65513.6,19.29,19.29,1,0,Settled
TRD-103620,01-10-2025,CLI-1132,FX Options,232740.16,23.41,23.41,8,1,Margin Breach
TRD-103621,22-06-2025,CLI-1020,Equities,94126.49,43.27,43.27,0,0,Settled
TRD-103622,26-04-2025,CLI-1054,Equities,49153.8,10.54,10.54,3,0,Settled
TRD-103623,15-12-2025,CLI-1147,Equities,522166.86,106.04,106.04,2,1,Margin Breach
TRD-103624,30-06-2025,CLI-1121,Fixed Income,854609.95,365.88,365.88,1,0,Settled
TRD-103625,01-04-2025,CLI-1022,Fixed Income,708428.29,149.62,149.62,2,1,Custodian Delay
TRD-103626,23-03-2025,CLI-1009,Equities,859243.26,311.95,311.95,1,1,SSI Mismatch
TRD-103627,20-11-2025,CLI-1100,Equities,558092.43,239.2,239.2,1,0,Settled
TRD-103628,24-04-2025,CLI-1033,Equities,674664.7,281.33,281.33,2,0,Settled
TRD-103629,14-09-2025,CLI-1063,Fixed Income,168575.2,69.58,69.58,0,0,Settled
TRD-103630,27-02-2025,CLI-1107,Equities,2491496.92,337.49,337.49,3,1,Custodian Delay
TRD-103631,03-06-2025,CLI-1084,FX Options,111159.48,14.67,14.67,1,1,SSI Mismatch
TRD-103632,31-12-2025,CLI-1063,Equities,130713.51,29.11,38.63,1,1,SSI Mismatch
TRD-103633,26-04-2025,CLI-1043,FX Options,180486.46,20.64,20.64,1,1,Margin Breach
TRD-103634,09-12-2025,CLI-1110,Equities,1861132.93,558.66,558.66,0,0,Settled
TRD-103635,23-09-2025,CLI-1149,OTC Derivatives,2233595.82,576.07,576.07,1,0,Settled
TRD-103636,11-11-2025,CLI-1144,Equities,802113.57,258.93,258.93,2,1,Custodian Delay
TRD-103637,22-07-2025,CLI-1041,Equities,505854.24,111.04,111.04,1,0,Settled
TRD-103638,10-02-2025,CLI-1006,OTC Derivatives,377049.77,110.97,110.97,0,0,Settled
TRD-103639,15-04-2025,CLI-1127,OTC Derivatives,1773734.95,414.87,528.54,4,0,Settled
TRD-103640,12-07-2025,CLI-1021,Fixed Income,604743.78,107.69,107.69,3,0,Settled
TRD-103641,05-10-2025,CLI-1049,OTC Derivatives,1457763.67,524.43,731.13,0,0,Settled
TRD-103642,20-12-2025,CLI-1015,Fixed Income,200301.47,73.99,73.99,2,0,Settled
TRD-103643,25-08-2025,CLI-1076,OTC Derivatives,213063.76,91.98,91.98,0,0,Settled
TRD-103644,09-08-2025,CLI-1124,Equities,974561.99,438.46,438.46,2,0,Settled
TRD-103645,09-03-2025,CLI-1057,Fixed Income,91174.13,34.81,48.46,0,0,Settled
TRD-103646,16-07-2025,CLI-1068,Fixed Income,1468718.11,550.77,550.77,3,1,SSI Mismatch
TRD-103647,13-09-2025,CLI-1038,Equities,364104.37,44.66,44.66,1,1,SSI Mismatch
TRD-103648,19-05-2025,CLI-1060,OTC Derivatives,1314649.42,189.19,189.19,0,0,Settled
TRD-103649,08-11-2025,CLI-1101,Equities,215333.9,91.52,91.52,1,0,Settled
TRD-103650,29-05-2025,CLI-1127,Equities,639318.17,123.5,123.5,1,0,Settled
TRD-103651,09-04-2025,CLI-1101,Fixed Income,339735.45,82.29,82.29,2,0,Settled
TRD-103652,17-03-2025,CLI-1133,Fixed Income,502825.27,79.51,79.51,0,0,Settled
TRD-103653,09-10-2025,CLI-1004,Equities,360965.31,64.27,64.27,2,0,Settled
TRD-103654,19-04-2025,CLI-1134,Equities,1717378.71,704.41,704.41,1,0,Settled
TRD-103655,07-07-2025,CLI-1078,FX Options,598998.88,122.64,122.64,1,0,Settled
TRD-103656,18-07-2025,CLI-1081,Equities,154721.12,43.26,43.26,2,1,Margin Breach
TRD-103657,30-10-2025,CLI-1020,Fixed Income,1212181.14,194.76,194.76,0,0,Settled
TRD-103658,23-11-2025,CLI-1039,OTC Derivatives,184091.08,68.33,68.33,0,0,Settled
TRD-103659,03-06-2025,CLI-1103,Fixed Income,242293.24,94.81,94.81,1,0,Settled
TRD-103660,09-02-2025,CLI-1047,FX Options,63861.48,15.63,15.63,2,0,Settled
TRD-103661,13-05-2025,CLI-1121,OTC Derivatives,1161125.17,480.59,480.59,2,0,Settled
TRD-103662,12-05-2025,CLI-1107,Fixed Income,178514.61,34.98,34.98,3,0,Settled
TRD-103663,06-10-2025,CLI-1083,Fixed Income,159821.74,60.21,60.21,0,0,Settled
TRD-103664,28-12-2025,CLI-1010,Fixed Income,1274508.26,499.59,499.59,2,0,Settled
TRD-103665,25-03-2025,CLI-1142,Fixed Income,828730.62,403.98,403.98,1,0,Settled
TRD-103666,30-08-2025,CLI-1025,OTC Derivatives,86039.12,16.6,16.6,3,0,Settled
TRD-103667,26-04-2025,CLI-1130,Equities,743371.67,102.2,102.2,0,0,Settled
TRD-103668,19-04-2025,CLI-1145,Equities,1231113.84,252.64,252.64,1,1,Margin Breach
TRD-103669,09-08-2025,CLI-1019,Equities,50882.34,7.59,7.59,0,0,Settled
TRD-103670,10-02-2025,CLI-1058,Equities,882099.3,148.08,148.08,1,0,Settled
TRD-103671,27-05-2025,CLI-1102,Equities,406395.43,94.95,94.95,1,0,Settled
TRD-103672,22-04-2025,CLI-1137,OTC Derivatives,563116.8,149.56,149.56,1,0,Settled
TRD-103673,13-04-2025,CLI-1083,Fixed Income,349478.51,161.28,161.28,2,1,System Lag
TRD-103674,15-02-2025,CLI-1025,Fixed Income,608338.22,108.43,108.43,1,0,Settled
TRD-103675,20-11-2025,CLI-1139,Fixed Income,27346.38,13.36,13.36,0,0,Settled
TRD-103676,28-09-2025,CLI-1070,OTC Derivatives,729229.22,309.24,309.24,2,0,Settled
TRD-103677,14-07-2025,CLI-1096,Fixed Income,26956.14,12.2,12.2,1,0,Settled
TRD-103678,07-10-2025,CLI-1107,OTC Derivatives,313759.91,148.02,199.79,1,0,Settled
TRD-103679,10-10-2025,CLI-1017,Equities,91827.43,36.85,36.85,0,0,Settled
TRD-103680,09-02-2025,CLI-1047,FX Options,877427.66,364.58,364.58,0,0,Settled
TRD-103681,08-07-2025,CLI-1126,Fixed Income,198191.74,54.53,54.53,2,0,Settled
TRD-103682,13-06-2025,CLI-1041,Equities,312653.82,95.1,95.1,0,0,Settled
TRD-103683,24-01-2025,CLI-1075,Fixed Income,289964.82,137.15,137.15,0,0,Settled
TRD-103684,24-01-2025,CLI-1031,Fixed Income,750306.84,188.55,188.55,3,0,Settled
TRD-103685,04-01-2025,CLI-1137,Equities,338064.79,39.48,39.48,1,0,Settled
TRD-103686,19-11-2025,CLI-1100,Fixed Income,787849.85,319.16,319.16,0,0,Settled
TRD-103687,17-10-2025,CLI-1106,Equities,48175.08,15.86,15.86,1,0,Settled
TRD-103688,30-06-2025,CLI-1130,Equities,116345.42,49.56,49.56,1,0,Settled
TRD-103689,05-09-2025,CLI-1119,FX Options,410961.48,53.52,53.52,1,0,Settled
TRD-103690,26-04-2025,CLI-1047,Fixed Income,1479565.63,515.62,515.62,0,0,Settled
TRD-103691,06-10-2025,CLI-1048,OTC Derivatives,48849.89,9.73,9.73,1,0,Settled
TRD-103692,31-12-2025,CLI-1057,Fixed Income,32019.95,14.77,14.77,0,0,Settled
TRD-103693,10-03-2025,CLI-1143,Equities,95127.73,13.69,13.69,0,0,Settled
TRD-103694,17-12-2025,CLI-1112,Fixed Income,522429.76,228.42,228.42,0,0,Settled
TRD-103695,11-09-2025,CLI-1091,Fixed Income,264574.28,35.83,35.83,0,0,Settled
TRD-103696,30-06-2025,CLI-1044,FX Options,883065.38,97.17,97.17,0,0,Settled
TRD-103697,14-11-2025,CLI-1097,Equities,47325.76,9.18,9.18,1,0,Settled
TRD-103698,18-06-2025,CLI-1079,OTC Derivatives,119335.59,27.83,27.83,1,0,Settled
TRD-103699,09-11-2025,CLI-1103,FX Options,188356.33,66.04,66.04,0,0,Settled
TRD-103700,06-09-2025,CLI-1089,Fixed Income,502726.75,76.76,76.76,0,0,Settled
TRD-103701,07-07-2025,CLI-1021,FX Options,587865.51,161.62,161.62,2,0,Settled
TRD-103702,23-02-2025,CLI-1087,Equities,76310.64,13.87,13.87,2,0,Settled
TRD-103703,22-11-2025,CLI-1006,FX Options,1449461.16,640.84,640.84,3,1,Custodian Delay
TRD-103704,23-12-2025,CLI-1148,OTC Derivatives,218549.36,25.79,25.79,0,0,Settled
TRD-103705,09-11-2025,CLI-1064,Equities,634430.63,153.77,153.77,1,1,Custodian Delay
TRD-103706,18-05-2025,CLI-1123,FX Options,381386.95,134.46,134.46,0,0,Settled
TRD-103707,17-06-2025,CLI-1129,Fixed Income,136001.83,63.27,63.27,1,0,Settled
TRD-103708,13-04-2025,CLI-1016,Fixed Income,946143.2,423.11,423.11,3,1,SSI Mismatch
TRD-103709,26-03-2025,CLI-1047,Fixed Income,862528.65,395.1,395.1,1,0,Settled
TRD-103710,13-11-2025,CLI-1146,Equities,262150.03,32.81,32.81,1,1,Custodian Delay
TRD-103711,31-07-2025,CLI-1046,Fixed Income,454103.87,198.16,198.16,0,0,Settled
TRD-103712,03-01-2025,CLI-1141,OTC Derivatives,159085.58,65.54,65.54,0,0,Settled
TRD-103713,28-06-2025,CLI-1055,Equities,595352.24,274.44,336.92,0,0,Settled
TRD-103714,08-12-2025,CLI-1001,Equities,194827.13,43.76,43.76,1,0,Settled
TRD-103715,30-10-2025,CLI-1010,Equities,939202.05,436.45,436.45,0,0,Settled
TRD-103716,28-11-2025,CLI-1031,Fixed Income,132557.27,34.6,34.6,0,0,Settled
TRD-103717,07-02-2025,CLI-1109,OTC Derivatives,17457.04,6.17,6.17,4,0,Settled
TRD-103718,27-08-2025,CLI-1042,OTC Derivatives,166334.53,44.86,44.86,1,1,Custodian Delay
TRD-103719,18-06-2025,CLI-1072,FX Options,116010.62,31.45,31.45,2,0,Settled
TRD-103720,09-12-2025,CLI-1033,Fixed Income,364929.46,116.29,116.29,3,0,Settled
TRD-103721,10-11-2025,CLI-1046,Equities,123891.71,30.03,30.03,0,0,Settled
TRD-103722,02-11-2025,CLI-1008,FX Options,730248.3,304.58,304.58,1,1,System Lag
TRD-103723,30-01-2025,CLI-1130,OTC Derivatives,148120.97,52.35,52.35,2,0,Settled
TRD-103724,09-07-2025,CLI-1020,Fixed Income,623737.04,234.46,234.46,3,1,Custodian Delay
TRD-103725,23-12-2025,CLI-1122,Fixed Income,441933.26,85.03,85.03,5,0,Settled
TRD-103726,25-01-2025,CLI-1098,FX Options,2153353.01,1050.47,1050.47,3,0,Settled
TRD-103727,22-04-2025,CLI-1104,OTC Derivatives,4620079.25,1682.03,1682.03,2,0,Settled
TRD-103728,25-07-2025,CLI-1052,Equities,1028290.97,183.94,183.94,0,0,Settled
TRD-103729,04-07-2025,CLI-1118,OTC Derivatives,723523.53,289.55,289.55,1,1,System Lag
TRD-103730,16-02-2025,CLI-1149,Equities,254251.99,43.09,43.09,0,0,Settled
TRD-103731,16-08-2025,CLI-1057,Equities,709743.96,88.97,88.97,2,1,Custodian Delay
TRD-103732,08-02-2025,CLI-1007,Fixed Income,1579518.92,491.26,491.26,1,0,Settled
TRD-103733,16-01-2025,CLI-1136,Equities,21827.58,7.02,7.02,0,0,Settled
TRD-103734,22-01-2025,CLI-1138,Equities,396002.89,69.53,69.53,2,1,Custodian Delay
TRD-103735,01-08-2025,CLI-1036,Equities,132949.19,31.82,31.82,0,0,Settled
TRD-103736,06-11-2025,CLI-1114,Fixed Income,418082.8,199.97,199.97,2,1,Margin Breach
TRD-103737,29-05-2025,CLI-1019,OTC Derivatives,324098.52,69.36,69.36,0,0,Settled
TRD-103738,29-08-2025,CLI-1115,FX Options,438738.09,71.18,71.18,1,0,Settled
TRD-103739,29-09-2025,CLI-1086,Equities,410324.13,203.94,203.94,1,0,Settled
TRD-103740,28-02-2025,CLI-1136,Fixed Income,1620777.7,358.07,358.07,0,0,Settled
TRD-103741,14-10-2025,CLI-1045,FX Options,411688.78,153.19,153.19,1,0,Settled
TRD-103742,21-07-2025,CLI-1123,Equities,946155.44,182.25,182.25,0,0,Settled
TRD-103743,01-02-2025,CLI-1025,OTC Derivatives,202699.12,64.87,81.64,1,0,Settled
TRD-103744,11-06-2025,CLI-1015,OTC Derivatives,298216.3,75.9,75.9,2,0,Settled
TRD-103745,12-09-2025,CLI-1049,Equities,327829.36,158.88,158.88,0,0,Settled
TRD-103746,11-09-2025,CLI-1083,OTC Derivatives,173369.51,47.35,47.35,1,0,Settled
TRD-103747,09-01-2025,CLI-1015,OTC Derivatives,248848.79,83.03,83.03,2,1,SSI Mismatch
TRD-103748,19-05-2025,CLI-1087,Equities,466290.16,222.84,222.84,2,1,System Lag
TRD-103749,10-01-2025,CLI-1121,Equities,443973.86,220.08,220.08,0,0,Settled
TRD-103750,02-08-2025,CLI-1143,Equities,515899.06,72.57,72.57,2,0,Settled
TRD-103751,30-09-2025,CLI-1112,Equities,226791.81,98.37,98.37,1,1,Margin Breach
TRD-103752,20-11-2025,CLI-1058,Fixed Income,199775.52,50.51,50.51,1,1,System Lag
TRD-103753,17-02-2025,CLI-1095,Fixed Income,482882.79,163.18,212.29,1,0,Settled
TRD-103754,21-04-2025,CLI-1056,Equities,81278.43,20.32,20.32,3,0,Settled
TRD-103755,02-06-2025,CLI-1112,FX Options,155866.16,40.59,40.59,0,0,Settled
TRD-103756,03-05-2025,CLI-1035,Equities,31520.42,5.15,5.15,2,1,Custodian Delay
TRD-103757,23-12-2025,CLI-1041,Equities,47691,15.7,15.7,0,0,Settled
TRD-103758,12-04-2025,CLI-1053,Equities,149449.23,47.63,47.63,1,0,Settled
TRD-103759,29-08-2025,CLI-1087,Fixed Income,19861.25,3.49,3.49,1,0,Settled
TRD-103760,17-11-2025,CLI-1051,Fixed Income,150790.75,47.75,47.75,1,0,Settled
TRD-103761,10-07-2025,CLI-1020,Equities,542071.12,265.2,265.2,4,0,Settled
TRD-103762,05-08-2025,CLI-1039,Equities,41526.92,16.02,16.02,2,0,Settled
TRD-103763,20-02-2025,CLI-1143,OTC Derivatives,297004.02,86.84,86.84,1,0,Settled
TRD-103764,19-10-2025,CLI-1082,FX Options,1231549.18,574.44,574.44,2,1,SSI Mismatch
TRD-103765,22-03-2025,CLI-1019,Equities,793392.39,261.92,261.92,0,0,Settled
TRD-103766,29-03-2025,CLI-1121,Equities,192236.57,29.61,29.61,1,0,Settled
TRD-103767,13-07-2025,CLI-1123,Fixed Income,1303838.46,415.93,415.93,5,0,Settled
TRD-103768,14-04-2025,CLI-1101,OTC Derivatives,209975.04,36.2,36.2,1,1,Margin Breach
TRD-103769,28-09-2025,CLI-1132,Equities,47639.6,19.39,19.39,0,0,Settled
TRD-103770,06-04-2025,CLI-1142,FX Options,2572682.85,1252.56,1492.12,2,1,Custodian Delay
TRD-103771,17-07-2025,CLI-1039,Fixed Income,1030197.06,251.71,251.71,3,0,Settled
TRD-103772,01-01-2025,CLI-1073,Fixed Income,323616.79,88.66,88.66,1,0,Settled
TRD-103773,16-06-2025,CLI-1074,Fixed Income,558871.12,150.11,150.11,1,0,Settled
TRD-103774,06-05-2025,CLI-1043,FX Options,566195.51,121.23,121.23,1,0,Settled
TRD-103775,09-11-2025,CLI-1056,OTC Derivatives,118135.01,49.34,49.34,0,0,Settled
TRD-103776,22-03-2025,CLI-1113,Equities,121602.17,42.21,42.21,1,0,Settled
TRD-103777,08-09-2025,CLI-1039,Equities,327043.73,41.08,41.08,3,0,Settled
TRD-103778,18-06-2025,CLI-1109,Fixed Income,1222789.76,532.55,532.55,1,0,Settled
TRD-103779,14-03-2025,CLI-1023,Equities,15022.02,2.63,2.63,1,0,Settled
TRD-103780,21-05-2025,CLI-1097,OTC Derivatives,772791.17,379.95,379.95,0,0,Settled
TRD-103781,11-03-2025,CLI-1039,OTC Derivatives,39623.89,9.93,9.93,0,0,Settled
TRD-103782,19-09-2025,CLI-1148,OTC Derivatives,335256.64,116.19,116.19,3,0,Settled
TRD-103783,06-12-2025,CLI-1146,FX Options,517879.92,67.91,67.91,1,0,Settled
TRD-103784,04-11-2025,CLI-1141,Equities,590391.63,140.43,140.43,1,0,Settled
TRD-103785,02-09-2025,CLI-1100,OTC Derivatives,40129.45,16.89,16.89,0,0,Settled
TRD-103786,03-01-2025,CLI-1019,OTC Derivatives,281161.26,81.79,81.79,1,1,SSI Mismatch
TRD-103787,03-12-2025,CLI-1056,Equities,448339.45,207.06,207.06,2,0,Settled
TRD-103788,04-03-2025,CLI-1147,OTC Derivatives,44163.8,14.58,14.58,0,1,Margin Breach
TRD-103789,18-02-2025,CLI-1116,Equities,82567.55,38.92,38.92,1,1,Custodian Delay
TRD-103790,17-03-2025,CLI-1030,OTC Derivatives,554800,273.54,273.54,0,0,Settled
TRD-103791,24-06-2025,CLI-1028,Fixed Income,378693.96,106.62,106.62,2,0,Settled
TRD-103792,19-04-2025,CLI-1051,Equities,98266.37,32.04,32.04,2,0,Settled
TRD-103793,02-07-2025,CLI-1074,Fixed Income,393116.35,170.6,170.6,1,1,SSI Mismatch
TRD-103794,11-07-2025,CLI-1073,Fixed Income,1229158.73,231.84,231.84,0,0,Settled
TRD-103795,06-03-2025,CLI-1111,Equities,17855.17,7.94,7.94,2,0,Settled
TRD-103796,03-12-2025,CLI-1017,Equities,524497.09,176.63,176.63,4,0,Settled
TRD-103797,28-09-2025,CLI-1136,Fixed Income,48251.81,18.83,18.83,2,0,Settled
TRD-103798,10-04-2025,CLI-1125,Fixed Income,13235.17,1.75,1.75,1,0,Settled
TRD-103799,01-02-2025,CLI-1060,OTC Derivatives,91644.61,37.25,37.25,1,0,Settled
TRD-103800,18-12-2025,CLI-1057,FX Options,284875.6,63.9,63.9,1,0,Settled
TRD-103801,08-05-2025,CLI-1075,Fixed Income,820613.56,346.38,346.38,4,1,SSI Mismatch
TRD-103802,05-12-2025,CLI-1000,OTC Derivatives,175493.5,53.29,65.73,1,0,Settled
TRD-103803,12-02-2025,CLI-1073,Fixed Income,501313.05,105.2,105.2,1,0,Settled
TRD-103804,19-03-2025,CLI-1065,OTC Derivatives,274797.53,132.21,132.21,2,0,Settled
TRD-103805,10-11-2025,CLI-1044,Equities,143503.18,58.27,58.27,2,0,Settled
TRD-103806,16-10-2025,CLI-1024,Equities,371027.62,183.39,183.39,1,0,Settled
TRD-103807,27-09-2025,CLI-1133,Fixed Income,808420.03,198.7,198.7,1,1,System Lag
TRD-103808,11-06-2025,CLI-1114,Equities,903363.19,324.93,324.93,2,0,Settled
TRD-103809,08-07-2025,CLI-1058,OTC Derivatives,947090.98,326.4,326.4,0,0,Settled
TRD-103810,04-09-2025,CLI-1141,OTC Derivatives,216666.35,81.25,81.25,1,0,Settled
TRD-103811,04-08-2025,CLI-1076,Equities,798621.06,92.1,92.1,2,0,Settled
TRD-103812,11-11-2025,CLI-1125,Fixed Income,129241.84,28.01,28.01,2,0,Settled
TRD-103813,05-12-2025,CLI-1087,OTC Derivatives,680517.31,315.58,315.58,1,0,Settled
TRD-103814,17-06-2025,CLI-1125,OTC Derivatives,1491965.92,402.13,402.13,0,0,Settled
TRD-103815,05-12-2025,CLI-1047,Equities,16919.58,8.19,8.19,1,0,Settled
TRD-103816,12-07-2025,CLI-1046,Equities,300234.29,55.66,55.66,0,0,Settled
TRD-103817,10-10-2025,CLI-1137,Fixed Income,531736.86,265.32,265.32,1,0,Settled
TRD-103818,02-12-2025,CLI-1045,Fixed Income,614954.81,233.09,233.09,1,0,Settled
TRD-103819,13-01-2025,CLI-1073,Equities,106845.63,43.87,43.87,1,0,Settled
TRD-103820,28-08-2025,CLI-1007,Equities,1801058.91,466.01,466.01,1,0,Settled
TRD-103821,16-11-2025,CLI-1081,OTC Derivatives,487600.72,225.66,225.66,2,0,Settled
TRD-103822,27-05-2025,CLI-1075,Fixed Income,99767.08,31.74,31.74,0,0,Settled
TRD-103823,23-07-2025,CLI-1148,FX Options,20368.01,7.58,7.58,0,0,Settled
TRD-103824,21-03-2025,CLI-1113,OTC Derivatives,774538.09,106.83,106.83,4,0,Settled
TRD-103825,12-02-2025,CLI-1138,FX Options,51530.36,18.17,18.17,0,0,Settled
TRD-103826,30-03-2025,CLI-1010,Equities,86022.82,38.85,38.85,2,1,Margin Breach
TRD-103827,28-05-2025,CLI-1128,OTC Derivatives,437633.13,74.97,74.97,1,0,Settled
TRD-103828,05-04-2025,CLI-1014,Equities,472546.56,186.7,186.7,1,0,Settled
TRD-103829,31-05-2025,CLI-1027,Fixed Income,590595.75,65.06,65.06,0,0,Settled
TRD-103830,02-01-2025,CLI-1057,Fixed Income,260036.83,122.34,122.34,0,0,Settled
TRD-103831,22-01-2025,CLI-1071,Equities,753386.01,371.55,371.55,2,0,Settled
TRD-103832,09-11-2025,CLI-1037,OTC Derivatives,1841773.52,445.11,445.11,0,0,Settled
TRD-103833,24-11-2025,CLI-1037,OTC Derivatives,168105.9,24.01,24.01,1,0,Settled
TRD-103834,07-01-2025,CLI-1045,Equities,617059.75,224.26,224.26,0,1,Custodian Delay
TRD-103835,25-07-2025,CLI-1052,Fixed Income,1328809.75,148.74,148.74,1,0,Settled
TRD-103836,24-04-2025,CLI-1029,Equities,589637.98,172.76,172.76,2,0,Settled
TRD-103837,29-09-2025,CLI-1131,Fixed Income,581453.75,121.36,121.36,2,0,Settled
TRD-103838,24-03-2025,CLI-1129,OTC Derivatives,136654.86,39.54,39.54,2,0,Settled
TRD-103839,28-06-2025,CLI-1062,Equities,392998.96,42.17,42.17,2,0,Settled
TRD-103840,29-07-2025,CLI-1084,FX Options,423365.39,51.08,51.08,0,0,Settled
TRD-103841,24-11-2025,CLI-1124,Equities,612202.39,65.13,65.13,0,0,Settled
TRD-103842,04-05-2025,CLI-1120,Fixed Income,2885665.06,1003.21,1003.21,1,0,Settled
TRD-103843,23-04-2025,CLI-1057,Fixed Income,27111.4,8.79,8.79,1,0,Settled
TRD-103844,12-01-2025,CLI-1091,Equities,43728.81,8.45,8.45,1,0,Settled
TRD-103845,06-05-2025,CLI-1008,Equities,50577.95,18.14,18.14,3,0,Settled
TRD-103846,22-02-2025,CLI-1097,OTC Derivatives,689299,312.72,312.72,0,1,Custodian Delay
TRD-103847,27-11-2025,CLI-1146,OTC Derivatives,83296.04,17.57,17.57,1,0,Settled
TRD-103848,10-10-2025,CLI-1092,Equities,497028.62,215.11,215.11,3,1,SSI Mismatch
TRD-103849,20-05-2025,CLI-1119,Fixed Income,206276.08,75.29,75.29,2,0,Settled
TRD-103850,07-04-2025,CLI-1113,Equities,315617.69,35.83,35.83,0,0,Settled
TRD-103851,05-01-2025,CLI-1043,Equities,131458.35,32.87,32.87,2,0,Settled
TRD-103852,26-02-2025,CLI-1072,Fixed Income,1015355.51,307.76,307.76,1,0,Settled
TRD-103853,30-11-2025,CLI-1006,Equities,451126.24,177.15,177.15,1,0,Settled
TRD-103854,10-03-2025,CLI-1030,OTC Derivatives,1456256.4,312.88,312.88,2,0,Settled
TRD-103855,28-04-2025,CLI-1066,OTC Derivatives,437358.28,215.66,215.66,0,0,Settled
TRD-103856,28-02-2025,CLI-1135,FX Options,76142.1,28.46,28.46,1,0,Settled
TRD-103857,02-02-2025,CLI-1072,Fixed Income,103689.42,25.83,32.24,1,0,Settled
TRD-103858,14-11-2025,CLI-1052,FX Options,2268303.92,314.86,314.86,1,0,Settled
TRD-103859,19-02-2025,CLI-1014,Fixed Income,656520.78,113.28,113.28,2,0,Settled
TRD-103860,19-01-2025,CLI-1007,Fixed Income,35267.19,10.41,10.41,2,1,Margin Breach
TRD-103861,02-08-2025,CLI-1123,FX Options,618328.13,184.19,184.19,2,0,Settled
TRD-103862,16-07-2025,CLI-1086,Fixed Income,275661.34,112.22,112.22,1,0,Settled
TRD-103863,16-02-2025,CLI-1045,Equities,193513.01,75.56,75.56,0,0,Settled
TRD-103864,16-06-2025,CLI-1099,OTC Derivatives,93653.89,16.91,16.91,2,0,Settled
TRD-103865,16-10-2025,CLI-1006,FX Options,925990.68,312.97,312.97,1,0,Settled
TRD-103866,21-05-2025,CLI-1077,OTC Derivatives,42985.17,4.65,4.65,1,0,Settled
TRD-103867,25-03-2025,CLI-1009,Fixed Income,181129.3,46.99,46.99,1,0,Settled
TRD-103868,01-07-2025,CLI-1084,Fixed Income,192917.6,78.26,78.26,4,0,Settled
TRD-103869,20-03-2025,CLI-1097,FX Options,97715.84,25.39,25.39,5,1,Custodian Delay
TRD-103870,03-08-2025,CLI-1103,Equities,364826.21,158.42,158.42,0,0,Settled
TRD-103871,14-01-2025,CLI-1047,Fixed Income,15885.82,7.79,7.79,2,1,System Lag
TRD-103872,03-08-2025,CLI-1096,Equities,189034.75,64.82,64.82,1,0,Settled
TRD-103873,08-05-2025,CLI-1140,Fixed Income,1366250.88,215.87,215.87,0,0,Settled
TRD-103874,06-11-2025,CLI-1094,Fixed Income,195915.73,49.35,49.35,1,0,Settled
TRD-103875,05-09-2025,CLI-1052,Equities,233502.58,24.24,24.24,3,0,Settled
TRD-103876,29-01-2025,CLI-1098,Equities,330433.98,112.71,112.71,0,0,Settled
TRD-103877,07-10-2025,CLI-1008,Fixed Income,422418.28,181.06,181.06,2,1,Custodian Delay
TRD-103878,04-12-2025,CLI-1069,Equities,836978.8,294.6,294.6,0,0,Settled
TRD-103879,15-11-2025,CLI-1103,Equities,115558.84,47.89,47.89,2,0,Settled
TRD-103880,21-07-2025,CLI-1141,OTC Derivatives,1036872.77,435.45,435.45,0,0,Settled
TRD-103881,27-12-2025,CLI-1013,Equities,718478.56,316.42,316.42,1,0,Settled
TRD-103882,26-02-2025,CLI-1099,Fixed Income,651238.12,134.59,134.59,4,1,SSI Mismatch
TRD-103883,06-08-2025,CLI-1089,FX Options,55402.69,24.85,24.85,1,0,Settled
TRD-103884,03-03-2025,CLI-1137,Equities,20939.14,7.57,7.57,2,0,Settled
TRD-103885,06-06-2025,CLI-1038,Equities,460716.7,99.46,99.46,1,0,Settled
TRD-103886,21-07-2025,CLI-1017,Fixed Income,1004376.33,497.08,497.08,2,0,Settled
TRD-103887,17-01-2025,CLI-1121,OTC Derivatives,449065.9,215.58,215.58,2,0,Settled
TRD-103888,18-11-2025,CLI-1073,FX Options,129912.75,42.84,42.84,1,0,Settled
TRD-103889,06-01-2025,CLI-1069,FX Options,57441.08,25.12,25.12,0,0,Settled
TRD-103890,27-02-2025,CLI-1068,OTC Derivatives,611314.28,125.07,125.07,0,0,Settled
TRD-103891,21-11-2025,CLI-1046,Equities,649654.08,173.08,173.08,0,0,Settled
TRD-103892,14-11-2025,CLI-1135,Equities,104692.24,18.17,18.17,2,0,Settled
TRD-103893,18-06-2025,CLI-1106,Equities,24297.65,7.48,7.48,0,0,Settled
TRD-103894,23-03-2025,CLI-1024,Equities,272363.83,81.27,81.27,0,0,Settled
TRD-103895,07-08-2025,CLI-1113,OTC Derivatives,446997.35,82.75,82.75,1,0,Settled
TRD-103896,26-06-2025,CLI-1099,Fixed Income,622091.85,229.63,307.92,1,1,Margin Breach
TRD-103897,23-07-2025,CLI-1066,Equities,840220.91,123.61,123.61,0,0,Settled
TRD-103898,12-03-2025,CLI-1086,OTC Derivatives,481493.75,60.03,60.03,0,0,Settled
TRD-103899,23-09-2025,CLI-1107,Equities,68761.88,17.46,20.28,0,0,Settled
TRD-103900,08-04-2025,CLI-1097,Fixed Income,583767.36,154.07,154.07,1,0,Settled
TRD-103901,11-12-2025,CLI-1116,Fixed Income,2083134.07,474.74,474.74,0,0,Settled
TRD-103902,18-10-2025,CLI-1067,Fixed Income,1190025.46,241.79,241.79,1,1,Custodian Delay
TRD-103903,27-07-2025,CLI-1122,Fixed Income,1036570.85,244.12,244.12,1,0,Settled
TRD-103904,02-01-2025,CLI-1046,Equities,189889.99,31.4,31.4,2,1,Margin Breach
TRD-103905,04-05-2025,CLI-1116,Fixed Income,704726.02,184.2,251.31,1,0,Settled
TRD-103906,07-10-2025,CLI-1052,OTC Derivatives,962251.74,444.41,444.41,2,0,Settled
TRD-103907,15-03-2025,CLI-1018,FX Options,577108.65,109.52,109.52,2,0,Settled
TRD-103908,15-06-2025,CLI-1025,Fixed Income,154215.68,57.64,57.64,1,0,Settled
TRD-103909,22-01-2025,CLI-1088,Fixed Income,1547755.54,242.55,242.55,0,0,Settled
TRD-103910,03-06-2025,CLI-1041,OTC Derivatives,309663.98,74.8,74.8,2,1,Custodian Delay
TRD-103911,22-10-2025,CLI-1133,FX Options,79519.3,18.17,18.17,1,0,Settled
TRD-103912,07-08-2025,CLI-1059,Equities,68142.15,32.35,32.35,3,0,Settled
TRD-103913,06-06-2025,CLI-1099,Fixed Income,531379.26,144.11,144.11,1,1,Custodian Delay
TRD-103914,18-08-2025,CLI-1034,OTC Derivatives,297868.46,112.05,112.05,0,0,Settled
TRD-103915,20-01-2025,CLI-1139,Fixed Income,59625.1,20.33,20.33,1,0,Settled
TRD-103916,10-02-2025,CLI-1089,Equities,684238.42,107.02,107.02,2,0,Settled
TRD-103917,28-05-2025,CLI-1124,Fixed Income,813034.71,386.86,386.86,3,0,Settled
TRD-103918,18-04-2025,CLI-1135,Equities,656248.35,156.42,156.42,0,0,Settled
TRD-103919,25-03-2025,CLI-1026,Fixed Income,122986.82,14.5,19.67,1,0,Settled
TRD-103920,18-11-2025,CLI-1027,Fixed Income,595229.45,131.06,131.06,0,0,Settled
TRD-103921,05-11-2025,CLI-1135,OTC Derivatives,15390.35,3.61,3.61,2,0,Settled
TRD-103922,17-10-2025,CLI-1013,Fixed Income,192002.4,26.32,26.32,1,0,Settled
TRD-103923,19-11-2025,CLI-1104,Equities,264431.72,92.02,92.02,0,0,Settled
TRD-103924,14-05-2025,CLI-1149,Equities,911653.79,217.62,217.62,0,0,Settled
TRD-103925,26-07-2025,CLI-1071,OTC Derivatives,257471.52,90.54,90.54,0,1,Custodian Delay
TRD-103926,10-10-2025,CLI-1131,Equities,15666.71,1.61,1.61,3,0,Settled
TRD-103927,23-09-2025,CLI-1118,Fixed Income,227199.66,111.97,111.97,0,0,Settled
TRD-103928,14-03-2025,CLI-1034,Equities,355498.84,59.8,59.8,2,0,Settled
TRD-103929,18-12-2025,CLI-1114,OTC Derivatives,1498011.75,544.88,544.88,2,0,Settled
TRD-103930,17-02-2025,CLI-1116,Fixed Income,1425399.71,550.65,550.65,0,0,Settled
TRD-103931,22-11-2025,CLI-1106,Equities,109758.7,18.51,18.51,3,0,Settled
TRD-103932,21-08-2025,CLI-1118,Equities,112373.49,16.26,16.26,1,0,Settled
TRD-103933,10-04-2025,CLI-1121,OTC Derivatives,99193.53,15.97,22.24,0,0,Settled
TRD-103934,28-02-2025,CLI-1097,Fixed Income,787763.61,156.55,156.55,0,0,Settled
TRD-103935,15-09-2025,CLI-1147,OTC Derivatives,13020.12,2.18,2.18,2,0,Settled
TRD-103936,06-03-2025,CLI-1073,OTC Derivatives,78011.36,28.83,28.83,1,1,Custodian Delay
TRD-103937,24-03-2025,CLI-1116,FX Options,396051.51,106.27,106.27,0,0,Settled
TRD-103938,03-06-2025,CLI-1037,Equities,152218.38,47.97,47.97,3,1,SSI Mismatch
TRD-103939,23-09-2025,CLI-1110,FX Options,58451.78,6.95,9,1,0,Settled
TRD-103940,05-11-2025,CLI-1047,Equities,233048.26,103.59,103.59,1,0,Settled
TRD-103941,20-03-2025,CLI-1044,Equities,170245.63,28.64,28.64,2,0,Settled
TRD-103942,11-11-2025,CLI-1095,OTC Derivatives,367803.06,89.77,89.77,1,0,Settled
TRD-103943,30-05-2025,CLI-1117,Equities,1947209.34,250.72,250.72,1,0,Settled
TRD-103944,17-02-2025,CLI-1081,Equities,76368.5,11.82,11.82,1,0,Settled
TRD-103945,05-09-2025,CLI-1111,Equities,243186.48,89.08,89.08,1,0,Settled
TRD-103946,05-10-2025,CLI-1032,Fixed Income,1354013.64,510.51,510.51,0,0,Settled
TRD-103947,22-12-2025,CLI-1058,Fixed Income,1057269.64,392.02,392.02,3,0,Settled
TRD-103948,08-04-2025,CLI-1014,OTC Derivatives,260661.32,83.63,83.63,3,1,Custodian Delay
TRD-103949,25-01-2025,CLI-1034,OTC Derivatives,610244.88,293.53,293.53,2,1,SSI Mismatch
TRD-103950,11-10-2025,CLI-1057,Fixed Income,55979.26,16.95,16.95,1,0,Settled
TRD-103951,28-10-2025,CLI-1023,Equities,633337.62,177.19,177.19,1,0,Settled
TRD-103952,09-03-2025,CLI-1031,FX Options,1813331.48,360.89,360.89,0,0,Settled
TRD-103953,07-01-2025,CLI-1103,Equities,395541.55,55.19,55.19,2,0,Settled
TRD-103954,01-11-2025,CLI-1107,Equities,355066.09,113.36,113.36,1,0,Settled
TRD-103955,17-05-2025,CLI-1122,Equities,113708.08,25.69,25.69,0,0,Settled
TRD-103956,13-06-2025,CLI-1105,Fixed Income,512271.71,158.6,158.6,1,0,Settled
TRD-103957,24-03-2025,CLI-1138,Equities,456332.61,83.26,83.26,2,0,Settled
TRD-103958,18-05-2025,CLI-1095,Equities,537680.23,234.04,234.04,0,0,Settled
TRD-103959,14-03-2025,CLI-1046,Equities,23214.74,11.6,11.6,2,1,Custodian Delay
TRD-103960,25-08-2025,CLI-1007,Equities,407837.51,93.38,93.38,0,0,Settled
TRD-103961,15-02-2025,CLI-1082,Fixed Income,461853.67,201.8,201.8,1,0,Settled
TRD-103962,16-04-2025,CLI-1040,OTC Derivatives,126300.4,56.73,67.03,1,1,System Lag
TRD-103963,15-10-2025,CLI-1007,OTC Derivatives,126807.13,63.2,63.2,2,0,Settled
TRD-103964,19-09-2025,CLI-1123,Equities,171632.63,40.69,40.69,1,0,Settled
TRD-103965,25-06-2025,CLI-1025,Equities,631914.29,254.29,254.29,0,0,Settled
TRD-103966,15-06-2025,CLI-1146,FX Options,476039.94,91.17,108.38,0,0,Settled
TRD-103967,25-05-2025,CLI-1107,Equities,944631.3,330.54,442.68,0,0,Settled
TRD-103968,26-11-2025,CLI-1136,OTC Derivatives,185246.03,70.75,70.75,2,0,Settled
TRD-103969,10-10-2025,CLI-1101,Equities,1225596.09,485.89,485.89,5,1,Custodian Delay
TRD-103970,23-02-2025,CLI-1098,FX Options,690715.34,126.31,126.31,1,1,System Lag
TRD-103971,27-06-2025,CLI-1006,Equities,261273.06,114.83,144.47,0,0,Settled
TRD-103972,01-09-2025,CLI-1005,Fixed Income,60054.98,16.12,16.12,1,1,Margin Breach
TRD-103973,07-12-2025,CLI-1097,OTC Derivatives,158518.62,29.57,29.57,1,0,Settled
TRD-103974,07-05-2025,CLI-1060,Fixed Income,1580589.67,501.07,501.07,0,0,Settled
TRD-103975,28-09-2025,CLI-1015,Equities,195795.23,87.2,87.2,0,0,Settled
TRD-103976,12-05-2025,CLI-1013,Fixed Income,210164.88,102.32,140.43,1,0,Settled
TRD-103977,03-04-2025,CLI-1120,OTC Derivatives,115106.83,45.96,45.96,1,1,SSI Mismatch
TRD-103978,14-03-2025,CLI-1134,Equities,832145.65,85.09,85.09,1,0,Settled
TRD-103979,05-09-2025,CLI-1065,Equities,171236.31,26.35,26.35,2,0,Settled
TRD-103980,14-12-2025,CLI-1030,Fixed Income,210431.54,27.46,37.62,0,0,Settled
TRD-103981,30-09-2025,CLI-1028,Equities,277514.85,38.99,38.99,3,0,Settled
TRD-103982,12-02-2025,CLI-1080,Fixed Income,294340.62,74.53,74.53,1,0,Settled
TRD-103983,10-02-2025,CLI-1078,Equities,274953.93,64.72,64.72,2,1,Margin Breach
TRD-103984,19-06-2025,CLI-1059,Fixed Income,360331.37,52.42,52.42,1,0,Settled
TRD-103985,31-07-2025,CLI-1005,Equities,852384.92,386.04,386.04,1,0,Settled
TRD-103986,17-06-2025,CLI-1133,Fixed Income,865417.15,299.58,299.58,1,0,Settled
TRD-103987,08-02-2025,CLI-1026,Equities,810519.48,339.27,339.27,0,0,Settled
TRD-103988,02-09-2025,CLI-1097,Equities,63305.56,15.74,15.74,0,0,Settled
TRD-103989,31-05-2025,CLI-1077,Equities,813916.61,214.95,214.95,0,0,Settled
TRD-103990,21-04-2025,CLI-1016,FX Options,74059.76,16.82,16.82,0,0,Settled
TRD-103991,16-02-2025,CLI-1073,Equities,76607.88,21.1,21.1,0,0,Settled
TRD-103992,04-03-2025,CLI-1112,OTC Derivatives,1486938.01,511.73,511.73,2,0,Settled
TRD-103993,13-08-2025,CLI-1061,Equities,865729.35,257.29,257.29,2,1,System Lag
TRD-103994,10-03-2025,CLI-1065,Equities,411939.34,179.26,179.26,2,0,Settled
TRD-103995,26-10-2025,CLI-1055,Fixed Income,1049601.6,482.88,482.88,1,0,Settled
TRD-103996,17-10-2025,CLI-1020,Fixed Income,2281785.61,656.87,656.87,0,0,Settled
TRD-103997,23-10-2025,CLI-1098,FX Options,481628.11,94.35,94.35,0,0,Settled
TRD-103998,22-07-2025,CLI-1091,FX Options,484534.09,231.64,231.64,2,0,Settled
TRD-103999,02-03-2025,CLI-1035,OTC Derivatives,712080.57,280.57,280.57,1,0,Settled
TRD-104000,14-11-2025,CLI-1083,Fixed Income,142073.24,50.59,50.59,1,0,Settled
TRD-104001,10-11-2025,CLI-1134,Fixed Income,101435.77,40.39,40.39,1,0,Settled
TRD-104002,10-06-2025,CLI-1149,Equities,722685.5,94.23,94.23,3,0,Settled
TRD-104003,27-11-2025,CLI-1108,FX Options,221487.35,28.14,28.14,1,0,Settled
TRD-104004,16-01-2025,CLI-1113,Fixed Income,82553.56,13.31,13.31,2,1,System Lag
TRD-104005,04-12-2025,CLI-1147,Fixed Income,199078.98,31.65,31.65,1,1,Custodian Delay
TRD-104006,04-04-2025,CLI-1031,Equities,232079.74,62.26,62.26,1,0,Settled
TRD-104007,31-10-2025,CLI-1146,Equities,1689466.51,275.32,275.32,0,0,Settled
TRD-104008,18-05-2025,CLI-1027,FX Options,608597.43,268.88,268.88,0,0,Settled
TRD-104009,04-12-2025,CLI-1085,Equities,388423.1,128.66,128.66,0,0,Settled
TRD-104010,07-02-2025,CLI-1065,Fixed Income,1744842.06,431.51,431.51,1,0,Settled
TRD-104011,07-05-2025,CLI-1041,Equities,1177242.98,150.51,150.51,0,0,Settled
TRD-104012,02-10-2025,CLI-1053,OTC Derivatives,368720.81,124.04,124.04,0,0,Settled
TRD-104013,13-06-2025,CLI-1066,Equities,1190529.08,174.55,174.55,3,0,Settled
TRD-104014,15-11-2025,CLI-1063,OTC Derivatives,269012.96,106.88,106.88,1,0,Settled
TRD-104015,18-03-2025,CLI-1023,Equities,140955.62,59.36,59.36,3,0,Settled
TRD-104016,23-06-2025,CLI-1011,OTC Derivatives,142424.49,45.23,45.23,0,0,Settled
TRD-104017,24-12-2025,CLI-1068,OTC Derivatives,552821.66,88.36,88.36,2,0,Settled
TRD-104018,17-11-2025,CLI-1083,Equities,357645.06,148.33,148.33,0,0,Settled
TRD-104019,01-04-2025,CLI-1015,Fixed Income,547864.33,122.25,122.25,3,1,System Lag
TRD-104020,26-08-2025,CLI-1146,Equities,589302.12,111.41,111.41,1,0,Settled
TRD-104021,21-09-2025,CLI-1030,Equities,21287.9,6.14,6.14,2,0,Settled
TRD-104022,28-06-2025,CLI-1107,OTC Derivatives,37777.28,17.72,17.72,0,1,System Lag
TRD-104023,28-07-2025,CLI-1002,Fixed Income,390368.08,85.47,85.47,0,0,Settled
TRD-104024,14-03-2025,CLI-1078,Equities,116000.11,53.62,53.62,2,0,Settled
TRD-104025,17-04-2025,CLI-1054,Equities,510561.93,62.01,62.01,1,1,System Lag
TRD-104026,11-12-2025,CLI-1138,Equities,411688.36,54.92,54.92,2,0,Settled
TRD-104027,22-10-2025,CLI-1015,OTC Derivatives,450655.31,170.99,170.99,3,0,Settled
TRD-104028,11-10-2025,CLI-1114,Equities,190094.4,33.5,33.5,1,0,Settled
TRD-104029,19-12-2025,CLI-1038,FX Options,520608.32,117.99,117.99,2,0,Settled
TRD-104030,01-07-2025,CLI-1106,FX Options,894488.4,138.24,138.24,2,0,Settled
TRD-104031,06-02-2025,CLI-1118,Equities,3135442.51,730.24,730.24,0,0,Settled
TRD-104032,17-05-2025,CLI-1051,Equities,921452.92,195.52,195.52,0,0,Settled
TRD-104033,04-12-2025,CLI-1110,OTC Derivatives,417656.01,164.78,164.78,1,1,Custodian Delay
TRD-104034,25-02-2025,CLI-1128,Equities,117482.04,44.74,44.74,0,0,Settled
TRD-104035,06-07-2025,CLI-1120,Equities,581981.44,280.5,280.5,1,0,Settled
TRD-104036,07-12-2025,CLI-1071,Equities,1397526.16,544.71,675.86,1,0,Settled
TRD-104037,15-09-2025,CLI-1018,Fixed Income,129043.92,48.77,48.77,1,0,Settled
TRD-104038,27-02-2025,CLI-1089,OTC Derivatives,157854.18,59.62,59.62,3,0,Settled
TRD-104039,29-12-2025,CLI-1115,Equities,90676.59,41.09,41.09,1,0,Settled
TRD-104040,03-05-2025,CLI-1010,Equities,677271.71,147.98,147.98,3,1,Margin Breach
TRD-104041,07-07-2025,CLI-1095,FX Options,270910.85,59.61,59.61,0,0,Settled
TRD-104042,18-08-2025,CLI-1094,OTC Derivatives,42373.61,16.8,16.8,4,0,Settled
TRD-104043,17-06-2025,CLI-1143,Fixed Income,1049520.78,200.96,240.01,1,0,Settled
TRD-104044,24-04-2025,CLI-1016,OTC Derivatives,417851.69,194.22,194.22,1,1,Custodian Delay
TRD-104045,09-09-2025,CLI-1010,Fixed Income,211056.09,66.25,66.25,0,0,Settled
TRD-104046,17-04-2025,CLI-1115,OTC Derivatives,220784.27,48.58,48.58,0,0,Settled
TRD-104047,06-02-2025,CLI-1114,Equities,181422.1,74.46,91.17,4,1,Margin Breach
TRD-104048,01-12-2025,CLI-1029,Equities,313925.46,70.61,70.61,1,0,Settled
TRD-104049,02-04-2025,CLI-1024,OTC Derivatives,215521.58,104.6,104.6,3,0,Settled
TRD-104050,18-01-2025,CLI-1097,Fixed Income,406977.15,200.72,200.72,2,0,Settled
TRD-104051,20-12-2025,CLI-1107,FX Options,752543.25,275.97,275.97,0,0,Settled
TRD-104052,04-03-2025,CLI-1148,Equities,571136.94,83.07,83.07,1,0,Settled
TRD-104053,30-05-2025,CLI-1129,FX Options,184393.7,37.85,37.85,0,0,Settled
TRD-104054,19-05-2025,CLI-1004,FX Options,386173.73,118.23,118.23,1,0,Settled
TRD-104055,05-07-2025,CLI-1065,Equities,926685.14,408.28,408.28,0,0,Settled
TRD-104056,04-07-2025,CLI-1022,OTC Derivatives,45321.89,7.88,7.88,1,0,Settled
TRD-104057,24-07-2025,CLI-1145,Fixed Income,50766.26,7.2,7.2,2,0,Settled
TRD-104058,17-09-2025,CLI-1057,FX Options,416156.91,54.01,54.01,1,0,Settled
TRD-104059,02-08-2025,CLI-1059,Fixed Income,519598.14,157.33,157.33,0,0,Settled
TRD-104060,13-09-2025,CLI-1014,OTC Derivatives,128756.28,58.44,58.44,1,0,Settled
TRD-104061,15-05-2025,CLI-1084,Fixed Income,693677.67,81.12,81.12,2,0,Settled
TRD-104062,02-03-2025,CLI-1066,Equities,529601.32,97.94,97.94,2,0,Settled
TRD-104063,29-12-2025,CLI-1007,Equities,1293856.83,488.18,488.18,4,0,Settled
TRD-104064,06-11-2025,CLI-1063,Fixed Income,102535.19,44.13,44.13,1,0,Settled
TRD-104065,29-03-2025,CLI-1114,OTC Derivatives,705903.29,298.57,298.57,1,0,Settled
TRD-104066,20-11-2025,CLI-1126,Fixed Income,53674.68,22.22,29.59,0,0,Settled
TRD-104067,26-07-2025,CLI-1073,Fixed Income,426540.84,64.8,64.8,0,0,Settled
TRD-104068,09-05-2025,CLI-1128,Equities,411364.01,106.5,142.81,1,1,SSI Mismatch
TRD-104069,07-11-2025,CLI-1041,Fixed Income,255826.18,126.35,126.35,1,0,Settled
TRD-104070,03-01-2025,CLI-1138,Equities,940783.6,466.21,466.21,2,0,Settled
TRD-104071,30-08-2025,CLI-1068,OTC Derivatives,12190.11,4.16,4.16,0,0,Settled
TRD-104072,01-05-2025,CLI-1128,FX Options,377171.5,144.72,144.72,3,0,Settled
TRD-104073,12-04-2025,CLI-1082,Fixed Income,132409.35,63.62,63.62,1,0,Settled
TRD-104074,07-02-2025,CLI-1068,Equities,690310.62,193.27,193.27,0,0,Settled
TRD-104075,07-12-2025,CLI-1091,Equities,32011.17,4.95,4.95,2,0,Settled
TRD-104076,13-05-2025,CLI-1004,Fixed Income,900572.07,331.03,331.03,1,1,Margin Breach
TRD-104077,21-07-2025,CLI-1086,Fixed Income,920364.2,445.49,445.49,0,0,Settled
TRD-104078,14-12-2025,CLI-1080,OTC Derivatives,904479.73,342.69,342.69,1,0,Settled
TRD-104079,21-01-2025,CLI-1131,Equities,92772.65,39.09,39.09,2,0,Settled
TRD-104080,30-08-2025,CLI-1144,OTC Derivatives,507675.79,136.62,136.62,3,0,Settled
TRD-104081,19-04-2025,CLI-1122,Fixed Income,17235.78,2.39,2.39,1,0,Settled
TRD-104082,30-10-2025,CLI-1053,Equities,951814.34,159.48,159.48,1,0,Settled
TRD-104083,25-03-2025,CLI-1115,Fixed Income,651824.11,321.39,321.39,2,0,Settled
TRD-104084,24-03-2025,CLI-1088,Equities,388740.17,115.56,142.38,1,0,Settled
TRD-104085,18-10-2025,CLI-1080,Fixed Income,665763.11,69.78,69.78,3,0,Settled
TRD-104086,10-03-2025,CLI-1077,OTC Derivatives,59536.88,28.71,28.71,1,0,Settled
TRD-104087,09-05-2025,CLI-1022,Fixed Income,386083.37,115.48,115.48,1,0,Settled
TRD-104088,15-07-2025,CLI-1023,OTC Derivatives,182144.9,79.14,79.14,0,0,Settled
TRD-104089,20-05-2025,CLI-1016,Fixed Income,1808961.43,577.75,577.75,0,0,Settled
TRD-104090,10-10-2025,CLI-1051,Equities,982867.91,138.27,138.27,2,0,Settled
TRD-104091,08-11-2025,CLI-1045,Fixed Income,670769.86,232.24,232.24,1,0,Settled
TRD-104092,22-08-2025,CLI-1117,Fixed Income,1367142.06,682.15,682.15,2,0,Settled
TRD-104093,23-01-2025,CLI-1077,Equities,222969.11,25.4,25.4,0,0,Settled
TRD-104094,02-06-2025,CLI-1078,Equities,1165711.51,509.09,509.09,1,0,Settled
TRD-104095,04-10-2025,CLI-1018,Fixed Income,206697.79,40.14,40.14,1,0,Settled
TRD-104096,02-03-2025,CLI-1126,Equities,669872.78,172.52,172.52,1,0,Settled
TRD-104097,15-11-2025,CLI-1068,Equities,676693.32,168.55,217.12,1,0,Settled
TRD-104098,21-02-2025,CLI-1016,Fixed Income,19260.16,8.85,8.85,2,0,Settled
TRD-104099,10-12-2025,CLI-1096,Equities,233972.13,70.61,70.61,0,0,Settled
TRD-104100,02-06-2025,CLI-1102,FX Options,19811.98,5.52,5.52,1,0,Settled
TRD-104101,25-08-2025,CLI-1133,Equities,2930147.89,1251.79,1251.79,0,0,Settled
TRD-104102,07-11-2025,CLI-1024,OTC Derivatives,75166.41,8.99,8.99,1,1,Margin Breach
TRD-104103,29-10-2025,CLI-1144,Fixed Income,401329.09,54.01,54.01,0,0,Settled
TRD-104104,01-02-2025,CLI-1032,OTC Derivatives,791650.01,86.03,86.03,1,0,Settled
TRD-104105,24-02-2025,CLI-1138,Equities,122362.15,45.91,45.91,1,0,Settled
TRD-104106,18-12-2025,CLI-1027,FX Options,341845.33,106.06,106.06,2,0,Settled
TRD-104107,05-02-2025,CLI-1105,Fixed Income,477518.63,215.08,215.08,0,0,Settled
TRD-104108,20-04-2025,CLI-1040,OTC Derivatives,97298.59,29.13,29.13,0,0,Settled
TRD-104109,26-06-2025,CLI-1058,Equities,763791.55,144.15,144.15,1,0,Settled
TRD-104110,28-12-2025,CLI-1132,Equities,187863.74,79.29,79.29,1,1,Margin Breach
TRD-104111,10-11-2025,CLI-1084,Fixed Income,128509.1,27.98,27.98,0,1,SSI Mismatch
TRD-104112,22-10-2025,CLI-1029,Equities,418549.44,198.51,198.51,3,0,Settled
TRD-104113,02-12-2025,CLI-1089,Fixed Income,274082.23,54.86,54.86,1,0,Settled
TRD-104114,07-04-2025,CLI-1055,Equities,1274654.68,212.98,212.98,0,0,Settled
TRD-104115,01-08-2025,CLI-1002,Fixed Income,1070393.08,318.26,318.26,1,0,Settled
TRD-104116,13-11-2025,CLI-1112,FX Options,340195.45,40.89,40.89,1,0,Settled
TRD-104117,17-05-2025,CLI-1011,Fixed Income,232568.71,26.64,26.64,1,0,Settled
TRD-104118,06-01-2025,CLI-1134,OTC Derivatives,206905.13,61.74,61.74,0,0,Settled
TRD-104119,19-04-2025,CLI-1025,Fixed Income,165689.4,30.83,30.83,3,1,System Lag
TRD-104120,04-02-2025,CLI-1055,Fixed Income,403232.31,41.83,41.83,0,0,Settled
TRD-104121,08-02-2025,CLI-1012,FX Options,827323,180.71,180.71,3,0,Settled
TRD-104122,30-05-2025,CLI-1080,OTC Derivatives,196080.41,57.05,57.05,0,0,Settled
TRD-104123,28-04-2025,CLI-1015,OTC Derivatives,115418.6,29.75,29.75,4,1,Custodian Delay
TRD-104124,18-09-2025,CLI-1103,Equities,332639.49,51.29,51.29,3,1,Custodian Delay
TRD-104125,28-03-2025,CLI-1081,Fixed Income,45766.48,15.19,20.84,3,1,Custodian Delay
TRD-104126,17-03-2025,CLI-1131,Equities,614122.64,235.9,235.9,2,0,Settled
TRD-104127,09-11-2025,CLI-1039,Fixed Income,375277.37,138.93,138.93,1,0,Settled
TRD-104128,02-08-2025,CLI-1050,Fixed Income,352961.48,90.89,90.89,4,1,SSI Mismatch
TRD-104129,12-10-2025,CLI-1125,OTC Derivatives,188655.7,29.25,29.25,1,0,Settled
TRD-104130,27-08-2025,CLI-1038,OTC Derivatives,1185223.39,355.32,355.32,0,0,Settled
TRD-104131,14-06-2025,CLI-1082,Fixed Income,57422.6,26.19,36.35,3,0,Settled
TRD-104132,28-03-2025,CLI-1062,Equities,1029433.98,295.95,344.54,2,0,Settled
TRD-104133,21-05-2025,CLI-1059,OTC Derivatives,246367.84,43.92,43.92,0,0,Settled
TRD-104134,09-06-2025,CLI-1109,Equities,1072736.52,147.2,147.2,2,0,Settled
TRD-104135,15-02-2025,CLI-1127,Fixed Income,662378.31,316.33,316.33,2,0,Settled
TRD-104136,22-04-2025,CLI-1097,Equities,65002.71,25.82,25.82,2,1,System Lag
TRD-104137,14-02-2025,CLI-1051,Equities,900517.45,202.78,202.78,2,1,Custodian Delay
TRD-104138,04-09-2025,CLI-1048,FX Options,583130.07,127.2,127.2,1,0,Settled
TRD-104139,14-04-2025,CLI-1065,Equities,26417.57,12.1,12.1,1,0,Settled
TRD-104140,26-03-2025,CLI-1040,Fixed Income,81763.55,13.98,13.98,1,0,Settled
TRD-104141,14-05-2025,CLI-1142,Equities,514790.05,161.65,161.65,1,0,Settled
TRD-104142,18-04-2025,CLI-1056,FX Options,553243.8,213.22,213.22,2,1,Custodian Delay
TRD-104143,18-01-2025,CLI-1109,OTC Derivatives,696494.5,180.08,180.08,3,0,Settled
TRD-104144,04-04-2025,CLI-1048,Equities,646921.25,75.02,75.02,0,0,Settled
TRD-104145,30-05-2025,CLI-1005,Equities,548699.38,104.86,104.86,1,0,Settled
TRD-104146,03-09-2025,CLI-1068,Fixed Income,736727.82,339.43,339.43,3,0,Settled
TRD-104147,16-10-2025,CLI-1030,Equities,437933.9,135.43,135.43,2,1,System Lag
TRD-104148,28-07-2025,CLI-1141,Fixed Income,161087.55,68.65,68.65,0,0,Settled
TRD-104149,06-05-2025,CLI-1096,Equities,1227353.68,395.54,395.54,0,0,Settled
TRD-104150,23-08-2025,CLI-1044,Equities,19190.97,9.16,9.16,0,0,Settled
TRD-104151,02-05-2025,CLI-1095,Fixed Income,238296.36,110.49,110.49,0,0,Settled
TRD-104152,18-05-2025,CLI-1011,Equities,662578.97,194.24,194.24,3,0,Settled
TRD-104153,25-04-2025,CLI-1149,OTC Derivatives,288570.96,65.59,65.59,0,0,Settled
TRD-104154,11-06-2025,CLI-1077,Equities,22573.99,7.69,7.69,3,1,SSI Mismatch
TRD-104155,20-07-2025,CLI-1034,Equities,44129.2,16.33,16.33,1,0,Settled
TRD-104156,22-08-2025,CLI-1098,FX Options,532968.23,159.54,159.54,0,0,Settled
TRD-104157,28-01-2025,CLI-1012,Fixed Income,1684273.05,722.41,722.41,2,0,Settled
TRD-104158,11-01-2025,CLI-1020,OTC Derivatives,411328.85,71.3,83.29,3,0,Settled
TRD-104159,25-07-2025,CLI-1141,Equities,363377.49,84.94,84.94,0,0,Settled
TRD-104160,16-06-2025,CLI-1137,Fixed Income,201601.29,75.51,75.51,2,0,Settled
TRD-104161,04-09-2025,CLI-1096,OTC Derivatives,158321.5,31.45,31.45,1,0,Settled
TRD-104162,16-02-2025,CLI-1071,Equities,20604.15,5.69,5.69,0,0,Settled
TRD-104163,03-09-2025,CLI-1003,OTC Derivatives,169383.36,82.23,82.23,1,1,SSI Mismatch
TRD-104164,07-05-2025,CLI-1054,Fixed Income,308110.46,107.95,107.95,1,0,Settled
TRD-104165,27-05-2025,CLI-1114,Equities,120292.03,57.69,57.69,0,0,Settled
TRD-104166,28-04-2025,CLI-1136,Fixed Income,55700.31,21.67,21.67,4,1,Margin Breach
TRD-104167,01-06-2025,CLI-1064,Fixed Income,642441.83,250.47,250.47,1,0,Settled
TRD-104168,13-03-2025,CLI-1060,Equities,1135092.48,382.23,382.23,2,0,Settled
TRD-104169,29-12-2025,CLI-1076,Fixed Income,1390504.57,218.15,218.15,2,1,SSI Mismatch
TRD-104170,17-05-2025,CLI-1052,Equities,491165.67,151.22,151.22,0,0,Settled
TRD-104171,24-06-2025,CLI-1043,Fixed Income,37109.09,7.46,7.46,3,0,Settled
TRD-104172,16-10-2025,CLI-1055,OTC Derivatives,685198.49,342.24,342.24,1,0,Settled
TRD-104173,19-01-2025,CLI-1093,Fixed Income,68320.45,14.13,14.13,1,1,System Lag
TRD-104174,14-07-2025,CLI-1022,FX Options,563949.82,108.43,108.43,1,0,Settled
TRD-104175,26-11-2025,CLI-1148,Equities,765624.66,267.63,267.63,1,0,Settled
TRD-104176,24-06-2025,CLI-1102,Fixed Income,657066.77,200,200,0,0,Settled
TRD-104177,20-12-2025,CLI-1076,OTC Derivatives,1527068.24,165.75,165.75,3,0,Settled
TRD-104178,21-05-2025,CLI-1140,Fixed Income,679984.63,103.23,103.23,1,0,Settled
TRD-104179,03-09-2025,CLI-1058,Fixed Income,600795.54,254.99,254.99,2,1,SSI Mismatch
TRD-104180,03-04-2025,CLI-1025,Equities,161731.75,47.46,47.46,1,1,System Lag
TRD-104181,27-08-2025,CLI-1112,Equities,1303593.87,206.5,206.5,1,0,Settled
TRD-104182,24-07-2025,CLI-1088,Equities,108947.42,31.17,31.17,0,0,Settled
TRD-104183,17-02-2025,CLI-1131,FX Options,1186395.34,238.77,238.77,1,1,System Lag
TRD-104184,02-09-2025,CLI-1084,Equities,197464.95,37.41,37.41,3,0,Settled
TRD-104185,16-11-2025,CLI-1070,OTC Derivatives,79725.06,38.51,38.51,0,0,Settled
TRD-104186,13-11-2025,CLI-1069,Fixed Income,886316.57,216.98,216.98,1,0,Settled
TRD-104187,22-10-2025,CLI-1069,Equities,11249.29,1.33,1.33,0,0,Settled
TRD-104188,08-05-2025,CLI-1072,Fixed Income,902158.57,440.37,440.37,1,1,System Lag
TRD-104189,10-12-2025,CLI-1001,OTC Derivatives,162117.05,67.75,67.75,3,0,Settled
TRD-104190,09-10-2025,CLI-1006,OTC Derivatives,1090201.18,219.96,219.96,2,0,Settled
TRD-104191,17-01-2025,CLI-1000,Equities,597982.98,157.6,157.6,3,1,SSI Mismatch
TRD-104192,12-03-2025,CLI-1134,Equities,558581.67,248.52,302.99,2,1,System Lag
TRD-104193,26-09-2025,CLI-1008,Equities,237316.83,57.66,57.66,0,0,Settled
TRD-104194,21-11-2025,CLI-1047,Equities,40620.24,13.28,13.28,0,0,Settled
TRD-104195,09-10-2025,CLI-1054,Fixed Income,896193.46,281.35,281.35,0,0,Settled
TRD-104196,01-11-2025,CLI-1094,OTC Derivatives,103709.54,27.02,27.02,1,0,Settled
TRD-104197,07-01-2025,CLI-1059,Equities,242813.52,86.39,86.39,2,0,Settled
TRD-104198,10-11-2025,CLI-1121,OTC Derivatives,468588.92,135.57,135.57,1,0,Settled
TRD-104199,01-11-2025,CLI-1069,Fixed Income,339135,36.79,36.79,0,0,Settled
TRD-104200,13-04-2025,CLI-1077,Equities,120735.37,51.4,51.4,0,0,Settled
TRD-104201,05-11-2025,CLI-1048,Equities,85769.92,12.46,12.46,4,0,Settled
TRD-104202,12-07-2025,CLI-1021,OTC Derivatives,75764.57,21.64,21.64,2,0,Settled
TRD-104203,29-08-2025,CLI-1003,OTC Derivatives,1003915.94,333.26,333.26,2,0,Settled
TRD-104204,03-03-2025,CLI-1092,Fixed Income,26034.14,9.95,9.95,0,1,System Lag
TRD-104205,17-01-2025,CLI-1065,Equities,1896440.62,501.26,501.26,0,0,Settled
TRD-104206,20-06-2025,CLI-1029,Equities,120653.05,47.56,47.56,0,0,Settled
TRD-104207,25-01-2025,CLI-1079,Equities,68448.01,10.44,10.44,0,0,Settled
TRD-104208,08-09-2025,CLI-1024,Fixed Income,440158.05,159.06,159.06,3,1,Custodian Delay
TRD-104209,10-09-2025,CLI-1064,OTC Derivatives,51683.17,22.25,22.25,0,1,SSI Mismatch
TRD-104210,26-07-2025,CLI-1102,Equities,471221.39,214.77,270.01,0,0,Settled
TRD-104211,29-01-2025,CLI-1015,OTC Derivatives,960653.18,318.77,318.77,0,0,Settled
TRD-104212,27-04-2025,CLI-1054,Fixed Income,34541.56,7.78,7.78,1,1,Custodian Delay
TRD-104213,09-10-2025,CLI-1092,Fixed Income,814390.58,134.65,134.65,1,0,Settled
TRD-104214,24-05-2025,CLI-1123,FX Options,260831.73,62.14,80.66,0,0,Settled
TRD-104215,25-01-2025,CLI-1118,Equities,96873.59,30.61,30.61,0,0,Settled
TRD-104216,06-11-2025,CLI-1067,FX Options,106850.92,19.08,19.08,1,1,Custodian Delay
TRD-104217,05-06-2025,CLI-1101,Equities,1265201.74,608.57,608.57,0,0,Settled
TRD-104218,14-03-2025,CLI-1122,Equities,68607.33,31.48,31.48,1,0,Settled
TRD-104219,30-04-2025,CLI-1108,OTC Derivatives,1017887.15,115.21,115.21,2,0,Settled
TRD-104220,08-11-2025,CLI-1107,FX Options,402899.53,130.86,179.7,0,0,Settled
TRD-104221,17-11-2025,CLI-1040,Fixed Income,29919.67,12.44,12.44,1,0,Settled
TRD-104222,03-04-2025,CLI-1129,Fixed Income,322254.92,63.86,63.86,3,0,Settled
TRD-104223,27-03-2025,CLI-1000,OTC Derivatives,860364.26,266.33,310.58,0,0,Settled
TRD-104224,02-12-2025,CLI-1086,OTC Derivatives,657683.77,172.57,172.57,2,0,Settled
TRD-104225,30-12-2025,CLI-1036,Equities,345479.99,61.71,72.26,2,1,Margin Breach
TRD-104226,28-04-2025,CLI-1082,OTC Derivatives,993234.6,343.55,343.55,1,0,Settled
TRD-104227,21-08-2025,CLI-1114,Fixed Income,74123.98,36.87,36.87,1,0,Settled
TRD-104228,18-07-2025,CLI-1075,Fixed Income,1213645.43,298.7,298.7,0,0,Settled
TRD-104229,25-07-2025,CLI-1064,Fixed Income,946835.89,303.89,303.89,2,0,Settled
TRD-104230,05-12-2025,CLI-1012,Fixed Income,625974.98,144.69,168.69,1,0,Settled
TRD-104231,27-05-2025,CLI-1110,FX Options,861565.99,388.38,388.38,1,0,Settled
TRD-104232,28-09-2025,CLI-1000,Fixed Income,402428.98,179.42,179.42,2,0,Settled
TRD-104233,19-05-2025,CLI-1073,FX Options,572215,98.14,98.14,1,1,SSI Mismatch
TRD-104234,30-06-2025,CLI-1141,Equities,421170.36,193.73,264.64,3,1,Margin Breach
TRD-104235,30-01-2025,CLI-1149,OTC Derivatives,229584.79,36.87,36.87,2,0,Settled
TRD-104236,26-02-2025,CLI-1126,OTC Derivatives,430662.13,59.51,59.51,1,0,Settled
TRD-104237,20-08-2025,CLI-1100,Fixed Income,158842.86,57.37,57.37,0,0,Settled
TRD-104238,26-05-2025,CLI-1046,Fixed Income,300158.57,76.35,76.35,0,0,Settled
TRD-104239,17-02-2025,CLI-1091,Fixed Income,174790.8,54.59,54.59,0,0,Settled
TRD-104240,13-07-2025,CLI-1139,OTC Derivatives,75560.17,27.28,27.28,4,0,Settled
TRD-104241,12-08-2025,CLI-1056,OTC Derivatives,204202.13,24.74,24.74,3,0,Settled
TRD-104242,16-05-2025,CLI-1064,Equities,965228.32,209.63,209.63,1,1,Margin Breach
TRD-104243,22-01-2025,CLI-1145,OTC Derivatives,249890.25,71.06,71.06,0,0,Settled
TRD-104244,06-01-2025,CLI-1069,Fixed Income,699170.34,144.47,189.19,2,0,Settled
TRD-104245,23-07-2025,CLI-1057,Equities,106305.87,12.71,12.71,1,0,Settled
TRD-104246,27-08-2025,CLI-1061,OTC Derivatives,286187.8,38.54,38.54,1,0,Settled
TRD-104247,04-07-2025,CLI-1112,Fixed Income,71002.51,29.87,29.87,1,0,Settled
TRD-104248,26-12-2025,CLI-1107,OTC Derivatives,84610.38,39.31,39.31,1,0,Settled
TRD-104249,19-10-2025,CLI-1026,Equities,490430.16,78.91,78.91,1,0,Settled
TRD-104250,01-12-2025,CLI-1028,Equities,477586.21,95.38,95.38,0,0,Settled
TRD-104251,08-08-2025,CLI-1042,Fixed Income,129999.85,46.92,46.92,1,0,Settled
TRD-104252,26-04-2025,CLI-1116,Equities,331629.47,159.75,159.75,1,0,Settled
TRD-104253,09-11-2025,CLI-1016,OTC Derivatives,1005005.82,220.94,220.94,0,0,Settled
TRD-104254,18-02-2025,CLI-1039,Equities,105702.25,46.73,46.73,4,1,System Lag
TRD-104255,22-06-2025,CLI-1090,Fixed Income,19698.73,5.96,8.21,1,0,Settled
TRD-104256,23-03-2025,CLI-1133,Equities,537769.42,259.54,259.54,1,0,Settled
TRD-104257,18-11-2025,CLI-1099,Equities,37491.21,5.79,5.79,2,0,Settled
TRD-104258,29-11-2025,CLI-1108,OTC Derivatives,1964519.69,961.57,961.57,1,0,Settled
TRD-104259,14-02-2025,CLI-1116,Equities,480317.69,132.76,132.76,0,0,Settled
TRD-104260,01-12-2025,CLI-1042,Fixed Income,327813.19,157.74,157.74,0,0,Settled
TRD-104261,20-01-2025,CLI-1121,FX Options,291052.92,82.51,82.51,2,0,Settled
TRD-104262,09-08-2025,CLI-1127,Fixed Income,435568.38,135.91,135.91,0,0,Settled
TRD-104263,03-05-2025,CLI-1083,OTC Derivatives,57498.55,24.26,24.26,0,0,Settled
TRD-104264,22-08-2025,CLI-1142,Equities,1339766.17,521.24,521.24,0,0,Settled
TRD-104265,09-08-2025,CLI-1014,Equities,501271.45,174.36,174.36,1,0,Settled
TRD-104266,19-11-2025,CLI-1086,OTC Derivatives,111657.29,29.79,29.79,2,0,Settled
TRD-104267,05-12-2025,CLI-1009,OTC Derivatives,423431.93,176.56,176.56,2,0,Settled
TRD-104268,03-01-2025,CLI-1067,Fixed Income,81506.1,39.07,39.07,1,0,Settled
TRD-104269,01-07-2025,CLI-1032,Fixed Income,18854.3,1.96,1.96,0,0,Settled
TRD-104270,25-07-2025,CLI-1008,Fixed Income,507825.25,170.19,232.86,0,0,Settled
TRD-104271,16-11-2025,CLI-1121,Equities,532749.09,237.82,237.82,2,0,Settled
TRD-104272,09-02-2025,CLI-1010,OTC Derivatives,448170.46,161.9,161.9,1,0,Settled
TRD-104273,28-02-2025,CLI-1142,Fixed Income,111353.9,46.81,46.81,3,0,Settled
TRD-104274,03-03-2025,CLI-1089,Fixed Income,472451.18,216.39,216.39,3,0,Settled
TRD-104275,12-05-2025,CLI-1007,OTC Derivatives,39085.26,15.65,15.65,0,0,Settled
TRD-104276,01-03-2025,CLI-1068,Equities,479828.75,185.6,185.6,0,0,Settled
TRD-104277,27-11-2025,CLI-1129,Equities,413737.24,201.03,201.03,0,0,Settled
TRD-104278,02-05-2025,CLI-1144,OTC Derivatives,542474.89,241.66,241.66,1,1,Custodian Delay
TRD-104279,17-04-2025,CLI-1076,OTC Derivatives,1139167.4,485.46,485.46,1,0,Settled
TRD-104280,06-04-2025,CLI-1008,Fixed Income,959755.1,129.15,129.15,1,0,Settled
TRD-104281,13-12-2025,CLI-1070,Equities,1982639.75,387.83,387.83,0,0,Settled
TRD-104282,23-08-2025,CLI-1075,Equities,1879897.63,606.65,606.65,0,0,Settled
TRD-104283,03-03-2025,CLI-1003,Fixed Income,749906.4,287.83,287.83,5,1,SSI Mismatch
TRD-104284,13-09-2025,CLI-1030,Equities,1576574.14,348.87,348.87,2,0,Settled
TRD-104285,18-02-2025,CLI-1130,OTC Derivatives,1019771.46,140.05,140.05,1,1,Custodian Delay
TRD-104286,14-12-2025,CLI-1040,FX Options,660209.64,148.18,148.18,2,0,Settled
TRD-104287,08-06-2025,CLI-1134,OTC Derivatives,49188.52,20.09,25.68,2,0,Settled
TRD-104288,04-05-2025,CLI-1074,Equities,35146.84,15.85,19.23,4,0,Settled
TRD-104289,13-11-2025,CLI-1059,OTC Derivatives,918845.09,427.41,427.41,0,0,Settled
TRD-104290,26-07-2025,CLI-1046,Equities,346335,87.12,87.12,0,0,Settled
TRD-104291,17-02-2025,CLI-1056,Equities,852637.84,212.32,212.32,0,0,Settled
TRD-104292,16-05-2025,CLI-1083,Equities,197651.01,51.92,51.92,1,0,Settled
TRD-104293,20-07-2025,CLI-1149,Equities,263458.19,65.95,65.95,0,0,Settled
TRD-104294,07-09-2025,CLI-1021,FX Options,612297.7,224.39,224.39,0,0,Settled
TRD-104295,10-11-2025,CLI-1088,Equities,1244477.7,302.82,418.54,1,0,Settled
TRD-104296,23-12-2025,CLI-1017,Equities,55926.89,6.05,6.05,1,0,Settled
TRD-104297,14-11-2025,CLI-1113,FX Options,998363.58,275.16,275.16,2,0,Settled
TRD-104298,22-10-2025,CLI-1011,Equities,797548.98,151.26,151.26,2,0,Settled
TRD-104299,10-11-2025,CLI-1028,OTC Derivatives,199562,22.26,22.26,1,0,Settled
TRD-104300,28-07-2025,CLI-1002,Equities,229420.43,66.15,66.15,1,0,Settled
TRD-104301,21-12-2025,CLI-1118,Equities,33787.73,6.16,6.16,5,0,Settled
TRD-104302,30-07-2025,CLI-1025,FX Options,17932.91,5.04,5.04,2,0,Settled
TRD-104303,11-07-2025,CLI-1077,Equities,334092.76,70.53,70.53,0,0,Settled
TRD-104304,13-02-2025,CLI-1105,Fixed Income,60208.4,20.56,20.56,0,0,Settled
TRD-104305,29-01-2025,CLI-1140,Equities,117836.89,58.49,58.49,0,0,Settled
TRD-104306,28-02-2025,CLI-1119,Equities,947898.47,302.28,302.28,0,0,Settled
TRD-104307,12-03-2025,CLI-1091,Equities,433182.27,155.41,155.41,2,0,Settled
TRD-104308,02-04-2025,CLI-1050,Equities,512059.09,239.5,239.5,2,0,Settled
TRD-104309,22-09-2025,CLI-1095,Equities,113806.96,28.41,28.41,0,0,Settled
TRD-104310,08-08-2025,CLI-1129,OTC Derivatives,892057.96,148.63,148.63,0,0,Settled
TRD-104311,03-08-2025,CLI-1013,Fixed Income,1022400.06,217.89,217.89,1,0,Settled
TRD-104312,04-10-2025,CLI-1138,Equities,380462.9,99.35,99.35,0,0,Settled
TRD-104313,05-03-2025,CLI-1049,Fixed Income,1228388.48,439.77,439.77,0,0,Settled
TRD-104314,12-12-2025,CLI-1124,FX Options,941612.56,95.89,95.89,4,0,Settled
TRD-104315,19-10-2025,CLI-1070,FX Options,667124.87,294.44,294.44,1,0,Settled
TRD-104316,02-09-2025,CLI-1037,OTC Derivatives,672272.2,87.69,100.87,1,0,Settled
TRD-104317,03-03-2025,CLI-1032,OTC Derivatives,65685.65,30.23,30.23,1,0,Settled
TRD-104318,28-11-2025,CLI-1074,Equities,167928.33,80.57,80.57,0,0,Settled
TRD-104319,19-06-2025,CLI-1133,Equities,44593.17,22.12,22.12,1,1,System Lag
TRD-104320,26-09-2025,CLI-1145,Fixed Income,14359.56,6.09,6.09,0,1,Custodian Delay
TRD-104321,24-09-2025,CLI-1078,Fixed Income,96171.47,15.07,15.07,2,0,Settled
TRD-104322,23-02-2025,CLI-1076,Fixed Income,1072165.83,410.07,410.07,1,0,Settled
TRD-104323,16-01-2025,CLI-1132,Fixed Income,147135.57,26.68,26.68,2,0,Settled
TRD-104324,08-01-2025,CLI-1039,FX Options,1765851.6,810.26,810.26,0,0,Settled
TRD-104325,14-04-2025,CLI-1062,OTC Derivatives,464770.53,105.34,105.34,1,0,Settled
TRD-104326,28-02-2025,CLI-1081,Fixed Income,145418.04,33.55,33.55,1,1,Margin Breach
TRD-104327,09-11-2025,CLI-1042,OTC Derivatives,353712.59,165.21,165.21,1,0,Settled
TRD-104328,09-02-2025,CLI-1001,Equities,133650.77,14.07,14.07,1,0,Settled
TRD-104329,25-08-2025,CLI-1075,Equities,2076757.65,368.8,368.8,1,0,Settled
TRD-104330,04-04-2025,CLI-1147,Equities,949525.39,255.21,335.12,0,0,Settled
TRD-104331,10-08-2025,CLI-1112,Fixed Income,23294.58,8.86,8.86,1,0,Settled
TRD-104332,23-07-2025,CLI-1023,Equities,1486106.86,533.55,533.55,0,0,Settled
TRD-104333,18-05-2025,CLI-1072,OTC Derivatives,648388.44,238.45,238.45,1,0,Settled
TRD-104334,27-10-2025,CLI-1109,Equities,52986.64,23.95,29.03,1,0,Settled
TRD-104335,26-07-2025,CLI-1044,Fixed Income,565298.53,83.9,83.9,3,0,Settled
TRD-104336,02-12-2025,CLI-1046,Equities,530539.79,163.87,163.87,3,0,Settled
TRD-104337,22-03-2025,CLI-1092,Equities,133454.84,52.07,52.07,0,0,Settled
TRD-104338,06-08-2025,CLI-1122,OTC Derivatives,720332.56,255.32,255.32,1,1,System Lag
TRD-104339,02-01-2025,CLI-1050,Fixed Income,55545.13,15.52,15.52,2,0,Settled
TRD-104340,27-06-2025,CLI-1116,FX Options,346128.63,36.98,36.98,1,0,Settled
TRD-104341,12-12-2025,CLI-1120,FX Options,14986.39,1.86,1.86,0,0,Settled
TRD-104342,06-10-2025,CLI-1028,Equities,1742667.81,257.18,257.18,0,0,Settled
TRD-104343,26-05-2025,CLI-1103,Equities,706284.26,167.59,167.59,1,0,Settled
TRD-104344,14-11-2025,CLI-1122,OTC Derivatives,96493.87,14.19,14.19,1,1,System Lag
TRD-104345,12-08-2025,CLI-1013,FX Options,219027.55,59.23,59.23,2,0,Settled
TRD-104346,03-03-2025,CLI-1057,Fixed Income,97511.55,16.72,16.72,3,0,Settled
TRD-104347,21-10-2025,CLI-1032,OTC Derivatives,737538.19,303.62,303.62,2,0,Settled
TRD-104348,27-08-2025,CLI-1103,OTC Derivatives,40350.99,18.1,18.1,2,0,Settled
TRD-104349,14-07-2025,CLI-1071,Equities,927563.15,237.33,237.33,0,0,Settled
TRD-104350,15-06-2025,CLI-1050,Fixed Income,1435351.58,437.11,437.11,0,0,Settled
TRD-104351,10-08-2025,CLI-1128,OTC Derivatives,574475.87,276.55,276.55,0,0,Settled
TRD-104352,02-03-2025,CLI-1067,Fixed Income,129741.57,40.77,40.77,2,0,Settled
TRD-104353,09-05-2025,CLI-1028,Equities,233213.94,116.15,116.15,0,0,Settled
TRD-104354,22-06-2025,CLI-1034,Equities,334316.29,52.44,52.44,3,0,Settled
TRD-104355,05-06-2025,CLI-1145,Equities,473960.01,210.86,210.86,2,0,Settled
TRD-104356,20-04-2025,CLI-1101,Equities,562309.78,168.06,168.06,0,0,Settled
TRD-104357,26-09-2025,CLI-1126,FX Options,413958.93,45.16,45.16,0,1,Margin Breach
TRD-104358,22-12-2025,CLI-1054,Equities,226403.19,110.69,110.69,0,0,Settled
TRD-104359,05-10-2025,CLI-1113,Equities,1117824.4,543.28,543.28,2,0,Settled
TRD-104360,15-03-2025,CLI-1103,Equities,52447.93,13.29,13.29,2,0,Settled
TRD-104361,26-07-2025,CLI-1127,Fixed Income,323919.53,156.02,156.02,0,0,Settled
TRD-104362,06-10-2025,CLI-1146,Fixed Income,757084.21,118.41,118.41,2,0,Settled
TRD-104363,22-11-2025,CLI-1123,Equities,41402.1,15.4,15.4,2,0,Settled
TRD-104364,06-12-2025,CLI-1020,Equities,620958.45,109.77,135.72,2,0,Settled
TRD-104365,23-12-2025,CLI-1122,Equities,866598.81,172.16,172.16,2,0,Settled
TRD-104366,06-12-2025,CLI-1079,Fixed Income,550628.83,226.71,226.71,1,0,Settled
TRD-104367,23-07-2025,CLI-1069,Equities,16510.65,4.14,4.14,0,0,Settled
TRD-104368,10-06-2025,CLI-1089,FX Options,109309.03,11.24,11.24,1,0,Settled
TRD-104369,28-01-2025,CLI-1000,Fixed Income,219361.11,58.28,58.28,3,0,Settled
TRD-104370,14-09-2025,CLI-1081,Equities,143084.27,27.36,27.36,0,0,Settled
TRD-104371,14-06-2025,CLI-1000,OTC Derivatives,1653739.84,617.39,617.39,2,1,Margin Breach
TRD-104372,04-03-2025,CLI-1026,Equities,537193.28,95.5,124.8,1,0,Settled
TRD-104373,22-01-2025,CLI-1146,Fixed Income,186178.54,81.34,81.34,2,0,Settled
TRD-104374,11-03-2025,CLI-1089,Equities,1337473.95,276.64,363.53,0,0,Settled
TRD-104375,06-04-2025,CLI-1123,Fixed Income,684680.82,176.11,176.11,1,1,Margin Breach
TRD-104376,12-06-2025,CLI-1051,OTC Derivatives,177461.77,38.9,50.8,3,0,Settled
TRD-104377,20-03-2025,CLI-1062,FX Options,248116.75,88.72,88.72,0,0,Settled
TRD-104378,05-01-2025,CLI-1094,Equities,121214.94,17.03,17.03,2,0,Settled
TRD-104379,12-11-2025,CLI-1109,Equities,1781507.19,518.85,518.85,2,0,Settled
TRD-104380,30-04-2025,CLI-1121,Fixed Income,374176.34,87.48,87.48,2,1,Margin Breach
TRD-104381,29-10-2025,CLI-1066,FX Options,1141954.8,518.05,518.05,2,0,Settled
TRD-104382,27-06-2025,CLI-1083,FX Options,222706.2,28.81,28.81,0,0,Settled
TRD-104383,25-06-2025,CLI-1129,Equities,996071.22,430.18,505.73,1,1,Margin Breach
TRD-104384,05-08-2025,CLI-1036,Equities,37696.55,6.3,6.3,1,0,Settled
TRD-104385,25-02-2025,CLI-1038,Fixed Income,2021206.9,273.73,273.73,2,0,Settled
TRD-104386,06-07-2025,CLI-1122,Equities,1225404.54,221.71,221.71,1,0,Settled
TRD-104387,20-08-2025,CLI-1127,Equities,235652.13,33.24,33.24,0,0,Settled
TRD-104388,12-09-2025,CLI-1018,Equities,755210.41,232.9,232.9,1,0,Settled
TRD-104389,14-04-2025,CLI-1041,Fixed Income,707683.55,350.51,350.51,2,0,Settled
TRD-104390,18-03-2025,CLI-1122,FX Options,1167606.23,132.79,132.79,2,0,Settled
TRD-104391,18-08-2025,CLI-1110,FX Options,193546.64,55.05,75.62,1,1,System Lag
TRD-104392,15-09-2025,CLI-1033,Equities,323230.49,82.24,82.24,0,0,Settled
TRD-104393,21-09-2025,CLI-1120,Fixed Income,1011238.82,238.49,238.49,1,0,Settled
TRD-104394,27-11-2025,CLI-1057,OTC Derivatives,763845.73,177.78,177.78,2,1,Custodian Delay
TRD-104395,01-07-2025,CLI-1014,Equities,259997.84,119.08,119.08,1,0,Settled
TRD-104396,13-09-2025,CLI-1028,Fixed Income,944510.03,101.62,101.62,1,0,Settled
TRD-104397,07-02-2025,CLI-1133,Fixed Income,34046.07,13.96,13.96,0,0,Settled
TRD-104398,25-06-2025,CLI-1045,Equities,771736.32,155.25,155.25,2,0,Settled
TRD-104399,27-01-2025,CLI-1104,Fixed Income,125818.42,31.87,31.87,2,0,Settled
TRD-104400,03-10-2025,CLI-1070,Equities,178520.83,47.85,47.85,1,0,Settled
TRD-104401,20-05-2025,CLI-1026,Fixed Income,349834.06,77.63,77.63,2,0,Settled
TRD-104402,26-10-2025,CLI-1128,Equities,308677.2,42.42,42.42,0,0,Settled
TRD-104403,14-10-2025,CLI-1072,Equities,377578.8,55.03,55.03,1,0,Settled
TRD-104404,01-04-2025,CLI-1149,Equities,403482.39,88.46,88.46,1,0,Settled
TRD-104405,02-03-2025,CLI-1149,OTC Derivatives,211380.15,90.62,90.62,2,1,System Lag
TRD-104406,31-12-2025,CLI-1123,Fixed Income,106323.85,16.36,16.36,2,0,Settled
TRD-104407,13-12-2025,CLI-1112,Fixed Income,741547.16,294.44,294.44,2,0,Settled
TRD-104408,12-06-2025,CLI-1092,Fixed Income,265392.94,57.2,57.2,2,0,Settled
TRD-104409,17-12-2025,CLI-1054,Fixed Income,362448.84,164.33,216.67,0,0,Settled
TRD-104410,23-05-2025,CLI-1110,Equities,527391.77,143.1,143.1,1,1,Custodian Delay
TRD-104411,10-09-2025,CLI-1043,OTC Derivatives,1211965.3,204.45,204.45,1,0,Settled
TRD-104412,26-09-2025,CLI-1036,Equities,624735.62,308.83,308.83,3,1,Custodian Delay
TRD-104413,18-10-2025,CLI-1037,Equities,33262.46,5.68,5.68,2,0,Settled
TRD-104414,06-07-2025,CLI-1004,OTC Derivatives,921811.99,301.48,415,1,0,Settled
TRD-104415,31-10-2025,CLI-1022,Equities,2281333.2,747.63,747.63,0,0,Settled
TRD-104416,18-10-2025,CLI-1041,Equities,329789.01,82.16,82.16,3,0,Settled
TRD-104417,27-03-2025,CLI-1097,Fixed Income,1756497.42,844.16,844.16,0,0,Settled
TRD-104418,15-06-2025,CLI-1047,Fixed Income,406294.56,177.77,177.77,1,0,Settled
TRD-104419,24-04-2025,CLI-1121,OTC Derivatives,317737.64,137.24,137.24,0,0,Settled
TRD-104420,22-12-2025,CLI-1005,Fixed Income,211288.22,103.46,103.46,0,0,Settled
TRD-104421,02-07-2025,CLI-1015,Fixed Income,545821.93,154.38,154.38,1,0,Settled
TRD-104422,26-07-2025,CLI-1057,OTC Derivatives,140565.79,19.52,19.52,3,1,Custodian Delay
TRD-104423,13-09-2025,CLI-1130,Equities,65429.03,26.58,26.58,1,0,Settled
TRD-104424,23-08-2025,CLI-1102,Equities,23807.45,6.01,6.01,0,0,Settled
TRD-104425,21-12-2025,CLI-1109,Fixed Income,182924.11,32.22,32.22,0,0,Settled
TRD-104426,03-01-2025,CLI-1021,Equities,261900.87,76.82,76.82,0,0,Settled
TRD-104427,27-07-2025,CLI-1064,FX Options,411566.63,193.55,193.55,2,0,Settled
TRD-104428,16-07-2025,CLI-1004,OTC Derivatives,183185.41,30.87,30.87,3,0,Settled
TRD-104429,07-12-2025,CLI-1118,Equities,2079448.39,913.87,913.87,0,0,Settled
TRD-104430,05-05-2025,CLI-1037,Equities,182475.66,48.77,48.77,0,0,Settled
TRD-104431,18-05-2025,CLI-1147,Equities,300780.89,46.54,46.54,1,0,Settled
TRD-104432,05-12-2025,CLI-1086,Equities,64503.67,28.34,28.34,1,0,Settled
TRD-104433,25-01-2025,CLI-1124,Equities,160976.05,78.53,78.53,1,0,Settled
TRD-104434,09-03-2025,CLI-1063,Fixed Income,34769.6,7.53,7.53,1,0,Settled
TRD-104435,02-03-2025,CLI-1029,OTC Derivatives,419932.22,92.98,92.98,2,0,Settled
TRD-104436,29-01-2025,CLI-1116,OTC Derivatives,705281.09,180.71,180.71,2,1,SSI Mismatch
TRD-104437,19-01-2025,CLI-1134,Equities,118897.57,50.61,50.61,0,0,Settled
TRD-104438,20-06-2025,CLI-1091,Equities,239362.49,24.93,24.93,4,0,Settled
TRD-104439,15-03-2025,CLI-1124,Fixed Income,18377.91,3.48,3.48,1,0,Settled
TRD-104440,02-03-2025,CLI-1016,OTC Derivatives,924799.38,353.61,353.61,1,0,Settled
TRD-104441,02-06-2025,CLI-1018,OTC Derivatives,766980.98,201.15,201.15,1,0,Settled
TRD-104442,03-10-2025,CLI-1134,FX Options,42671.57,9.9,9.9,1,0,Settled
TRD-104443,17-02-2025,CLI-1121,Fixed Income,236960.91,106.37,106.37,1,0,Settled
TRD-104444,30-07-2025,CLI-1110,Fixed Income,1563741.18,730.16,730.16,2,0,Settled
TRD-104445,09-12-2025,CLI-1022,Equities,258812.45,124.02,124.02,2,1,SSI Mismatch
TRD-104446,19-05-2025,CLI-1065,Fixed Income,383494.15,80.16,110.3,1,0,Settled
TRD-104447,20-04-2025,CLI-1122,Equities,229440.78,106.69,106.69,2,0,Settled
TRD-104448,02-07-2025,CLI-1053,Fixed Income,463332.84,182.92,182.92,2,0,Settled
TRD-104449,28-01-2025,CLI-1075,Fixed Income,1921934.54,310.75,310.75,4,0,Settled
TRD-104450,16-07-2025,CLI-1042,Equities,3006233.22,1034.47,1034.47,2,0,Settled
TRD-104451,10-07-2025,CLI-1138,Equities,755194.46,83.47,83.47,0,0,Settled
TRD-104452,11-11-2025,CLI-1028,Equities,269018.36,103.13,103.13,0,0,Settled
TRD-104453,20-02-2025,CLI-1060,Equities,351036.56,138.11,138.11,1,0,Settled
TRD-104454,29-05-2025,CLI-1134,Equities,230596.4,95.87,95.87,0,0,Settled
TRD-104455,25-09-2025,CLI-1126,Equities,2129383.41,359.89,359.89,2,0,Settled
TRD-104456,19-02-2025,CLI-1016,Equities,625090.47,219.59,219.59,0,0,Settled
TRD-104457,03-09-2025,CLI-1065,Equities,307948.03,52.83,71.15,0,0,Settled
TRD-104458,23-04-2025,CLI-1149,FX Options,16094.63,7.7,7.7,0,0,Settled
TRD-104459,19-06-2025,CLI-1056,Equities,377488.4,139.67,139.67,2,0,Settled
TRD-104460,15-06-2025,CLI-1001,Equities,2075344.6,286.67,286.67,0,0,Settled
TRD-104461,14-01-2025,CLI-1091,Fixed Income,380183.24,66.46,66.46,1,0,Settled
TRD-104462,22-07-2025,CLI-1020,OTC Derivatives,110707.35,40.45,40.45,0,0,Settled
TRD-104463,15-10-2025,CLI-1094,Fixed Income,21170.73,6.15,6.15,1,1,Custodian Delay
TRD-104464,08-07-2025,CLI-1018,Equities,229022.89,90.35,119.81,1,1,Margin Breach
TRD-104465,04-06-2025,CLI-1047,Fixed Income,1261910.54,267.92,267.92,0,0,Settled
TRD-104466,24-02-2025,CLI-1134,OTC Derivatives,2845286.27,1033.31,1033.31,1,0,Settled
TRD-104467,01-07-2025,CLI-1093,OTC Derivatives,1463567.51,249.95,249.95,0,0,Settled
TRD-104468,29-07-2025,CLI-1138,Fixed Income,663593.73,210.68,210.68,1,0,Settled
TRD-104469,16-03-2025,CLI-1095,OTC Derivatives,418384.18,202.13,202.13,3,0,Settled
TRD-104470,04-10-2025,CLI-1114,OTC Derivatives,456636.52,160.41,160.41,2,0,Settled
TRD-104471,13-05-2025,CLI-1003,Fixed Income,397169.95,47.66,47.66,1,0,Settled
TRD-104472,09-12-2025,CLI-1133,Fixed Income,623875.48,309.13,309.13,1,1,SSI Mismatch
TRD-104473,28-02-2025,CLI-1114,Fixed Income,281393.17,45.8,45.8,0,0,Settled
TRD-104474,11-12-2025,CLI-1042,OTC Derivatives,563126.71,218.06,218.06,1,0,Settled
TRD-104475,01-07-2025,CLI-1104,Equities,74833.5,23.42,23.42,1,0,Settled
TRD-104476,05-12-2025,CLI-1055,FX Options,164415.61,35.8,35.8,2,0,Settled
TRD-104477,17-11-2025,CLI-1057,Equities,913953.69,156.22,156.22,1,0,Settled
TRD-104478,05-03-2025,CLI-1052,Fixed Income,1180397.6,201.94,201.94,0,0,Settled
TRD-104479,23-11-2025,CLI-1010,OTC Derivatives,397187.55,176.1,176.1,2,1,Margin Breach
TRD-104480,17-09-2025,CLI-1079,Equities,26073.42,11.71,11.71,0,0,Settled
TRD-104481,12-07-2025,CLI-1108,Fixed Income,1318466.93,377.16,377.16,1,1,Custodian Delay
TRD-104482,23-05-2025,CLI-1048,Equities,615438.72,87.05,87.05,1,0,Settled
TRD-104483,14-04-2025,CLI-1041,Equities,277241.57,125.78,171.49,1,0,Settled
TRD-104484,02-08-2025,CLI-1109,Equities,466123.14,137.42,137.42,1,0,Settled
TRD-104485,30-08-2025,CLI-1061,Equities,290861.98,80.13,80.13,1,0,Settled
TRD-104486,28-07-2025,CLI-1090,Equities,323061.4,84.95,84.95,0,0,Settled
TRD-104487,03-04-2025,CLI-1019,FX Options,1099343.13,270.44,270.44,3,0,Settled
TRD-104488,22-05-2025,CLI-1016,FX Options,97822.5,30.36,30.36,1,0,Settled
TRD-104489,22-04-2025,CLI-1115,Equities,64722.83,22.12,22.12,1,0,Settled
TRD-104490,28-02-2025,CLI-1015,OTC Derivatives,11366.24,3.26,3.26,0,0,Settled
TRD-104491,12-02-2025,CLI-1057,Equities,198439.1,91.02,91.02,0,0,Settled
TRD-104492,26-07-2025,CLI-1126,Equities,89740.46,20.38,20.38,2,0,Settled
TRD-104493,25-09-2025,CLI-1148,Equities,134221.38,44.47,44.47,1,1,Margin Breach
TRD-104494,23-10-2025,CLI-1052,FX Options,15651.31,3.44,3.44,3,1,SSI Mismatch
TRD-104495,28-04-2025,CLI-1081,FX Options,138864.53,55.73,55.73,1,0,Settled
TRD-104496,20-01-2025,CLI-1137,Equities,212266.46,29.9,29.9,1,0,Settled
TRD-104497,10-08-2025,CLI-1122,Equities,26038.25,4.57,4.57,2,0,Settled
TRD-104498,15-06-2025,CLI-1005,Equities,478124.44,201.04,201.04,1,0,Settled
TRD-104499,11-05-2025,CLI-1016,Fixed Income,430592.03,74.61,74.61,4,0,Settled
TRD-104500,05-06-2025,CLI-1011,Fixed Income,61036.17,21.38,21.38,0,0,Settled
TRD-104501,03-07-2025,CLI-1041,Equities,461946.18,225.47,225.47,0,0,Settled
TRD-104502,31-03-2025,CLI-1059,OTC Derivatives,3315278.79,1024.94,1024.94,1,0,Settled
TRD-104503,04-04-2025,CLI-1035,Equities,1455406.5,254.64,254.64,3,0,Settled
TRD-104504,13-01-2025,CLI-1022,FX Options,11337.28,2.59,2.59,2,1,Custodian Delay
TRD-104505,18-11-2025,CLI-1002,Fixed Income,803296.21,344.92,344.92,0,0,Settled
TRD-104506,20-10-2025,CLI-1120,Fixed Income,228172.47,54.91,54.91,2,1,Custodian Delay
TRD-104507,18-08-2025,CLI-1066,OTC Derivatives,42883.7,16.7,16.7,1,1,SSI Mismatch
TRD-104508,18-11-2025,CLI-1061,OTC Derivatives,185476.54,76.22,76.22,0,0,Settled
TRD-104509,19-10-2025,CLI-1008,Equities,204109.72,61.33,61.33,0,0,Settled
TRD-104510,26-01-2025,CLI-1082,Equities,380375.48,157.2,157.2,0,0,Settled
TRD-104511,16-03-2025,CLI-1021,FX Options,551001.15,124.95,124.95,1,1,Margin Breach
TRD-104512,30-12-2025,CLI-1077,Equities,701261.96,214.91,299.07,1,1,System Lag
TRD-104513,26-10-2025,CLI-1094,Equities,151117.16,56.61,56.61,3,0,Settled
TRD-104514,30-05-2025,CLI-1111,Fixed Income,204134.83,34.14,34.14,1,0,Settled
TRD-104515,28-05-2025,CLI-1127,OTC Derivatives,194360.54,40.71,40.71,1,0,Settled
TRD-104516,08-01-2025,CLI-1053,OTC Derivatives,235286.31,84.89,84.89,1,0,Settled
TRD-104517,29-01-2025,CLI-1052,FX Options,3997883.72,1447.81,1447.81,2,0,Settled
TRD-104518,23-10-2025,CLI-1032,Fixed Income,762411.27,226.68,226.68,2,0,Settled
TRD-104519,28-07-2025,CLI-1091,Equities,1854249.07,775.51,775.51,1,0,Settled
TRD-104520,08-05-2025,CLI-1020,Fixed Income,600634.68,175.88,175.88,0,0,Settled
TRD-104521,06-12-2025,CLI-1025,OTC Derivatives,270665.9,122.48,122.48,0,1,Custodian Delay
TRD-104522,26-04-2025,CLI-1009,Equities,256938.52,101.33,101.33,0,0,Settled
TRD-104523,24-05-2025,CLI-1063,Equities,345283.17,77.99,77.99,2,0,Settled
TRD-104524,14-11-2025,CLI-1022,Equities,279672.38,72.18,85.06,0,0,Settled
TRD-104525,23-08-2025,CLI-1066,Fixed Income,891079.69,327.09,327.09,1,0,Settled
TRD-104526,07-01-2025,CLI-1009,OTC Derivatives,322746.15,147.75,147.75,2,0,Settled
TRD-104527,14-02-2025,CLI-1108,Fixed Income,185214.64,31.76,31.76,0,0,Settled
TRD-104528,27-08-2025,CLI-1122,FX Options,755517.02,231.09,231.09,2,0,Settled
TRD-104529,04-06-2025,CLI-1000,Equities,973516.16,143.61,143.61,1,0,Settled
TRD-104530,30-06-2025,CLI-1027,FX Options,282733.51,59.88,75.47,1,0,Settled
TRD-104531,03-08-2025,CLI-1038,OTC Derivatives,561021.94,210.04,210.04,3,0,Settled
TRD-104532,29-03-2025,CLI-1117,Equities,40302.22,5.28,5.28,2,0,Settled
TRD-104533,13-09-2025,CLI-1106,FX Options,386942.31,141.21,141.21,0,0,Settled
TRD-104534,14-03-2025,CLI-1077,Equities,33012.09,15.2,15.2,2,0,Settled
TRD-104535,28-06-2025,CLI-1037,OTC Derivatives,24812.69,12.1,12.1,2,0,Settled
TRD-104536,31-07-2025,CLI-1064,OTC Derivatives,484568.21,90.45,90.45,1,1,System Lag
TRD-104537,20-10-2025,CLI-1001,OTC Derivatives,190725.58,76.21,76.21,0,0,Settled
TRD-104538,22-08-2025,CLI-1069,Fixed Income,688439.94,323.94,323.94,2,0,Settled
TRD-104539,27-08-2025,CLI-1145,Equities,1142079.27,155.95,155.95,0,0,Settled
TRD-104540,11-08-2025,CLI-1051,Fixed Income,85057.6,22.59,22.59,0,0,Settled
TRD-104541,29-04-2025,CLI-1053,Equities,654625.28,306.21,306.21,1,0,Settled
TRD-104542,09-11-2025,CLI-1145,OTC Derivatives,371308.59,67.25,67.25,2,1,SSI Mismatch
TRD-104543,21-09-2025,CLI-1149,OTC Derivatives,69458.92,32.89,45.74,4,1,Margin Breach
TRD-104544,26-07-2025,CLI-1075,FX Options,537191.41,167,167,3,0,Settled
TRD-104545,05-04-2025,CLI-1074,Equities,480121.15,67.2,92.3,0,0,Settled
TRD-104546,10-08-2025,CLI-1125,OTC Derivatives,372465.35,104.27,104.27,1,0,Settled
TRD-104547,03-10-2025,CLI-1110,FX Options,1315039.09,303.12,421.8,0,0,Settled
TRD-104548,19-08-2025,CLI-1117,OTC Derivatives,378110.54,80.49,80.49,2,1,Custodian Delay
TRD-104549,05-11-2025,CLI-1041,Equities,2339027.92,740.51,740.51,0,0,Settled
TRD-104550,29-04-2025,CLI-1038,Equities,365888.64,107.37,107.37,1,0,Settled
TRD-104551,25-09-2025,CLI-1146,Equities,71565.43,20.95,20.95,1,0,Settled
TRD-104552,30-09-2025,CLI-1019,Fixed Income,327883.91,44.35,44.35,1,0,Settled
TRD-104553,05-03-2025,CLI-1067,Fixed Income,110647.47,46.57,46.57,3,1,System Lag
TRD-104554,25-10-2025,CLI-1064,FX Options,464575,135.92,135.92,3,1,Margin Breach
TRD-104555,16-12-2025,CLI-1090,Equities,600669.08,257.3,337.04,2,0,Settled
TRD-104556,11-01-2025,CLI-1045,Equities,325965.16,140.11,140.11,3,0,Settled
TRD-104557,08-04-2025,CLI-1118,Fixed Income,61405.75,13.93,13.93,0,0,Settled
TRD-104558,12-03-2025,CLI-1049,OTC Derivatives,326159.08,33.18,33.18,2,0,Settled
TRD-104559,30-12-2025,CLI-1091,FX Options,52481.76,24.38,24.38,1,1,SSI Mismatch
TRD-104560,27-02-2025,CLI-1098,OTC Derivatives,583050.03,235.71,235.71,3,0,Settled
TRD-104561,17-10-2025,CLI-1000,Fixed Income,791201.37,113.06,113.06,1,0,Settled
TRD-104562,08-09-2025,CLI-1002,Fixed Income,1650114.08,628.18,628.18,3,1,System Lag
TRD-104563,03-10-2025,CLI-1003,OTC Derivatives,90555.32,9.78,9.78,2,0,Settled
TRD-104564,19-02-2025,CLI-1036,Fixed Income,390092.77,43.34,43.34,3,0,Settled
TRD-104565,24-12-2025,CLI-1022,Equities,429129.68,133.17,133.17,1,0,Settled
TRD-104566,04-08-2025,CLI-1088,Equities,1288587.3,178.36,178.36,0,0,Settled
TRD-104567,21-02-2025,CLI-1081,Equities,503459.4,244.55,244.55,3,0,Settled
TRD-104568,28-09-2025,CLI-1001,OTC Derivatives,88625.03,40.55,40.55,2,0,Settled
TRD-104569,25-03-2025,CLI-1009,Equities,296662.07,106.78,106.78,0,0,Settled
TRD-104570,20-10-2025,CLI-1097,Equities,541761.39,67.98,86.83,0,0,Settled
TRD-104571,06-05-2025,CLI-1089,Equities,612460.68,140.83,140.83,1,0,Settled
TRD-104572,23-10-2025,CLI-1026,Fixed Income,1004157.32,249.72,249.72,0,0,Settled
TRD-104573,13-03-2025,CLI-1036,Equities,109534.78,32.02,32.02,2,0,Settled
TRD-104574,23-10-2025,CLI-1028,Fixed Income,1523530.43,255.28,255.28,0,0,Settled
TRD-104575,24-08-2025,CLI-1135,Equities,40480.15,13.4,13.4,1,0,Settled
TRD-104576,25-02-2025,CLI-1124,Equities,2070204.7,567.87,567.87,0,0,Settled
TRD-104577,26-12-2025,CLI-1087,Fixed Income,985144.69,471.8,550.38,3,1,Margin Breach
TRD-104578,20-04-2025,CLI-1059,Equities,549806.14,260.87,260.87,2,0,Settled
TRD-104579,11-07-2025,CLI-1127,Equities,674004.24,219.85,286.49,2,0,Settled
TRD-104580,03-04-2025,CLI-1092,Equities,47734.76,17.08,17.08,0,0,Settled
TRD-104581,16-12-2025,CLI-1076,OTC Derivatives,31182.35,4.84,4.84,0,0,Settled
TRD-104582,25-02-2025,CLI-1024,Fixed Income,63662.22,12.05,12.05,2,0,Settled
TRD-104583,01-03-2025,CLI-1134,Equities,55706.79,25.64,25.64,1,0,Settled
TRD-104584,18-05-2025,CLI-1021,Equities,406352.54,154.28,154.28,0,0,Settled
TRD-104585,08-02-2025,CLI-1096,FX Options,131318.65,23.08,23.08,0,0,Settled
TRD-104586,28-01-2025,CLI-1110,Fixed Income,993791.39,326.05,326.05,1,0,Settled
TRD-104587,18-02-2025,CLI-1014,Fixed Income,305068.47,144.57,144.57,1,0,Settled
TRD-104588,05-05-2025,CLI-1130,OTC Derivatives,604559.3,143.93,143.93,0,0,Settled
TRD-104589,13-01-2025,CLI-1124,OTC Derivatives,539032.42,93.97,93.97,3,1,System Lag
TRD-104590,05-02-2025,CLI-1135,OTC Derivatives,202723.19,96.66,96.66,0,0,Settled
TRD-104591,11-04-2025,CLI-1047,Fixed Income,149306.71,42.48,42.48,1,0,Settled
TRD-104592,09-10-2025,CLI-1094,Fixed Income,219622.02,58.62,58.62,3,0,Settled
TRD-104593,27-03-2025,CLI-1091,Equities,806433.91,166.95,166.95,1,0,Settled
TRD-104594,04-01-2025,CLI-1082,FX Options,451279.12,206.07,206.07,2,1,SSI Mismatch
TRD-104595,11-08-2025,CLI-1081,Fixed Income,156205.73,68.46,68.46,1,1,System Lag
TRD-104596,04-12-2025,CLI-1117,Equities,861452.61,225.01,225.01,1,0,Settled
TRD-104597,15-06-2025,CLI-1037,FX Options,38157.88,4.28,4.28,4,0,Settled
TRD-104598,10-12-2025,CLI-1149,FX Options,610627.21,170.16,170.16,0,0,Settled
TRD-104599,05-10-2025,CLI-1126,FX Options,299107.04,51.55,51.55,2,0,Settled
TRD-104600,10-05-2025,CLI-1104,OTC Derivatives,667061.99,104.79,104.79,2,0,Settled
TRD-104601,31-01-2025,CLI-1012,FX Options,1321817.4,340.02,340.02,2,0,Settled
TRD-104602,11-01-2025,CLI-1053,Equities,703215.38,98.19,98.19,1,0,Settled
TRD-104603,29-10-2025,CLI-1104,OTC Derivatives,301667.12,145.7,145.7,2,0,Settled
TRD-104604,06-04-2025,CLI-1046,OTC Derivatives,91833.72,10.93,10.93,1,1,System Lag
TRD-104605,09-07-2025,CLI-1069,Equities,830853.96,216.48,216.48,3,0,Settled
TRD-104606,11-07-2025,CLI-1071,Equities,318746.76,52.62,52.62,1,0,Settled
TRD-104607,23-09-2025,CLI-1087,FX Options,49149.62,18.46,18.46,1,0,Settled
TRD-104608,08-05-2025,CLI-1100,Equities,644798.89,84.81,113.34,2,1,Custodian Delay
TRD-104609,26-08-2025,CLI-1037,OTC Derivatives,182551.06,58.18,79.53,0,0,Settled
TRD-104610,21-12-2025,CLI-1116,Equities,35061.85,14.35,14.35,2,0,Settled
TRD-104611,22-04-2025,CLI-1109,Equities,1175240.37,564.14,564.14,1,1,System Lag
TRD-104612,12-11-2025,CLI-1021,Fixed Income,339953.98,128.98,128.98,0,0,Settled
TRD-104613,09-12-2025,CLI-1149,Equities,174919.88,24.45,24.45,2,0,Settled
TRD-104614,25-05-2025,CLI-1086,Fixed Income,640071.54,86.67,86.67,1,0,Settled
TRD-104615,06-03-2025,CLI-1000,Fixed Income,1095350.43,430.08,430.08,1,1,System Lag
TRD-104616,04-09-2025,CLI-1119,Equities,10153.56,1.89,1.89,0,0,Settled
TRD-104617,11-08-2025,CLI-1041,Equities,592139.22,165.15,165.15,3,1,System Lag
TRD-104618,09-11-2025,CLI-1109,Equities,738383.51,362.29,362.29,2,0,Settled
TRD-104619,16-04-2025,CLI-1129,Equities,127815.24,54.7,54.7,0,0,Settled
TRD-104620,30-06-2025,CLI-1102,OTC Derivatives,346303.62,151.9,151.9,2,0,Settled
TRD-104621,03-07-2025,CLI-1127,Fixed Income,56763.13,25.22,25.22,0,0,Settled
TRD-104622,14-08-2025,CLI-1060,Equities,696688.84,242.32,242.32,2,0,Settled
TRD-104623,22-09-2025,CLI-1137,Fixed Income,950151.16,377.75,377.75,2,0,Settled
TRD-104624,05-10-2025,CLI-1035,Equities,67249.21,16.38,16.38,1,0,Settled
TRD-104625,30-03-2025,CLI-1102,Equities,857662.02,428.3,428.3,1,0,Settled
TRD-104626,25-06-2025,CLI-1056,Equities,748263.1,158.52,219.06,1,0,Settled
TRD-104627,18-01-2025,CLI-1015,OTC Derivatives,223022.71,74.94,74.94,1,0,Settled
TRD-104628,16-04-2025,CLI-1140,FX Options,596058.69,126.86,126.86,0,0,Settled
TRD-104629,28-09-2025,CLI-1021,OTC Derivatives,10024.06,1.45,1.45,1,0,Settled
TRD-104630,15-11-2025,CLI-1146,Equities,1352638.16,442.36,442.36,1,0,Settled
TRD-104631,16-06-2025,CLI-1145,Equities,409679.85,98.87,98.87,1,0,Settled
TRD-104632,13-01-2025,CLI-1047,Fixed Income,494238.09,164.72,164.72,0,0,Settled
TRD-104633,03-12-2025,CLI-1137,OTC Derivatives,556304.29,179.95,179.95,1,0,Settled
TRD-104634,01-02-2025,CLI-1026,FX Options,422048.4,133.75,133.75,1,0,Settled
TRD-104635,09-02-2025,CLI-1141,Equities,981630.44,146.58,146.58,0,0,Settled
TRD-104636,28-05-2025,CLI-1139,Equities,480422.15,132.63,132.63,1,0,Settled
TRD-104637,06-08-2025,CLI-1085,Fixed Income,1201680.65,510.48,510.48,0,0,Settled
TRD-104638,07-08-2025,CLI-1136,OTC Derivatives,446533.76,100.94,100.94,0,0,Settled
TRD-104639,23-03-2025,CLI-1013,OTC Derivatives,103841.4,28.82,28.82,0,0,Settled
TRD-104640,29-11-2025,CLI-1023,Fixed Income,1234167.16,367.21,448.79,0,0,Settled
TRD-104641,27-07-2025,CLI-1099,FX Options,582266.6,259.16,259.16,0,0,Settled
TRD-104642,20-07-2025,CLI-1089,Fixed Income,610719.67,221.23,221.23,0,0,Settled
TRD-104643,28-11-2025,CLI-1045,FX Options,2126174.42,297.84,297.84,1,0,Settled
TRD-104644,07-02-2025,CLI-1025,FX Options,49087.03,21.9,25.54,2,0,Settled
TRD-104645,30-07-2025,CLI-1070,OTC Derivatives,289826.43,125.44,125.44,0,0,Settled
TRD-104646,23-11-2025,CLI-1028,Equities,146623.64,58.86,77.11,0,0,Settled
TRD-104647,06-09-2025,CLI-1132,Equities,507702.77,145.42,145.42,2,0,Settled
TRD-104648,15-08-2025,CLI-1029,Fixed Income,832044.92,335.33,335.33,1,0,Settled
TRD-104649,17-02-2025,CLI-1011,Fixed Income,1705287.63,497.09,497.09,1,0,Settled
TRD-104650,18-01-2025,CLI-1060,OTC Derivatives,313114.34,123.57,123.57,2,0,Settled
TRD-104651,22-10-2025,CLI-1141,Equities,781399.78,353.23,353.23,3,0,Settled
TRD-104652,15-07-2025,CLI-1030,Equities,1254768.23,572.45,572.45,3,1,System Lag
TRD-104653,06-07-2025,CLI-1075,OTC Derivatives,584940.32,164.85,164.85,4,0,Settled
TRD-104654,11-12-2025,CLI-1122,Equities,149019.39,66.13,66.13,1,0,Settled
TRD-104655,12-08-2025,CLI-1022,Equities,478060.72,67.21,67.21,1,0,Settled
TRD-104656,14-11-2025,CLI-1093,Equities,1762480.38,248.03,248.03,1,0,Settled
TRD-104657,31-12-2025,CLI-1132,Fixed Income,2203171.12,703.49,703.49,3,1,System Lag
TRD-104658,03-12-2025,CLI-1057,Equities,524113.95,189.07,189.07,0,0,Settled
TRD-104659,17-08-2025,CLI-1096,OTC Derivatives,1100129.56,177.34,177.34,2,1,Margin Breach
TRD-104660,18-03-2025,CLI-1011,Fixed Income,121790.18,35.18,35.18,2,0,Settled
TRD-104661,07-07-2025,CLI-1093,FX Options,151233.58,20.83,20.83,2,0,Settled
TRD-104662,12-12-2025,CLI-1016,Fixed Income,1537609.66,524.08,524.08,0,0,Settled
TRD-104663,27-09-2025,CLI-1014,Equities,82648.96,36.53,36.53,1,1,SSI Mismatch
TRD-104664,05-04-2025,CLI-1066,Equities,116043.97,45.84,45.84,1,0,Settled
TRD-104665,06-11-2025,CLI-1127,Equities,282836.74,71.08,71.08,1,0,Settled
TRD-104666,12-05-2025,CLI-1141,Fixed Income,455292.35,226.52,226.52,2,0,Settled
TRD-104667,08-02-2025,CLI-1080,Equities,472939.8,172.71,172.71,0,0,Settled
TRD-104668,13-03-2025,CLI-1095,Equities,182638.65,77.82,77.82,4,0,Settled
TRD-104669,08-10-2025,CLI-1034,Fixed Income,1276715.98,469.68,469.68,2,0,Settled
TRD-104670,29-11-2025,CLI-1029,Equities,1243140.05,616.31,616.31,3,0,Settled
TRD-104671,09-06-2025,CLI-1068,Equities,258846.17,110.93,110.93,1,0,Settled
TRD-104672,06-07-2025,CLI-1012,OTC Derivatives,294838.41,90.74,90.74,0,0,Settled
TRD-104673,10-07-2025,CLI-1020,FX Options,616165.68,152.04,210.17,1,0,Settled
TRD-104674,30-04-2025,CLI-1037,Equities,553830.09,206.5,206.5,1,0,Settled
TRD-104675,08-08-2025,CLI-1116,Equities,250873.77,84.32,84.32,1,0,Settled
TRD-104676,22-02-2025,CLI-1055,FX Options,277426.19,97.58,97.58,0,0,Settled
TRD-104677,10-08-2025,CLI-1069,Equities,223885.22,53.11,53.11,1,0,Settled
TRD-104678,11-05-2025,CLI-1067,FX Options,144191.42,39.15,46.22,1,0,Settled
TRD-104679,25-08-2025,CLI-1094,Equities,316372.3,102.26,102.26,0,0,Settled
TRD-104680,03-09-2025,CLI-1023,OTC Derivatives,589872.92,257.02,257.02,2,0,Settled
TRD-104681,14-08-2025,CLI-1026,Equities,687333.33,278.48,375.8,0,0,Settled
TRD-104682,27-07-2025,CLI-1007,FX Options,764510.51,112.74,112.74,0,0,Settled
TRD-104683,06-04-2025,CLI-1076,Equities,244787.47,48.52,48.52,0,0,Settled
TRD-104684,19-07-2025,CLI-1063,Fixed Income,733311,81.15,81.15,0,0,Settled
TRD-104685,04-09-2025,CLI-1056,Equities,13268.82,1.37,1.37,2,1,Margin Breach
TRD-104686,13-03-2025,CLI-1132,Equities,334134.65,63.4,63.4,4,0,Settled
TRD-104687,14-11-2025,CLI-1146,OTC Derivatives,799707.57,335.66,413.21,2,1,SSI Mismatch
TRD-104688,04-07-2025,CLI-1126,Fixed Income,507186.57,234.27,234.27,0,0,Settled
TRD-104689,06-01-2025,CLI-1110,FX Options,331287.04,85.04,85.04,2,0,Settled
TRD-104690,25-07-2025,CLI-1077,Fixed Income,527314.78,171.52,171.52,2,0,Settled
TRD-104691,01-02-2025,CLI-1036,OTC Derivatives,1197287.67,457.87,457.87,2,0,Settled
TRD-104692,09-04-2025,CLI-1142,Fixed Income,427795.43,205.84,205.84,0,0,Settled
TRD-104693,13-09-2025,CLI-1026,FX Options,814184.72,378.74,378.74,2,0,Settled
TRD-104694,06-07-2025,CLI-1080,FX Options,1984933.19,243.9,243.9,1,0,Settled
TRD-104695,17-03-2025,CLI-1090,Equities,621353.94,123.81,123.81,4,0,Settled
TRD-104696,26-06-2025,CLI-1135,OTC Derivatives,435867.24,52.15,68.67,1,0,Settled
TRD-104697,11-11-2025,CLI-1047,OTC Derivatives,29103.31,10.09,13.36,0,0,Settled
TRD-104698,14-10-2025,CLI-1025,Equities,244584.31,93.97,93.97,0,0,Settled
TRD-104699,15-12-2025,CLI-1077,Fixed Income,426713.77,95.29,95.29,1,0,Settled
TRD-104700,12-09-2025,CLI-1008,Equities,807783.71,356.67,356.67,0,0,Settled
TRD-104701,21-11-2025,CLI-1142,OTC Derivatives,298219.95,83.84,83.84,0,0,Settled
TRD-104702,09-07-2025,CLI-1097,Equities,1620166.89,809.03,809.03,4,0,Settled
TRD-104703,04-11-2025,CLI-1108,Equities,168585.48,16.89,16.89,1,0,Settled
TRD-104704,11-12-2025,CLI-1139,Fixed Income,692397.95,99.56,99.56,1,0,Settled
TRD-104705,07-05-2025,CLI-1088,Fixed Income,281529.3,62.14,62.14,1,0,Settled
TRD-104706,14-10-2025,CLI-1032,OTC Derivatives,342754.81,37.77,37.77,1,0,Settled
TRD-104707,11-09-2025,CLI-1121,FX Options,821013.5,339.03,339.03,0,0,Settled
TRD-104708,01-08-2025,CLI-1111,Fixed Income,185641.37,22.48,22.48,1,0,Settled
TRD-104709,07-09-2025,CLI-1105,Equities,60912.31,24.34,24.34,1,0,Settled
TRD-104710,25-03-2025,CLI-1131,OTC Derivatives,377250.89,45.66,45.66,0,0,Settled
TRD-104711,13-01-2025,CLI-1004,Fixed Income,386230.61,77.67,77.67,2,0,Settled
TRD-104712,14-02-2025,CLI-1015,Fixed Income,807688.05,352.56,352.56,2,0,Settled
TRD-104713,07-05-2025,CLI-1044,Equities,1736022.33,834.05,834.05,0,0,Settled
TRD-104714,24-04-2025,CLI-1067,Fixed Income,38444.29,10.22,10.22,2,0,Settled
TRD-104715,03-10-2025,CLI-1018,Equities,457863.65,223.43,223.43,1,0,Settled
TRD-104716,24-07-2025,CLI-1012,OTC Derivatives,581718.85,204.04,204.04,0,1,Margin Breach
TRD-104717,03-12-2025,CLI-1130,Fixed Income,2137304.22,569.24,569.24,0,0,Settled
TRD-104718,30-09-2025,CLI-1004,OTC Derivatives,1438770.25,605.9,605.9,3,0,Settled
TRD-104719,27-02-2025,CLI-1014,Fixed Income,633180.59,138.12,138.12,0,0,Settled
TRD-104720,24-11-2025,CLI-1032,Equities,378852.04,78.16,78.16,0,0,Settled
TRD-104721,07-08-2025,CLI-1040,OTC Derivatives,98084.61,35.57,46.78,1,0,Settled
TRD-104722,19-04-2025,CLI-1033,Fixed Income,252397.49,64.66,64.66,0,0,Settled
TRD-104723,06-10-2025,CLI-1016,Equities,449885.78,69.45,69.45,0,0,Settled
TRD-104724,23-06-2025,CLI-1040,Fixed Income,655856.58,83.15,83.15,2,0,Settled
TRD-104725,24-11-2025,CLI-1057,Equities,514476.6,213.58,213.58,2,0,Settled
TRD-104726,21-09-2025,CLI-1006,OTC Derivatives,636096.47,235.59,235.59,0,1,System Lag
TRD-104727,11-11-2025,CLI-1043,Fixed Income,290316.59,76.85,104.4,1,0,Settled
TRD-104728,21-04-2025,CLI-1036,OTC Derivatives,660291.95,302.74,302.74,1,0,Settled
TRD-104729,06-07-2025,CLI-1119,Equities,87591.34,23.15,23.15,1,0,Settled
TRD-104730,26-09-2025,CLI-1036,Equities,98718.54,37.92,37.92,2,1,SSI Mismatch
TRD-104731,17-08-2025,CLI-1014,FX Options,98865.34,45.84,45.84,0,0,Settled
TRD-104732,05-06-2025,CLI-1002,OTC Derivatives,1117584.62,487.59,487.59,1,1,SSI Mismatch
TRD-104733,08-07-2025,CLI-1106,Equities,49540.04,15.08,15.08,1,1,System Lag
TRD-104734,29-09-2025,CLI-1101,Equities,818504.18,304.69,304.69,2,1,Custodian Delay
TRD-104735,02-01-2025,CLI-1097,Equities,143006.54,37.96,37.96,1,0,Settled
TRD-104736,03-09-2025,CLI-1059,Fixed Income,325960.14,116.98,116.98,1,0,Settled
TRD-104737,29-07-2025,CLI-1098,OTC Derivatives,1248210.95,253.41,351.1,3,1,System Lag
TRD-104738,13-10-2025,CLI-1062,OTC Derivatives,450868.85,123.49,123.49,3,0,Settled
TRD-104739,25-12-2025,CLI-1111,Fixed Income,127935.66,23.52,23.52,3,0,Settled
TRD-104740,13-01-2025,CLI-1083,OTC Derivatives,177100.45,20.42,20.42,1,0,Settled
TRD-104741,06-04-2025,CLI-1144,Fixed Income,1275663.54,427.88,427.88,0,0,Settled
TRD-104742,09-08-2025,CLI-1094,Equities,288560.39,128.63,128.63,0,0,Settled
TRD-104743,26-08-2025,CLI-1029,Fixed Income,452136.27,49.84,49.84,2,0,Settled
TRD-104744,04-04-2025,CLI-1036,FX Options,318030.29,56.74,56.74,5,1,SSI Mismatch
TRD-104745,04-12-2025,CLI-1125,OTC Derivatives,247759.88,70.38,70.38,2,0,Settled
TRD-104746,26-09-2025,CLI-1065,Fixed Income,136337.11,49.95,49.95,1,0,Settled
TRD-104747,20-06-2025,CLI-1059,Fixed Income,589486.18,99.32,99.32,1,0,Settled
TRD-104748,04-04-2025,CLI-1102,FX Options,643353.41,78.93,98.23,0,0,Settled
TRD-104749,29-05-2025,CLI-1140,Fixed Income,170712.57,52.51,52.51,0,0,Settled
TRD-104750,22-04-2025,CLI-1055,Equities,787974.27,336.85,336.85,1,0,Settled
TRD-104751,24-02-2025,CLI-1023,FX Options,973910.57,111.12,111.12,3,1,System Lag
TRD-104752,03-12-2025,CLI-1002,OTC Derivatives,1277101.58,306.18,306.18,1,0,Settled
TRD-104753,26-04-2025,CLI-1028,Equities,97898.89,35.77,35.77,0,0,Settled
TRD-104754,23-05-2025,CLI-1143,Fixed Income,191147.99,29.11,39.09,2,0,Settled
TRD-104755,20-07-2025,CLI-1087,Fixed Income,994319.98,193.27,193.27,1,0,Settled
TRD-104756,29-06-2025,CLI-1131,Equities,120660.23,37.91,37.91,3,0,Settled
TRD-104757,21-07-2025,CLI-1053,FX Options,11737.24,5.65,7.15,2,0,Settled
TRD-104758,30-12-2025,CLI-1147,Fixed Income,1033302.54,222.09,258.95,1,0,Settled
TRD-104759,22-02-2025,CLI-1078,OTC Derivatives,207596.11,61.24,61.24,1,0,Settled
TRD-104760,29-06-2025,CLI-1056,Equities,277642.43,72.18,72.18,0,0,Settled
TRD-104761,09-11-2025,CLI-1102,Fixed Income,305596.85,140.26,140.26,2,0,Settled
TRD-104762,04-11-2025,CLI-1066,Equities,952841.49,122.68,122.68,1,0,Settled
TRD-104763,17-05-2025,CLI-1126,OTC Derivatives,216163.41,70.57,70.57,2,1,Custodian Delay
TRD-104764,01-07-2025,CLI-1055,Fixed Income,1124109.48,492.86,492.86,3,1,Custodian Delay
TRD-104765,01-01-2025,CLI-1088,Fixed Income,489780.7,242.56,242.56,1,0,Settled
TRD-104766,13-02-2025,CLI-1063,Equities,384633.13,145.96,145.96,4,0,Settled
TRD-104767,15-08-2025,CLI-1014,Equities,206976.69,52.15,52.15,5,1,SSI Mismatch
TRD-104768,27-11-2025,CLI-1087,Equities,149666.31,39.62,39.62,3,0,Settled
TRD-104769,08-04-2025,CLI-1148,Equities,499160.79,120.13,120.13,0,0,Settled
TRD-104770,27-07-2025,CLI-1077,Fixed Income,306102.95,104.52,104.52,1,0,Settled
TRD-104771,22-09-2025,CLI-1076,Fixed Income,1216847.78,481.58,481.58,0,0,Settled
TRD-104772,15-10-2025,CLI-1086,Fixed Income,348281.45,148.99,148.99,1,0,Settled
TRD-104773,28-09-2025,CLI-1065,Fixed Income,368509.85,98.26,98.26,1,0,Settled
TRD-104774,20-05-2025,CLI-1076,Equities,279546.78,108.1,108.1,2,0,Settled
TRD-104775,25-08-2025,CLI-1015,Equities,788572.18,367.86,367.86,1,0,Settled
TRD-104776,13-03-2025,CLI-1125,Equities,286552.81,134.2,134.2,3,0,Settled
TRD-104777,04-06-2025,CLI-1128,OTC Derivatives,166904.89,63.69,63.69,0,0,Settled
TRD-104778,09-07-2025,CLI-1065,Fixed Income,1000362.67,354.89,354.89,1,0,Settled
TRD-104779,25-09-2025,CLI-1095,Equities,464196.28,145.11,145.11,2,0,Settled
TRD-104780,17-11-2025,CLI-1065,Equities,457644.19,79.3,79.3,0,0,Settled
TRD-104781,17-04-2025,CLI-1003,OTC Derivatives,481859.49,72.01,100.43,2,1,Custodian Delay
TRD-104782,20-08-2025,CLI-1003,OTC Derivatives,644415.24,189.64,189.64,1,1,System Lag
TRD-104783,11-02-2025,CLI-1076,Fixed Income,197759.98,32.39,32.39,0,0,Settled
TRD-104784,09-07-2025,CLI-1000,Fixed Income,27215.18,9,9,5,0,Settled
TRD-104785,19-05-2025,CLI-1066,Equities,841928.99,301.65,301.65,2,0,Settled
TRD-104786,13-04-2025,CLI-1115,FX Options,79002.15,24.51,24.51,3,0,Settled
TRD-104787,20-06-2025,CLI-1142,OTC Derivatives,649742.97,74.44,74.44,0,1,System Lag
TRD-104788,17-12-2025,CLI-1066,Equities,52950.7,6.52,6.52,0,0,Settled
TRD-104789,30-09-2025,CLI-1096,OTC Derivatives,245248.15,35.64,35.64,3,0,Settled
TRD-104790,09-08-2025,CLI-1013,OTC Derivatives,42549.91,6.87,6.87,0,0,Settled
TRD-104791,01-08-2025,CLI-1009,Equities,379295.84,188.11,188.11,4,0,Settled
TRD-104792,07-12-2025,CLI-1086,Fixed Income,539410.93,128.27,128.27,1,0,Settled
TRD-104793,25-02-2025,CLI-1135,Equities,104028.87,22.55,22.55,0,0,Settled
TRD-104794,08-12-2025,CLI-1000,Equities,242311.16,29.3,29.3,1,0,Settled
TRD-104795,12-04-2025,CLI-1044,OTC Derivatives,1341343.6,475.01,475.01,2,1,System Lag
TRD-104796,11-07-2025,CLI-1091,Equities,302046.95,109,139.23,0,0,Settled
TRD-104797,06-11-2025,CLI-1072,OTC Derivatives,821118.66,139.74,139.74,1,1,Custodian Delay
TRD-104798,19-07-2025,CLI-1010,FX Options,1319914.9,617.32,617.32,0,0,Settled
TRD-104799,21-08-2025,CLI-1064,Equities,1841524.48,773.8,773.8,1,1,SSI Mismatch
TRD-104800,15-08-2025,CLI-1066,Fixed Income,1152972.26,221.52,221.52,0,0,Settled
TRD-104801,19-05-2025,CLI-1113,OTC Derivatives,200927.02,59.14,59.14,0,0,Settled
TRD-104802,10-12-2025,CLI-1044,OTC Derivatives,1652679.93,468.3,468.3,1,0,Settled
TRD-104803,01-11-2025,CLI-1136,OTC Derivatives,846708.94,202.71,202.71,2,0,Settled
TRD-104804,29-05-2025,CLI-1044,Equities,917541.43,391.84,485.95,2,0,Settled
TRD-104805,25-04-2025,CLI-1082,Fixed Income,17644.64,2.54,2.54,2,0,Settled
TRD-104806,04-03-2025,CLI-1018,Fixed Income,1552160.05,413.07,413.07,0,0,Settled
TRD-104807,14-04-2025,CLI-1130,FX Options,762742.2,206.87,206.87,1,0,Settled
TRD-104808,05-12-2025,CLI-1140,Equities,740438.91,212.87,212.87,1,0,Settled
TRD-104809,25-12-2025,CLI-1025,FX Options,52520.15,23.35,23.35,1,0,Settled
TRD-104810,05-06-2025,CLI-1147,Equities,142353.05,26.66,35.01,2,0,Settled
TRD-104811,30-09-2025,CLI-1124,FX Options,1648539.43,232.72,232.72,0,0,Settled
TRD-104812,06-01-2025,CLI-1104,Fixed Income,357251.12,124.01,124.01,2,0,Settled
TRD-104813,27-05-2025,CLI-1050,Fixed Income,263631.01,44.69,44.69,1,0,Settled
TRD-104814,03-07-2025,CLI-1124,Fixed Income,926105.82,120.37,120.37,3,0,Settled
TRD-104815,28-01-2025,CLI-1005,Equities,55696.16,15.07,15.07,3,0,Settled
TRD-104816,07-02-2025,CLI-1016,Equities,279734.32,52.55,52.55,1,0,Settled
TRD-104817,29-04-2025,CLI-1064,Equities,245562.75,60.04,60.04,2,0,Settled
TRD-104818,20-10-2025,CLI-1060,Equities,225277.15,45.93,45.93,2,0,Settled
TRD-104819,01-09-2025,CLI-1094,Equities,193862.34,26.57,26.57,0,0,Settled
TRD-104820,09-03-2025,CLI-1015,OTC Derivatives,127908.61,41.46,41.46,1,1,Custodian Delay
TRD-104821,02-08-2025,CLI-1134,Fixed Income,104921.37,11.63,11.63,0,0,Settled
TRD-104822,06-08-2025,CLI-1022,Equities,521389.99,253.68,253.68,1,0,Settled
TRD-104823,26-06-2025,CLI-1067,OTC Derivatives,1269096.31,300.18,300.18,1,1,System Lag
TRD-104824,26-10-2025,CLI-1147,Fixed Income,365504.52,138.18,138.18,1,0,Settled
TRD-104825,13-06-2025,CLI-1071,FX Options,186892.81,79.27,93.22,0,0,Settled
TRD-104826,27-02-2025,CLI-1097,Fixed Income,96677.06,20.46,20.46,1,1,System Lag
TRD-104827,26-09-2025,CLI-1121,Equities,896400.26,358.11,358.11,3,1,System Lag
TRD-104828,04-11-2025,CLI-1067,Fixed Income,1788786.26,774.49,774.49,0,0,Settled
TRD-104829,27-02-2025,CLI-1025,Fixed Income,224742.19,44.17,44.17,0,0,Settled
TRD-104830,15-10-2025,CLI-1034,Equities,181914.92,90.41,90.41,0,0,Settled
TRD-104831,15-04-2025,CLI-1052,Equities,470015.05,50.89,50.89,1,1,SSI Mismatch
TRD-104832,16-08-2025,CLI-1147,Equities,756559.04,141.33,141.33,3,0,Settled
TRD-104833,04-09-2025,CLI-1009,Equities,313854.42,129.31,129.31,1,1,SSI Mismatch
TRD-104834,07-07-2025,CLI-1069,Fixed Income,507225,90.11,90.11,0,0,Settled
TRD-104835,24-03-2025,CLI-1002,Fixed Income,640358.13,242.89,242.89,1,0,Settled
TRD-104836,05-07-2025,CLI-1083,Equities,1626896.87,719.43,719.43,1,1,Custodian Delay
TRD-104837,09-09-2025,CLI-1045,Fixed Income,100184.13,48.46,48.46,0,0,Settled
TRD-104838,21-12-2025,CLI-1079,Fixed Income,2982766.63,864.1,864.1,2,0,Settled
TRD-104839,26-08-2025,CLI-1003,Equities,258919.04,126.47,126.47,1,1,SSI Mismatch
TRD-104840,26-12-2025,CLI-1039,Equities,652230.29,172.61,172.61,1,0,Settled
TRD-104841,03-07-2025,CLI-1038,Equities,434800.36,81.42,81.42,2,1,Custodian Delay
TRD-104842,11-10-2025,CLI-1144,Equities,343416.84,104.94,104.94,0,0,Settled
TRD-104843,29-07-2025,CLI-1111,Equities,608788.93,219.12,219.12,4,1,SSI Mismatch
TRD-104844,31-10-2025,CLI-1028,Equities,261886.82,74.16,74.16,1,0,Settled
TRD-104845,23-10-2025,CLI-1003,Fixed Income,77400.37,25.29,25.29,3,1,SSI Mismatch
TRD-104846,07-04-2025,CLI-1117,Fixed Income,345588.53,92.12,92.12,2,0,Settled
TRD-104847,27-07-2025,CLI-1118,Equities,378984.28,117.45,117.45,0,0,Settled
TRD-104848,17-05-2025,CLI-1064,Equities,122762.04,59.05,59.05,3,1,SSI Mismatch
TRD-104849,03-07-2025,CLI-1144,Fixed Income,1381471.13,414.35,414.35,0,0,Settled
TRD-104850,17-03-2025,CLI-1099,OTC Derivatives,139045.87,27.99,27.99,0,0,Settled
TRD-104851,14-10-2025,CLI-1046,OTC Derivatives,273162.22,110.22,110.22,0,1,Margin Breach
TRD-104852,22-05-2025,CLI-1017,Fixed Income,94167.72,22.13,27.9,1,0,Settled
TRD-104853,25-08-2025,CLI-1070,Equities,393716.28,167.91,167.91,0,0,Settled
TRD-104854,25-01-2025,CLI-1023,Equities,193822.89,23.79,23.79,2,0,Settled
TRD-104855,17-10-2025,CLI-1032,OTC Derivatives,345959.57,80.56,80.56,3,0,Settled
TRD-104856,08-03-2025,CLI-1089,Equities,137199.04,18.9,18.9,1,0,Settled
TRD-104857,07-09-2025,CLI-1028,FX Options,37637.51,5.05,5.05,0,0,Settled
TRD-104858,28-04-2025,CLI-1087,Fixed Income,765309.34,278.08,278.08,1,0,Settled
TRD-104859,14-03-2025,CLI-1091,Fixed Income,522336.63,132.74,132.74,1,0,Settled
TRD-104860,09-10-2025,CLI-1024,Equities,218318.15,97.94,97.94,1,1,System Lag
TRD-104861,26-12-2025,CLI-1142,Fixed Income,34329.55,10.52,10.52,2,0,Settled
TRD-104862,10-01-2025,CLI-1104,Fixed Income,1013374.66,221.05,221.05,0,0,Settled
TRD-104863,30-07-2025,CLI-1071,Equities,103041.31,40.02,40.02,0,0,Settled
TRD-104864,19-11-2025,CLI-1026,Equities,1344959.88,470.21,470.21,0,0,Settled
TRD-104865,01-06-2025,CLI-1131,OTC Derivatives,335614.46,140.9,140.9,1,0,Settled
TRD-104866,05-01-2025,CLI-1075,Fixed Income,218050.77,77.94,77.94,1,0,Settled
TRD-104867,14-07-2025,CLI-1019,Fixed Income,686931.93,114.58,114.58,1,0,Settled
TRD-104868,10-10-2025,CLI-1047,Equities,1057133.07,389.16,389.16,1,0,Settled
TRD-104869,23-04-2025,CLI-1062,OTC Derivatives,241584.37,62,83.85,2,1,Margin Breach
TRD-104870,28-09-2025,CLI-1144,OTC Derivatives,271570.37,77.47,77.47,0,0,Settled
TRD-104871,12-06-2025,CLI-1111,Fixed Income,293837.53,137.7,137.7,2,1,System Lag
TRD-104872,15-04-2025,CLI-1113,Fixed Income,1287598.43,314.16,314.16,2,0,Settled
TRD-104873,30-06-2025,CLI-1091,Fixed Income,599744.16,206.78,206.78,1,0,Settled
TRD-104874,13-02-2025,CLI-1084,Fixed Income,152274.24,37.37,37.37,0,0,Settled
TRD-104875,09-10-2025,CLI-1140,Equities,112283.4,15.48,18.87,1,0,Settled
TRD-104876,24-06-2025,CLI-1096,FX Options,140921.18,39.66,48.75,0,0,Settled
TRD-104877,11-06-2025,CLI-1052,Fixed Income,162966.4,55.22,55.22,0,0,Settled
TRD-104878,17-12-2025,CLI-1073,Equities,140801.55,37.03,37.03,2,0,Settled
TRD-104879,06-12-2025,CLI-1082,Fixed Income,547213.24,140.23,140.23,0,0,Settled
TRD-104880,20-05-2025,CLI-1119,OTC Derivatives,71611.5,30.66,41.89,2,0,Settled
TRD-104881,12-05-2025,CLI-1056,Equities,254987.66,28.53,35.28,2,0,Settled
TRD-104882,28-03-2025,CLI-1011,Equities,500486.06,109.22,109.22,0,1,System Lag
TRD-104883,25-06-2025,CLI-1119,Fixed Income,181851.14,77.23,77.23,1,0,Settled
TRD-104884,02-07-2025,CLI-1117,Equities,43751.13,20.48,20.48,3,0,Settled
TRD-104885,09-05-2025,CLI-1087,OTC Derivatives,52683.05,13.96,13.96,1,0,Settled
TRD-104886,03-09-2025,CLI-1008,Equities,77318.45,35.22,35.22,1,0,Settled
TRD-104887,30-03-2025,CLI-1119,OTC Derivatives,913466.07,164.03,164.03,0,0,Settled
TRD-104888,07-03-2025,CLI-1043,Equities,546272.76,103.01,103.01,3,0,Settled
TRD-104889,07-06-2025,CLI-1047,Equities,43349.04,19.01,19.01,3,0,Settled
TRD-104890,29-05-2025,CLI-1018,OTC Derivatives,258025.06,119.03,119.03,2,0,Settled
TRD-104891,06-12-2025,CLI-1085,Fixed Income,173270.48,32.77,32.77,2,0,Settled
TRD-104892,26-04-2025,CLI-1100,Equities,441422.51,54.62,54.62,0,0,Settled
TRD-104893,02-08-2025,CLI-1075,Equities,379916.03,51.72,51.72,1,0,Settled
TRD-104894,21-10-2025,CLI-1072,Fixed Income,338045.2,69.15,69.15,0,0,Settled
TRD-104895,10-09-2025,CLI-1142,Fixed Income,198812.41,80.44,80.44,1,0,Settled
TRD-104896,23-05-2025,CLI-1121,FX Options,84133.88,25.58,25.58,1,0,Settled
TRD-104897,07-09-2025,CLI-1008,FX Options,688127.8,194.21,194.21,1,0,Settled
TRD-104898,29-10-2025,CLI-1118,Fixed Income,1069535.33,356.86,356.86,2,0,Settled
TRD-104899,25-01-2025,CLI-1136,Fixed Income,1452551.02,662.49,662.49,1,0,Settled
TRD-104900,04-10-2025,CLI-1045,Fixed Income,40203.65,5.47,5.47,0,0,Settled
TRD-104901,11-03-2025,CLI-1030,Fixed Income,683361.3,258.24,258.24,1,0,Settled
TRD-104902,23-04-2025,CLI-1118,Equities,658233.15,309.84,309.84,3,1,Margin Breach
TRD-104903,29-12-2025,CLI-1125,Equities,1479766.85,274.26,274.26,1,0,Settled
TRD-104904,22-04-2025,CLI-1109,Equities,155787.88,67.78,67.78,2,1,SSI Mismatch
TRD-104905,30-12-2025,CLI-1102,Equities,687744.94,260.8,351.28,1,0,Settled
TRD-104906,30-10-2025,CLI-1142,Equities,38087.48,4.03,4.03,0,0,Settled
TRD-104907,01-04-2025,CLI-1039,Fixed Income,508812.38,98.02,98.02,1,0,Settled
TRD-104908,18-01-2025,CLI-1137,OTC Derivatives,226044.06,77.38,77.38,2,0,Settled
TRD-104909,29-05-2025,CLI-1000,Fixed Income,742472.8,223.45,223.45,2,0,Settled
TRD-104910,15-08-2025,CLI-1023,Equities,1004998.95,312.73,312.73,0,0,Settled
TRD-104911,02-08-2025,CLI-1063,Equities,236924.25,45.67,45.67,2,0,Settled
TRD-104912,26-12-2025,CLI-1047,Fixed Income,382837.56,141.65,141.65,2,0,Settled
TRD-104913,31-05-2025,CLI-1093,Equities,72443.89,14.96,14.96,2,0,Settled
TRD-104914,11-07-2025,CLI-1049,Fixed Income,279704.26,71.54,71.54,4,1,System Lag
TRD-104915,09-02-2025,CLI-1002,FX Options,233769.25,57.87,57.87,0,0,Settled
TRD-104916,30-08-2025,CLI-1101,Equities,111133.65,40.99,40.99,1,0,Settled
TRD-104917,18-05-2025,CLI-1024,Equities,1134420.87,154.4,154.4,2,0,Settled
TRD-104918,11-12-2025,CLI-1055,Fixed Income,90135.93,16.42,16.42,1,0,Settled
TRD-104919,29-06-2025,CLI-1040,FX Options,514942.81,92.79,107.32,0,0,Settled
TRD-104920,19-07-2025,CLI-1139,OTC Derivatives,1114286.26,159.76,159.76,1,0,Settled
TRD-104921,22-07-2025,CLI-1105,OTC Derivatives,1225030.74,224.23,224.23,1,1,Margin Breach
TRD-104922,02-03-2025,CLI-1128,Equities,798097.56,273.61,273.61,1,0,Settled
TRD-104923,11-07-2025,CLI-1126,FX Options,106878.02,41.99,41.99,1,0,Settled
TRD-104924,05-01-2025,CLI-1068,Equities,860314.67,313.26,313.26,0,0,Settled
TRD-104925,25-08-2025,CLI-1098,Equities,171872.16,49.86,49.86,2,0,Settled
TRD-104926,30-06-2025,CLI-1058,OTC Derivatives,1288081.22,155.82,155.82,0,0,Settled
TRD-104927,07-11-2025,CLI-1074,FX Options,627364.97,303.4,303.4,2,1,Margin Breach
TRD-104928,06-02-2025,CLI-1032,Equities,779181.25,130.3,130.3,0,0,Settled
TRD-104929,25-02-2025,CLI-1039,Equities,54433.34,20,20,0,0,Settled
TRD-104930,25-08-2025,CLI-1084,Equities,447052.97,207.95,207.95,0,0,Settled
TRD-104931,24-12-2025,CLI-1021,Equities,870581.9,330.05,330.05,0,0,Settled
TRD-104932,15-12-2025,CLI-1097,Equities,998768.77,186.99,243.9,1,0,Settled
TRD-104933,16-07-2025,CLI-1003,FX Options,24524.79,5.55,5.55,1,0,Settled
TRD-104934,14-03-2025,CLI-1011,Fixed Income,1409747.6,158.01,158.01,1,0,Settled
TRD-104935,28-02-2025,CLI-1131,OTC Derivatives,32152.95,11.1,11.1,0,1,System Lag
TRD-104936,28-08-2025,CLI-1057,OTC Derivatives,486631.27,167.98,167.98,1,1,SSI Mismatch
TRD-104937,02-01-2025,CLI-1104,Fixed Income,601085.32,234.54,234.54,1,0,Settled
TRD-104938,26-12-2025,CLI-1118,OTC Derivatives,66777.72,6.97,6.97,2,1,System Lag
TRD-104939,07-07-2025,CLI-1034,Fixed Income,34601.35,14.78,14.78,1,0,Settled
TRD-104940,03-11-2025,CLI-1057,Equities,778354.38,307.83,307.83,0,0,Settled
TRD-104941,30-01-2025,CLI-1005,Fixed Income,252798.79,39.53,39.53,1,0,Settled
TRD-104942,24-09-2025,CLI-1134,Fixed Income,66647.35,15.93,15.93,1,0,Settled
TRD-104943,18-04-2025,CLI-1148,OTC Derivatives,729147.25,259.15,259.15,0,0,Settled
TRD-104944,28-11-2025,CLI-1142,FX Options,955777.98,285.13,285.13,1,0,Settled
TRD-104945,31-03-2025,CLI-1086,Fixed Income,452621.61,66.1,85.78,0,0,Settled
TRD-104946,24-07-2025,CLI-1139,OTC Derivatives,97913.43,13.21,13.21,1,0,Settled
TRD-104947,08-08-2025,CLI-1048,Equities,17669.76,7.29,7.29,1,0,Settled
TRD-104948,04-04-2025,CLI-1032,OTC Derivatives,613325.66,99.6,99.6,0,0,Settled
TRD-104949,13-04-2025,CLI-1060,Equities,409409.07,69.12,69.12,0,0,Settled
TRD-104950,11-08-2025,CLI-1012,Equities,536051.13,231.77,283.48,1,0,Settled
TRD-104951,05-07-2025,CLI-1140,Equities,848817.35,292.72,292.72,0,0,Settled
TRD-104952,03-07-2025,CLI-1027,Fixed Income,294781.86,100.78,100.78,0,0,Settled
TRD-104953,11-06-2025,CLI-1076,Equities,76488.9,22.31,28.07,0,0,Settled
TRD-104954,04-09-2025,CLI-1102,FX Options,1416566.09,464.06,464.06,0,0,Settled
TRD-104955,31-01-2025,CLI-1003,Equities,404017.06,137.65,137.65,2,0,Settled
TRD-104956,21-02-2025,CLI-1012,FX Options,487638.09,237.54,237.54,0,0,Settled
TRD-104957,11-12-2025,CLI-1128,OTC Derivatives,1364611.17,258.17,258.17,0,1,Margin Breach
TRD-104958,17-03-2025,CLI-1123,Equities,1351071.77,251.06,251.06,3,0,Settled
TRD-104959,05-10-2025,CLI-1048,Equities,434426.58,53.39,53.39,0,1,Margin Breach
TRD-104960,09-02-2025,CLI-1023,OTC Derivatives,186634.25,67.8,67.8,0,0,Settled
TRD-104961,11-04-2025,CLI-1033,Fixed Income,2933878.51,937.72,937.72,1,0,Settled
TRD-104962,21-04-2025,CLI-1134,Fixed Income,580995.48,83.95,83.95,3,0,Settled
TRD-104963,17-11-2025,CLI-1020,Equities,272493.27,66.98,66.98,1,0,Settled
TRD-104964,06-09-2025,CLI-1042,Fixed Income,420304.86,72.07,72.07,1,0,Settled
TRD-104965,10-07-2025,CLI-1099,FX Options,278785.09,64.84,64.84,2,0,Settled
TRD-104966,01-07-2025,CLI-1092,Equities,1105992.35,531.44,531.44,2,0,Settled
TRD-104967,01-12-2025,CLI-1065,Fixed Income,339372.27,126.7,160.31,1,0,Settled
TRD-104968,28-07-2025,CLI-1131,Equities,877297.59,90.39,90.39,3,0,Settled
TRD-104969,22-01-2025,CLI-1083,OTC Derivatives,926841.97,186.3,186.3,1,1,Custodian Delay
TRD-104970,15-06-2025,CLI-1126,OTC Derivatives,879580.68,91.6,91.6,1,1,Custodian Delay
TRD-104971,09-04-2025,CLI-1056,Equities,650406.43,251.02,251.02,1,0,Settled
TRD-104972,27-07-2025,CLI-1089,Equities,975089.28,280.6,280.6,1,0,Settled
TRD-104973,08-01-2025,CLI-1056,Equities,254882.47,126.83,126.83,0,0,Settled
TRD-104974,09-07-2025,CLI-1018,Fixed Income,70893.57,27.89,27.89,4,1,SSI Mismatch
TRD-104975,24-06-2025,CLI-1030,Fixed Income,934019.55,286.9,286.9,0,0,Settled
TRD-104976,30-09-2025,CLI-1126,FX Options,354745.35,149.66,149.66,0,0,Settled
TRD-104977,17-01-2025,CLI-1072,Fixed Income,78125.28,29.84,29.84,1,0,Settled
TRD-104978,31-03-2025,CLI-1040,Equities,71260.41,14.07,14.07,1,0,Settled
TRD-104979,21-05-2025,CLI-1108,OTC Derivatives,96725.94,30.19,30.19,0,0,Settled
TRD-104980,25-05-2025,CLI-1047,Fixed Income,705097.5,227.32,227.32,1,0,Settled
TRD-104981,15-06-2025,CLI-1078,Fixed Income,630416.39,176.83,242.16,1,0,Settled
TRD-104982,03-12-2025,CLI-1148,Equities,123964.17,21.28,21.28,2,0,Settled
TRD-104983,19-03-2025,CLI-1066,Equities,948408.47,179.58,179.58,1,0,Settled
TRD-104984,19-09-2025,CLI-1078,FX Options,175152.01,37.21,37.21,0,0,Settled
TRD-104985,12-06-2025,CLI-1087,Fixed Income,797483.42,83.02,83.02,2,1,Margin Breach
TRD-104986,14-01-2025,CLI-1015,Equities,345502.97,161.27,161.27,0,0,Settled
TRD-104987,27-08-2025,CLI-1127,Fixed Income,667542.85,249.95,249.95,1,0,Settled
TRD-104988,13-03-2025,CLI-1134,FX Options,250138.24,94.01,94.01,2,0,Settled
TRD-104989,23-05-2025,CLI-1011,Equities,223196.74,73.42,73.42,2,0,Settled
TRD-104990,06-11-2025,CLI-1029,Fixed Income,930557.63,349.63,349.63,1,0,Settled
TRD-104991,10-10-2025,CLI-1071,FX Options,27970.22,13.78,13.78,0,0,Settled
TRD-104992,26-09-2025,CLI-1138,Equities,1849206.16,469.82,469.82,0,0,Settled
TRD-104993,29-08-2025,CLI-1041,OTC Derivatives,532317.17,204.95,204.95,2,1,Margin Breach
TRD-104994,02-09-2025,CLI-1099,Fixed Income,293242.63,71.5,71.5,2,0,Settled
TRD-104995,12-06-2025,CLI-1110,Fixed Income,504504.01,222.85,222.85,2,0,Settled
TRD-104996,01-03-2025,CLI-1048,Equities,75476.47,33.45,33.45,2,1,SSI Mismatch
TRD-104997,06-01-2025,CLI-1093,Equities,370827.3,170.92,170.92,1,0,Settled
TRD-104998,16-07-2025,CLI-1034,Fixed Income,2113046.83,215.92,215.92,1,0,Settled
TRD-104999,27-02-2025,CLI-1093,Equities,144115.86,31.6,31.6,2,0,Settled
TRD-105000,01-11-2025,CLI-1013,Fixed Income,650567.51,99.91,99.91,1,1,System Lag
TRD-105001,05-08-2025,CLI-1039,Equities,295439.44,83.19,83.19,1,0,Settled
TRD-105002,26-01-2025,CLI-1040,Equities,538435.09,160.55,160.55,2,0,Settled
TRD-105003,30-10-2025,CLI-1121,FX Options,124635.66,25.22,29.15,1,0,Settled
TRD-105004,05-01-2025,CLI-1132,Fixed Income,327877.99,127.67,127.67,1,0,Settled
TRD-105005,20-01-2025,CLI-1020,FX Options,1968334.74,409.23,409.23,0,0,Settled
TRD-105006,17-07-2025,CLI-1060,Equities,118634.89,52.38,52.38,0,0,Settled
TRD-105007,28-02-2025,CLI-1133,Fixed Income,515912.38,88.25,88.25,2,0,Settled
TRD-105008,30-08-2025,CLI-1113,Equities,438536.78,108.27,108.27,1,0,Settled
TRD-105009,26-05-2025,CLI-1061,OTC Derivatives,426263.92,148.72,148.72,0,0,Settled
TRD-105010,30-09-2025,CLI-1023,OTC Derivatives,487416.11,166.76,166.76,1,0,Settled
TRD-105011,06-09-2025,CLI-1051,Equities,358816.59,47.08,47.08,1,0,Settled
TRD-105012,14-01-2025,CLI-1015,FX Options,18537.86,8.13,8.13,1,0,Settled
TRD-105013,13-01-2025,CLI-1134,Equities,1161776.84,394.1,394.1,1,0,Settled
TRD-105014,13-02-2025,CLI-1041,Fixed Income,887170.65,397.4,397.4,1,0,Settled
TRD-105015,19-01-2025,CLI-1020,FX Options,105681.76,47.25,47.25,1,0,Settled
TRD-105016,04-03-2025,CLI-1059,OTC Derivatives,276597.97,88.06,88.06,2,0,Settled
TRD-105017,27-08-2025,CLI-1144,FX Options,746032.85,346.39,346.39,0,0,Settled
TRD-105018,03-12-2025,CLI-1148,Equities,1967571.82,864.48,864.48,2,0,Settled
TRD-105019,10-04-2025,CLI-1133,Equities,1519367.88,734.23,734.23,0,0,Settled
TRD-105020,12-06-2025,CLI-1146,Equities,1158098.77,509.79,509.79,0,0,Settled
TRD-105021,02-05-2025,CLI-1146,Fixed Income,96209.71,41.22,41.22,1,0,Settled
TRD-105022,13-02-2025,CLI-1149,OTC Derivatives,1239473.89,356.65,356.65,2,0,Settled
TRD-105023,26-12-2025,CLI-1024,Equities,1063693.86,196.58,196.58,1,0,Settled
TRD-105024,13-11-2025,CLI-1138,Fixed Income,246564.18,114.48,114.48,0,0,Settled
TRD-105025,25-05-2025,CLI-1075,Equities,260869.02,101.48,101.48,0,0,Settled
TRD-105026,23-11-2025,CLI-1065,Equities,318008.75,67.64,67.64,0,0,Settled
TRD-105027,29-12-2025,CLI-1075,Fixed Income,543812.15,128.56,128.56,1,0,Settled
TRD-105028,19-02-2025,CLI-1024,Fixed Income,161117.47,60.33,60.33,2,0,Settled
TRD-105029,06-03-2025,CLI-1001,OTC Derivatives,21607.92,6.29,6.29,1,0,Settled
TRD-105030,21-12-2025,CLI-1032,Equities,86126.8,11.42,11.42,1,0,Settled
TRD-105031,15-10-2025,CLI-1125,OTC Derivatives,300012.75,46.98,46.98,1,0,Settled
TRD-105032,13-06-2025,CLI-1140,Equities,175644.64,69.95,69.95,0,0,Settled
TRD-105033,21-05-2025,CLI-1051,Equities,733057.35,169.65,169.65,0,0,Settled
TRD-105034,10-11-2025,CLI-1044,Fixed Income,66410.85,20.13,20.13,1,0,Settled
TRD-105035,08-05-2025,CLI-1049,OTC Derivatives,1257267.78,511.27,511.27,2,0,Settled
TRD-105036,27-08-2025,CLI-1116,Equities,1138457.9,455.92,455.92,1,0,Settled
TRD-105037,20-11-2025,CLI-1087,Equities,1207113.5,201.35,201.35,2,1,Margin Breach
TRD-105038,23-10-2025,CLI-1083,Fixed Income,682787.38,95.15,95.15,1,0,Settled
TRD-105039,06-07-2025,CLI-1139,Equities,66584.33,22.4,22.4,1,0,Settled
TRD-105040,27-07-2025,CLI-1106,OTC Derivatives,298249.12,118.3,118.3,1,0,Settled
TRD-105041,08-08-2025,CLI-1106,OTC Derivatives,80439.37,12.84,12.84,1,0,Settled
TRD-105042,09-07-2025,CLI-1112,Equities,2209045.19,549.57,685.6,1,0,Settled
TRD-105043,12-12-2025,CLI-1121,Fixed Income,212511.42,95.23,95.23,0,0,Settled
TRD-105044,11-10-2025,CLI-1114,OTC Derivatives,450136.78,215.03,215.03,0,0,Settled
TRD-105045,18-12-2025,CLI-1135,Equities,765686.34,215.64,215.64,0,0,Settled
TRD-105046,25-08-2025,CLI-1099,Fixed Income,1276729.75,168.28,168.28,0,0,Settled
TRD-105047,13-07-2025,CLI-1111,Equities,714367.59,145.07,145.07,1,0,Settled
TRD-105048,14-10-2025,CLI-1096,Fixed Income,571202.21,110.35,110.35,0,0,Settled
TRD-105049,16-09-2025,CLI-1030,Equities,323662.66,63.3,63.3,3,0,Settled
TRD-105050,03-09-2025,CLI-1101,OTC Derivatives,474941.51,141.32,141.32,0,0,Settled
TRD-105051,16-05-2025,CLI-1017,Equities,59448.4,19.81,19.81,1,0,Settled
TRD-105052,07-10-2025,CLI-1019,Equities,1086748.78,161.93,161.93,0,0,Settled
TRD-105053,28-09-2025,CLI-1107,OTC Derivatives,402387.12,183.38,183.38,0,0,Settled
TRD-105054,20-06-2025,CLI-1071,Equities,30481.34,10.61,10.61,0,0,Settled
TRD-105055,08-06-2025,CLI-1103,Equities,1272252.98,431.17,431.17,2,0,Settled
TRD-105056,20-07-2025,CLI-1114,Equities,345988.41,171.23,171.23,0,0,Settled
TRD-105057,14-02-2025,CLI-1045,Equities,1024713.27,359.94,359.94,1,0,Settled
TRD-105058,21-09-2025,CLI-1100,FX Options,982063.71,463.13,463.13,2,0,Settled
TRD-105059,12-03-2025,CLI-1087,OTC Derivatives,855735.18,183.56,183.56,0,0,Settled
TRD-105060,30-12-2025,CLI-1128,Equities,41684.55,8.17,8.17,1,0,Settled
TRD-105061,13-04-2025,CLI-1057,OTC Derivatives,151889.28,46.57,46.57,0,0,Settled
TRD-105062,05-05-2025,CLI-1115,Fixed Income,1051917.08,319.2,319.2,1,0,Settled
TRD-105063,09-11-2025,CLI-1066,FX Options,1156273.11,220.38,260.04,1,0,Settled
TRD-105064,13-10-2025,CLI-1101,Equities,316308.17,120.15,120.15,1,0,Settled
TRD-105065,18-08-2025,CLI-1074,Fixed Income,299946.27,33.55,33.55,1,0,Settled
TRD-105066,26-05-2025,CLI-1041,Fixed Income,106271.19,39.98,39.98,2,1,Margin Breach
TRD-105067,16-07-2025,CLI-1104,Fixed Income,1737469.82,491.48,491.48,1,1,System Lag
TRD-105068,09-08-2025,CLI-1130,Fixed Income,129851.5,48.77,48.77,1,0,Settled
TRD-105069,01-03-2025,CLI-1148,Equities,115939.11,33.72,33.72,1,0,Settled
TRD-105070,08-04-2025,CLI-1064,OTC Derivatives,550478,270.25,270.25,1,0,Settled
TRD-105071,20-06-2025,CLI-1118,Fixed Income,149093.19,34.87,34.87,3,0,Settled
TRD-105072,22-06-2025,CLI-1067,FX Options,1406572.16,693.48,693.48,3,0,Settled
TRD-105073,31-05-2025,CLI-1018,Equities,15483.46,1.95,1.95,1,1,SSI Mismatch
TRD-105074,16-12-2025,CLI-1147,Fixed Income,12884.94,4.81,4.81,0,0,Settled
TRD-105075,02-05-2025,CLI-1111,FX Options,361474.33,101.82,101.82,1,0,Settled
TRD-105076,18-04-2025,CLI-1134,Fixed Income,344776.33,147.86,147.86,1,0,Settled
TRD-105077,04-01-2025,CLI-1059,OTC Derivatives,99183.11,41.24,41.24,0,0,Settled
TRD-105078,03-04-2025,CLI-1047,OTC Derivatives,351122.97,147.5,147.5,0,1,Custodian Delay
TRD-105079,06-01-2025,CLI-1136,Equities,275226.07,37.95,37.95,1,0,Settled
TRD-105080,15-10-2025,CLI-1012,Fixed Income,1115137.55,478.33,478.33,1,0,Settled
TRD-105081,16-04-2025,CLI-1146,Equities,14648.5,2.72,2.72,2,0,Settled
TRD-105082,26-05-2025,CLI-1059,Fixed Income,1880503.5,207.37,207.37,0,0,Settled
TRD-105083,28-09-2025,CLI-1088,Equities,499605.63,93.47,93.47,0,0,Settled
TRD-105084,06-04-2025,CLI-1013,OTC Derivatives,92345.02,26.94,26.94,3,0,Settled
TRD-105085,17-08-2025,CLI-1004,Fixed Income,33944.29,13.47,13.47,5,0,Settled
TRD-105086,21-07-2025,CLI-1119,Fixed Income,396209.56,74.27,74.27,2,0,Settled
TRD-105087,31-07-2025,CLI-1109,Equities,143867.94,20.89,20.89,2,0,Settled
TRD-105088,06-01-2025,CLI-1006,FX Options,189170.69,67.8,67.8,1,0,Settled
TRD-105089,22-04-2025,CLI-1075,Equities,150606.3,74.33,74.33,1,0,Settled
TRD-105090,19-11-2025,CLI-1131,Equities,535157.29,182.14,182.14,0,0,Settled
TRD-105091,16-04-2025,CLI-1005,Equities,413190.37,155.53,155.53,1,0,Settled
TRD-105092,19-05-2025,CLI-1064,FX Options,50591.16,16.42,16.42,1,1,System Lag
TRD-105093,26-10-2025,CLI-1083,FX Options,383829.7,158.5,158.5,1,0,Settled
TRD-105094,06-04-2025,CLI-1089,Fixed Income,793164.7,388.91,388.91,0,0,Settled
TRD-105095,03-12-2025,CLI-1075,OTC Derivatives,52340.46,16.63,16.63,1,0,Settled
TRD-105096,24-10-2025,CLI-1012,Equities,1112452.39,296.71,296.71,2,0,Settled
TRD-105097,02-08-2025,CLI-1058,FX Options,441738.44,196.19,196.19,1,0,Settled
TRD-105098,18-10-2025,CLI-1056,Equities,1514150.15,738.74,738.74,1,0,Settled
TRD-105099,22-01-2025,CLI-1081,Equities,90167.26,13.68,13.68,2,0,Settled
TRD-105100,12-07-2025,CLI-1094,Equities,2533001.67,839.1,839.1,1,0,Settled
TRD-105101,30-05-2025,CLI-1045,Fixed Income,526795.66,219.67,219.67,0,0,Settled
TRD-105102,04-09-2025,CLI-1113,OTC Derivatives,429079.77,134.45,134.45,1,0,Settled
TRD-105103,24-09-2025,CLI-1052,Equities,372091.55,98.11,98.11,2,1,Custodian Delay
TRD-105104,08-09-2025,CLI-1019,FX Options,21969.31,7.95,7.95,3,0,Settled
TRD-105105,03-01-2025,CLI-1147,Fixed Income,1413707.63,294.12,294.12,1,0,Settled
TRD-105106,12-11-2025,CLI-1097,Equities,526404.51,126.15,126.15,1,0,Settled
TRD-105107,17-03-2025,CLI-1141,Fixed Income,58049.81,28.85,28.85,1,0,Settled
TRD-105108,28-03-2025,CLI-1014,Fixed Income,20587.39,7.3,7.3,0,0,Settled
TRD-105109,27-09-2025,CLI-1029,OTC Derivatives,36059.26,16.2,16.2,0,0,Settled
TRD-105110,13-08-2025,CLI-1145,Fixed Income,480030.21,203.1,203.1,0,0,Settled
TRD-105111,18-01-2025,CLI-1025,Fixed Income,485978.92,175.39,175.39,0,0,Settled
TRD-105112,23-04-2025,CLI-1099,Equities,356240.99,155.42,155.42,3,0,Settled
TRD-105113,08-09-2025,CLI-1127,Fixed Income,193193.71,41.51,41.51,1,1,SSI Mismatch
TRD-105114,21-08-2025,CLI-1107,FX Options,389368.71,138.17,138.17,0,0,Settled
TRD-105115,25-11-2025,CLI-1082,Equities,373147.08,125.47,125.47,1,0,Settled
TRD-105116,06-10-2025,CLI-1105,OTC Derivatives,19803.26,6.91,6.91,3,0,Settled
TRD-105117,21-07-2025,CLI-1105,Fixed Income,175969.72,29.47,29.47,0,0,Settled
TRD-105118,24-03-2025,CLI-1054,Equities,37325.96,7.87,7.87,2,0,Settled
TRD-105119,05-05-2025,CLI-1066,FX Options,1162066.9,249.45,249.45,0,0,Settled
TRD-105120,24-06-2025,CLI-1112,Fixed Income,655898.01,223.52,279.44,1,0,Settled
TRD-105121,10-03-2025,CLI-1043,Equities,2785338.05,1362.08,1362.08,1,0,Settled
TRD-105122,16-02-2025,CLI-1126,Equities,189890.78,91.46,120.11,2,0,Settled
TRD-105123,13-09-2025,CLI-1139,Equities,1063862.27,203.07,203.07,2,0,Settled
TRD-105124,03-08-2025,CLI-1102,OTC Derivatives,471977.85,104.75,104.75,2,0,Settled
TRD-105125,30-01-2025,CLI-1129,Fixed Income,311767.88,35.67,35.67,1,0,Settled
TRD-105126,08-10-2025,CLI-1123,FX Options,135882.84,35.27,35.27,1,0,Settled
TRD-105127,25-08-2025,CLI-1041,Equities,680454.36,295.23,295.23,1,0,Settled
TRD-105128,05-09-2025,CLI-1101,Equities,1182437.15,551.37,551.37,1,0,Settled
TRD-105129,25-01-2025,CLI-1030,Equities,144141.33,28.05,28.05,0,0,Settled
TRD-105130,15-03-2025,CLI-1068,Fixed Income,106422.57,21.96,27.26,1,1,SSI Mismatch
TRD-105131,25-07-2025,CLI-1147,FX Options,605728.91,114.08,114.08,1,0,Settled
TRD-105132,10-11-2025,CLI-1037,Fixed Income,1895547.45,455.01,455.01,0,0,Settled
TRD-105133,04-04-2025,CLI-1074,Equities,703057.39,296.62,296.62,0,0,Settled
TRD-105134,07-05-2025,CLI-1094,OTC Derivatives,177443.26,63.66,63.66,0,0,Settled
TRD-105135,25-01-2025,CLI-1123,OTC Derivatives,282325.16,116.99,134.65,4,1,Custodian Delay
TRD-105136,30-11-2025,CLI-1088,Equities,252512.05,84.14,84.14,1,0,Settled
TRD-105137,21-12-2025,CLI-1131,OTC Derivatives,965592.61,196.11,196.11,1,0,Settled
TRD-105138,26-04-2025,CLI-1084,Equities,747826.85,142.98,142.98,0,0,Settled
TRD-105139,17-02-2025,CLI-1061,Equities,454551.15,47.09,47.09,1,0,Settled
TRD-105140,14-08-2025,CLI-1104,Equities,170763.61,70.42,70.42,1,0,Settled
TRD-105141,23-09-2025,CLI-1128,Fixed Income,1400217.94,614.48,614.48,0,0,Settled
TRD-105142,09-04-2025,CLI-1112,Fixed Income,539669.67,219.81,219.81,0,0,Settled
TRD-105143,11-01-2025,CLI-1036,Equities,1771286.84,229.84,229.84,2,0,Settled
TRD-105144,26-03-2025,CLI-1050,Equities,443889.63,179.73,179.73,1,0,Settled
TRD-105145,02-08-2025,CLI-1052,OTC Derivatives,870723.46,103.01,140.53,1,1,Margin Breach
TRD-105146,22-06-2025,CLI-1000,FX Options,848605.17,120.7,120.7,1,0,Settled
TRD-105147,28-07-2025,CLI-1143,OTC Derivatives,215738.15,59.58,59.58,2,0,Settled
TRD-105148,05-03-2025,CLI-1001,Equities,1672406.07,485.77,485.77,2,1,SSI Mismatch
TRD-105149,15-09-2025,CLI-1129,Equities,21092.88,9,9,2,1,System Lag
TRD-105150,28-11-2025,CLI-1057,Equities,742043.44,275.9,275.9,0,0,Settled
TRD-105151,01-05-2025,CLI-1016,Equities,1694225.99,273.33,273.33,0,0,Settled
TRD-105152,25-10-2025,CLI-1006,Fixed Income,216931.29,41.32,41.32,2,0,Settled
TRD-105153,23-02-2025,CLI-1113,Fixed Income,532219.16,114.04,114.04,0,0,Settled
TRD-105154,27-11-2025,CLI-1061,OTC Derivatives,423023.1,63.23,63.23,0,0,Settled
TRD-105155,29-09-2025,CLI-1144,Fixed Income,726708.31,156.28,156.28,0,0,Settled
TRD-105156,29-08-2025,CLI-1020,Equities,1015622.07,397.55,397.55,1,0,Settled
TRD-105157,31-08-2025,CLI-1063,Equities,471965.63,92.77,92.77,4,1,SSI Mismatch
TRD-105158,18-01-2025,CLI-1042,Fixed Income,856150.55,371.69,371.69,1,1,System Lag
TRD-105159,06-07-2025,CLI-1086,Equities,197190.8,56.75,56.75,0,0,Settled
TRD-105160,12-12-2025,CLI-1025,Equities,139765.73,32.03,32.03,0,0,Settled
TRD-105161,24-05-2025,CLI-1101,Equities,291645.49,77.28,77.28,0,0,Settled
TRD-105162,19-09-2025,CLI-1025,Equities,576193.03,221.14,221.14,1,0,Settled
TRD-105163,30-12-2025,CLI-1069,Equities,113663.98,34.86,40.74,0,0,Settled
TRD-105164,27-08-2025,CLI-1066,OTC Derivatives,580267.74,59.72,59.72,3,1,Margin Breach
TRD-105165,31-10-2025,CLI-1114,OTC Derivatives,260514.92,122.16,122.16,1,0,Settled
TRD-105166,25-10-2025,CLI-1058,Equities,803777.73,101.6,101.6,2,0,Settled
TRD-105167,17-03-2025,CLI-1020,Equities,28765.7,13.68,13.68,1,0,Settled
TRD-105168,07-07-2025,CLI-1041,OTC Derivatives,561284.01,62.45,62.45,2,0,Settled
TRD-105169,29-11-2025,CLI-1069,Equities,534657.32,218.35,218.35,3,1,Custodian Delay
TRD-105170,03-09-2025,CLI-1022,Equities,1424562.4,447.13,447.13,4,1,Custodian Delay
TRD-105171,10-05-2025,CLI-1118,Equities,634777.28,191.89,191.89,2,0,Settled
TRD-105172,11-11-2025,CLI-1052,Equities,805558.13,104.01,104.01,1,0,Settled
TRD-105173,10-10-2025,CLI-1125,OTC Derivatives,1184791.27,231.62,231.62,1,0,Settled
TRD-105174,20-03-2025,CLI-1024,OTC Derivatives,572044.93,235.12,235.12,2,0,Settled
TRD-105175,13-03-2025,CLI-1060,Equities,181353.36,82.79,82.79,2,0,Settled
TRD-105176,20-09-2025,CLI-1146,Equities,1029241.17,320.76,320.76,2,0,Settled
TRD-105177,10-07-2025,CLI-1034,Equities,698326.73,168.53,168.53,3,0,Settled
TRD-105178,04-03-2025,CLI-1020,Equities,286203.82,35.48,35.48,2,1,Margin Breach
TRD-105179,12-01-2025,CLI-1017,FX Options,629850.38,234.85,234.85,0,0,Settled
TRD-105180,21-05-2025,CLI-1090,Fixed Income,1021299.57,215.88,215.88,1,0,Settled
TRD-105181,11-09-2025,CLI-1039,Fixed Income,1867655.48,227.86,227.86,2,0,Settled
TRD-105182,12-02-2025,CLI-1073,OTC Derivatives,1531952.11,561.22,561.22,1,0,Settled
TRD-105183,17-01-2025,CLI-1004,OTC Derivatives,206764.19,60.85,60.85,3,1,SSI Mismatch
TRD-105184,04-03-2025,CLI-1149,OTC Derivatives,283825.82,29.74,29.74,1,0,Settled
TRD-105185,10-09-2025,CLI-1119,Equities,68006.64,9.82,9.82,0,0,Settled
TRD-105186,19-10-2025,CLI-1141,Equities,152206.57,57.79,57.79,2,0,Settled
TRD-105187,08-01-2025,CLI-1000,Fixed Income,1080323.3,135.55,161.37,1,0,Settled
TRD-105188,21-11-2025,CLI-1111,Equities,233808,104.37,104.37,0,0,Settled
TRD-105189,31-03-2025,CLI-1057,FX Options,494519.72,111.03,111.03,0,0,Settled
TRD-105190,27-07-2025,CLI-1080,Fixed Income,558255.68,75.62,75.62,1,0,Settled
TRD-105191,19-10-2025,CLI-1091,FX Options,771238.69,311.51,311.51,5,1,SSI Mismatch
TRD-105192,11-10-2025,CLI-1025,Equities,110935.73,34.36,34.36,1,0,Settled
TRD-105193,28-04-2025,CLI-1019,OTC Derivatives,191787.3,42.7,42.7,0,0,Settled
TRD-105194,15-12-2025,CLI-1082,Equities,307408.37,80.68,80.68,2,0,Settled
TRD-105195,24-06-2025,CLI-1141,FX Options,236940.01,25.72,30.25,1,0,Settled
TRD-105196,17-03-2025,CLI-1121,Equities,2044491.44,746.4,746.4,4,1,SSI Mismatch
TRD-105197,11-04-2025,CLI-1007,Fixed Income,910725.55,224.32,224.32,0,0,Settled
TRD-105198,31-05-2025,CLI-1048,OTC Derivatives,336662.13,129.82,129.82,1,0,Settled
TRD-105199,27-09-2025,CLI-1005,Fixed Income,1067093.63,374.84,374.84,1,0,Settled
TRD-105200,12-03-2025,CLI-1000,Fixed Income,223589.28,80.6,80.6,3,1,Margin Breach
TRD-105201,29-06-2025,CLI-1125,FX Options,780488.68,325.59,325.59,0,0,Settled
TRD-105202,04-05-2025,CLI-1093,Fixed Income,136592.4,48.14,48.14,2,0,Settled
TRD-105203,20-10-2025,CLI-1132,Fixed Income,749911.56,200.59,200.59,2,1,System Lag
TRD-105204,12-10-2025,CLI-1072,Equities,314819.92,80.58,80.58,0,0,Settled
TRD-105205,14-07-2025,CLI-1135,OTC Derivatives,66864,9.88,9.88,0,0,Settled
TRD-105206,16-08-2025,CLI-1087,Fixed Income,169594.94,69.84,69.84,0,0,Settled
TRD-105207,02-10-2025,CLI-1118,Fixed Income,267311.93,108.11,108.11,2,1,System Lag
TRD-105208,16-04-2025,CLI-1071,Equities,701735,139.31,139.31,0,0,Settled
TRD-105209,21-01-2025,CLI-1101,Fixed Income,47891.53,21.32,21.32,1,1,Custodian Delay
TRD-105210,05-03-2025,CLI-1146,Equities,548739.09,184.16,184.16,2,0,Settled
TRD-105211,14-06-2025,CLI-1002,Equities,639414.54,186.37,243.76,2,1,System Lag
TRD-105212,27-01-2025,CLI-1038,Fixed Income,540544.64,57.84,57.84,1,0,Settled
TRD-105213,07-11-2025,CLI-1015,Equities,724955.21,183.48,183.48,0,0,Settled
TRD-105214,12-10-2025,CLI-1064,Equities,108110.02,38.52,38.52,2,0,Settled
TRD-105215,28-05-2025,CLI-1073,Fixed Income,452278.99,61.46,61.46,3,0,Settled
TRD-105216,08-10-2025,CLI-1068,Equities,1426338.8,404.83,404.83,3,1,System Lag
TRD-105217,22-11-2025,CLI-1016,Equities,481810.76,239.64,239.64,0,0,Settled
TRD-105218,15-11-2025,CLI-1020,Equities,482520.48,186.55,186.55,0,0,Settled
TRD-105219,13-06-2025,CLI-1092,Fixed Income,676736.44,215.71,215.71,3,0,Settled
TRD-105220,12-08-2025,CLI-1061,Fixed Income,212635.74,66.6,90.03,3,0,Settled
TRD-105221,29-09-2025,CLI-1130,OTC Derivatives,612780.2,72.01,72.01,1,0,Settled
TRD-105222,26-05-2025,CLI-1037,Equities,1249863.05,603.59,603.59,0,0,Settled
TRD-105223,22-12-2025,CLI-1091,Equities,15477.63,7.29,7.29,0,1,Margin Breach
TRD-105224,30-01-2025,CLI-1075,Equities,1030545.38,384.35,384.35,1,0,Settled
TRD-105225,14-02-2025,CLI-1143,Fixed Income,133345.78,18.62,18.62,3,1,System Lag
TRD-105226,02-10-2025,CLI-1088,FX Options,314332.5,57.56,57.56,0,1,Margin Breach
TRD-105227,03-02-2025,CLI-1081,Equities,966447.89,167.74,167.74,2,0,Settled
TRD-105228,21-05-2025,CLI-1135,Equities,878386.07,270.39,270.39,1,0,Settled
TRD-105229,14-11-2025,CLI-1069,Equities,1122476.39,205.55,205.55,2,0,Settled
TRD-105230,09-08-2025,CLI-1145,Fixed Income,1420190.75,537.29,537.29,1,1,Custodian Delay
TRD-105231,22-12-2025,CLI-1083,Fixed Income,306340.57,97.44,97.44,0,0,Settled
TRD-105232,22-01-2025,CLI-1028,Fixed Income,544085.89,58.25,58.25,2,0,Settled
TRD-105233,29-06-2025,CLI-1032,OTC Derivatives,257540.48,102.4,102.4,3,0,Settled
TRD-105234,25-11-2025,CLI-1002,Fixed Income,225943.08,39.66,39.66,1,0,Settled
TRD-105235,19-08-2025,CLI-1115,Equities,292460.9,125.74,125.74,4,0,Settled
TRD-105236,07-02-2025,CLI-1091,Equities,689487.74,166.87,166.87,0,0,Settled
TRD-105237,11-03-2025,CLI-1132,Fixed Income,358016.42,84.29,115.19,1,0,Settled
TRD-105238,26-04-2025,CLI-1058,Fixed Income,851164.74,89.14,89.14,1,1,Custodian Delay
TRD-105239,27-08-2025,CLI-1003,Fixed Income,693674.44,343.43,343.43,1,0,Settled
TRD-105240,01-12-2025,CLI-1145,Fixed Income,20345.53,7.02,7.02,0,0,Settled
TRD-105241,28-05-2025,CLI-1145,Fixed Income,507448.07,136.55,170.99,0,0,Settled
TRD-105242,09-01-2025,CLI-1133,OTC Derivatives,296857.09,41.16,41.16,1,0,Settled
TRD-105243,15-10-2025,CLI-1098,Fixed Income,314981.47,119.59,119.59,4,1,Custodian Delay
TRD-105244,19-02-2025,CLI-1010,OTC Derivatives,862900.22,183.88,183.88,1,1,System Lag
TRD-105245,04-12-2025,CLI-1053,Equities,406603.09,201.4,201.4,1,0,Settled
TRD-105246,05-01-2025,CLI-1020,Fixed Income,1094122.49,525.42,525.42,1,0,Settled
TRD-105247,09-12-2025,CLI-1120,FX Options,633797.96,249.79,249.79,0,0,Settled
TRD-105248,06-05-2025,CLI-1007,Equities,412419.41,201.44,201.44,1,0,Settled
TRD-105249,16-03-2025,CLI-1066,OTC Derivatives,712306.52,101.33,101.33,1,0,Settled
TRD-105250,14-06-2025,CLI-1142,OTC Derivatives,29551.87,6.26,6.26,2,0,Settled
TRD-105251,05-10-2025,CLI-1116,Equities,23728.59,4.78,4.78,3,0,Settled
TRD-105252,20-11-2025,CLI-1080,Fixed Income,53514.41,6.89,6.89,2,0,Settled
TRD-105253,27-10-2025,CLI-1125,Equities,297740.14,145.56,145.56,1,0,Settled
TRD-105254,17-10-2025,CLI-1091,FX Options,144234.02,17.88,17.88,0,0,Settled
TRD-105255,18-03-2025,CLI-1050,OTC Derivatives,2085816.14,923.34,923.34,1,0,Settled
TRD-105256,25-10-2025,CLI-1111,Equities,400759.89,163.22,163.22,2,1,Margin Breach
TRD-105257,17-05-2025,CLI-1144,Equities,552970.08,138.43,138.43,0,0,Settled
TRD-105258,16-04-2025,CLI-1117,Fixed Income,173433.35,18.65,18.65,1,1,Custodian Delay
TRD-105259,05-04-2025,CLI-1019,Equities,204154.25,20.91,20.91,0,0,Settled
TRD-105260,15-05-2025,CLI-1038,Equities,214331.54,38.92,38.92,1,0,Settled
TRD-105261,09-03-2025,CLI-1076,Fixed Income,609883.67,181.47,181.47,2,0,Settled
TRD-105262,27-05-2025,CLI-1098,Equities,330947.84,93.71,93.71,3,1,SSI Mismatch
TRD-105263,08-06-2025,CLI-1109,Equities,374577.53,125.15,147.68,1,0,Settled
TRD-105264,12-06-2025,CLI-1031,OTC Derivatives,458247.71,187.32,187.32,0,0,Settled
TRD-105265,07-12-2025,CLI-1097,FX Options,742261.28,186.26,186.26,1,0,Settled
TRD-105266,08-07-2025,CLI-1002,OTC Derivatives,57358.54,9.42,9.42,1,0,Settled
TRD-105267,05-12-2025,CLI-1033,OTC Derivatives,760009.13,319.22,319.22,1,0,Settled
TRD-105268,05-04-2025,CLI-1148,Equities,424180.07,98.87,98.87,0,1,SSI Mismatch
TRD-105269,30-06-2025,CLI-1003,Equities,562962.65,120.9,120.9,0,0,Settled
TRD-105270,15-10-2025,CLI-1102,Equities,208415.07,84.56,84.56,1,1,SSI Mismatch
TRD-105271,18-11-2025,CLI-1128,OTC Derivatives,273297.01,129.45,129.45,1,0,Settled
TRD-105272,06-07-2025,CLI-1080,FX Options,141439.98,65.91,65.91,1,0,Settled
TRD-105273,18-05-2025,CLI-1070,OTC Derivatives,1948810.73,302.02,302.02,1,0,Settled
TRD-105274,10-05-2025,CLI-1112,OTC Derivatives,353585.51,106.52,106.52,1,1,System Lag
TRD-105275,13-07-2025,CLI-1043,Fixed Income,2780438.57,381.33,381.33,2,0,Settled
TRD-105276,12-11-2025,CLI-1035,Equities,346462.5,167.82,167.82,0,0,Settled
TRD-105277,30-09-2025,CLI-1020,Fixed Income,134071.26,24.95,24.95,0,0,Settled
TRD-105278,18-12-2025,CLI-1022,Equities,364082.08,65.16,65.16,0,0,Settled
TRD-105279,24-05-2025,CLI-1033,Equities,30200.4,13.76,13.76,1,0,Settled
TRD-105280,16-01-2025,CLI-1099,Fixed Income,1185729.09,577.62,577.62,0,1,System Lag
TRD-105281,29-10-2025,CLI-1099,Fixed Income,863388.26,327.27,327.27,1,0,Settled
TRD-105282,02-09-2025,CLI-1030,Fixed Income,656986.18,97.5,97.5,2,0,Settled
TRD-105283,17-04-2025,CLI-1011,Fixed Income,480582.16,141.46,141.46,1,0,Settled
TRD-105284,29-03-2025,CLI-1027,Equities,443552.98,189.24,189.24,0,0,Settled
TRD-105285,09-05-2025,CLI-1006,Fixed Income,2871209.65,944.6,944.6,1,0,Settled
TRD-105286,07-12-2025,CLI-1121,Fixed Income,172863.29,26.45,32.95,1,0,Settled
TRD-105287,04-01-2025,CLI-1050,Equities,766347.03,129.32,129.32,0,0,Settled
TRD-105288,23-11-2025,CLI-1115,OTC Derivatives,445425.43,198.51,198.51,1,0,Settled
TRD-105289,02-11-2025,CLI-1087,Fixed Income,1872368.23,581.95,581.95,2,0,Settled
TRD-105290,05-04-2025,CLI-1079,Fixed Income,889558.59,340.11,340.11,1,0,Settled
TRD-105291,28-07-2025,CLI-1010,OTC Derivatives,3269586.95,814.86,814.86,1,0,Settled
TRD-105292,13-08-2025,CLI-1037,OTC Derivatives,453760.53,142.02,142.02,0,0,Settled
TRD-105293,14-12-2025,CLI-1134,OTC Derivatives,124419.85,61.07,61.07,0,0,Settled
TRD-105294,17-11-2025,CLI-1045,Equities,360274.29,83.54,83.54,3,1,SSI Mismatch
TRD-105295,16-02-2025,CLI-1044,Equities,630856.61,233.36,233.36,0,0,Settled
TRD-105296,30-06-2025,CLI-1130,Equities,754408.09,127.5,127.5,2,0,Settled
TRD-105297,16-04-2025,CLI-1078,Equities,10255.06,1.52,1.52,1,0,Settled
TRD-105298,18-07-2025,CLI-1112,FX Options,361626.12,149.52,149.52,0,0,Settled
TRD-105299,16-04-2025,CLI-1096,Fixed Income,144093.07,63.06,63.06,1,0,Settled
TRD-105300,07-10-2025,CLI-1051,Equities,1049368.23,385.46,385.46,1,1,Custodian Delay
TRD-105301,17-09-2025,CLI-1053,Equities,92971.48,15.18,15.18,0,0,Settled
TRD-105302,18-04-2025,CLI-1047,Equities,558990.62,109.69,109.69,2,0,Settled
TRD-105303,19-01-2025,CLI-1083,Fixed Income,164665.49,76.48,76.48,1,0,Settled
TRD-105304,23-10-2025,CLI-1090,OTC Derivatives,230449.37,49.66,49.66,0,1,Margin Breach
TRD-105305,02-11-2025,CLI-1147,OTC Derivatives,1421387.72,607.71,607.71,2,0,Settled
TRD-105306,20-06-2025,CLI-1097,FX Options,147513.33,31.62,31.62,1,0,Settled
TRD-105307,27-11-2025,CLI-1004,Equities,59911.69,28.51,28.51,2,0,Settled
TRD-105308,14-07-2025,CLI-1127,Equities,45901.03,21.38,21.38,2,1,System Lag
TRD-105309,12-01-2025,CLI-1144,Equities,361210.13,42.37,42.37,2,0,Settled
TRD-105310,14-07-2025,CLI-1106,Equities,523208.35,213.56,213.56,0,0,Settled
TRD-105311,10-10-2025,CLI-1110,FX Options,208223.18,34.94,47.5,0,0,Settled
TRD-105312,01-07-2025,CLI-1001,Fixed Income,596010.6,110.92,110.92,1,0,Settled
TRD-105313,01-11-2025,CLI-1107,OTC Derivatives,41487.85,11.78,11.78,1,0,Settled
TRD-105314,24-05-2025,CLI-1123,Fixed Income,983626.78,325.12,325.12,0,0,Settled
TRD-105315,12-11-2025,CLI-1047,Equities,857953.47,197.6,197.6,1,0,Settled
TRD-105316,01-07-2025,CLI-1043,Equities,2126674.76,702.13,702.13,1,0,Settled
TRD-105317,30-01-2025,CLI-1128,Fixed Income,1388396.91,233.62,233.62,0,0,Settled
TRD-105318,25-03-2025,CLI-1051,OTC Derivatives,230181.38,25.07,25.07,1,1,System Lag
TRD-105319,15-06-2025,CLI-1021,Equities,264809.33,86.99,86.99,2,0,Settled
TRD-105320,11-10-2025,CLI-1141,OTC Derivatives,695141.31,213.38,250.41,4,1,Custodian Delay
TRD-105321,08-10-2025,CLI-1103,OTC Derivatives,81982.98,30.81,30.81,1,0,Settled
TRD-105322,06-04-2025,CLI-1076,Fixed Income,198449.55,71.43,71.43,2,0,Settled
TRD-105323,23-09-2025,CLI-1075,OTC Derivatives,73088.36,33.55,33.55,1,0,Settled
TRD-105324,25-10-2025,CLI-1065,Fixed Income,313380.58,88.93,88.93,1,0,Settled
TRD-105325,23-10-2025,CLI-1116,Fixed Income,411485.8,42.53,42.53,0,0,Settled
TRD-105326,13-08-2025,CLI-1066,OTC Derivatives,128596.18,45.3,45.3,2,0,Settled
TRD-105327,29-11-2025,CLI-1039,FX Options,23496.37,8.69,8.69,1,0,Settled
TRD-105328,27-12-2025,CLI-1057,Equities,645333.86,199.15,199.15,1,1,Margin Breach
TRD-105329,11-02-2025,CLI-1038,Fixed Income,20103.99,7.55,8.69,0,1,System Lag
TRD-105330,30-10-2025,CLI-1107,Equities,1823471.07,418.37,418.37,2,0,Settled
TRD-105331,03-09-2025,CLI-1141,Equities,135262.04,21.58,21.58,0,0,Settled
TRD-105332,27-07-2025,CLI-1063,Fixed Income,555173.41,203.09,203.09,3,0,Settled
TRD-105333,25-08-2025,CLI-1025,FX Options,295245.11,58.48,58.48,0,0,Settled
TRD-105334,22-01-2025,CLI-1110,Equities,40764.25,11.52,11.52,1,1,System Lag
TRD-105335,04-07-2025,CLI-1006,Equities,329503.4,97.75,97.75,1,0,Settled
TRD-105336,30-08-2025,CLI-1091,Equities,373621.58,108.68,108.68,1,0,Settled
TRD-105337,29-12-2025,CLI-1135,Fixed Income,974419.57,330.7,330.7,1,0,Settled
TRD-105338,10-10-2025,CLI-1004,Equities,669035.82,74.79,74.79,3,1,Margin Breach
TRD-105339,10-02-2025,CLI-1035,Equities,51311.86,25.44,25.44,0,0,Settled
TRD-105340,02-12-2025,CLI-1112,OTC Derivatives,127331.5,49.22,49.22,1,0,Settled
TRD-105341,11-06-2025,CLI-1120,Equities,196901.6,53.19,53.19,0,0,Settled
TRD-105342,09-06-2025,CLI-1130,Fixed Income,71879.75,12.69,12.69,0,0,Settled
TRD-105343,30-03-2025,CLI-1061,OTC Derivatives,315230.05,41.63,41.63,0,0,Settled
TRD-105344,18-11-2025,CLI-1149,Equities,2087340.07,769.97,769.97,4,0,Settled
TRD-105345,12-01-2025,CLI-1149,Fixed Income,371404.17,84.23,84.23,0,0,Settled
TRD-105346,14-03-2025,CLI-1049,Fixed Income,687169.54,131.79,131.79,3,1,System Lag
TRD-105347,17-03-2025,CLI-1119,Fixed Income,584328.65,147.24,147.24,2,0,Settled
TRD-105348,12-12-2025,CLI-1131,Fixed Income,958264.86,323.1,376.66,1,0,Settled
TRD-105349,20-07-2025,CLI-1020,Equities,131496.82,48.48,48.48,3,1,Custodian Delay
TRD-105350,10-01-2025,CLI-1019,OTC Derivatives,710858.87,254.54,254.54,1,1,System Lag
TRD-105351,18-12-2025,CLI-1116,OTC Derivatives,1075810.73,479.07,479.07,0,0,Settled
TRD-105352,14-08-2025,CLI-1024,Equities,104075.15,19.51,19.51,0,1,Custodian Delay
TRD-105353,25-06-2025,CLI-1063,Equities,222937.66,79.08,79.08,4,0,Settled
TRD-105354,03-10-2025,CLI-1060,Equities,1764977.9,247.88,247.88,2,0,Settled
TRD-105355,08-02-2025,CLI-1052,Equities,768857.64,245.4,245.4,0,0,Settled
TRD-105356,01-03-2025,CLI-1092,Fixed Income,176054.47,58.73,58.73,0,0,Settled
TRD-105357,07-03-2025,CLI-1098,Equities,424989.74,79.26,79.26,0,0,Settled
TRD-105358,17-11-2025,CLI-1036,Equities,269030.97,69.05,69.05,2,1,System Lag
TRD-105359,04-05-2025,CLI-1004,OTC Derivatives,346638.14,149.36,149.36,2,0,Settled
TRD-105360,13-06-2025,CLI-1120,Equities,229381.33,36.56,36.56,2,1,Margin Breach
TRD-105361,08-06-2025,CLI-1017,OTC Derivatives,173787.68,47.58,47.58,0,0,Settled
TRD-105362,26-02-2025,CLI-1032,OTC Derivatives,571600.63,270.42,356.24,0,0,Settled
TRD-105363,19-03-2025,CLI-1012,Equities,763760.74,230.38,230.38,1,0,Settled
TRD-105364,13-07-2025,CLI-1039,OTC Derivatives,1045566.57,407.83,407.83,2,0,Settled
TRD-105365,12-10-2025,CLI-1100,OTC Derivatives,94404.61,40.66,40.66,2,0,Settled
TRD-105366,15-01-2025,CLI-1107,Equities,875394.81,158.89,158.89,2,0,Settled
TRD-105367,12-01-2025,CLI-1011,Equities,157051.87,29.41,29.41,0,0,Settled
TRD-105368,11-04-2025,CLI-1092,Fixed Income,288728.4,116.48,116.48,1,0,Settled
TRD-105369,05-06-2025,CLI-1092,FX Options,1168563.59,468.97,468.97,0,0,Settled
TRD-105370,06-12-2025,CLI-1022,Fixed Income,313029.54,38.84,38.84,1,0,Settled
TRD-105371,05-05-2025,CLI-1039,Equities,119739.84,27.42,27.42,1,0,Settled
TRD-105372,25-12-2025,CLI-1116,Fixed Income,97098.52,25.19,25.19,2,0,Settled
TRD-105373,07-10-2025,CLI-1132,Fixed Income,330261.96,142.55,142.55,3,0,Settled
TRD-105374,20-04-2025,CLI-1030,Fixed Income,729156.96,195.96,195.96,1,0,Settled
TRD-105375,30-11-2025,CLI-1015,OTC Derivatives,2949987.34,1387.59,1387.59,2,0,Settled
TRD-105376,23-12-2025,CLI-1071,Fixed Income,784191.7,391.03,391.03,1,0,Settled
TRD-105377,26-05-2025,CLI-1008,OTC Derivatives,1057834.08,436.13,436.13,1,0,Settled
TRD-105378,04-08-2025,CLI-1145,OTC Derivatives,698830.59,256.16,256.16,1,0,Settled
TRD-105379,11-06-2025,CLI-1046,Fixed Income,1138973.68,292.44,292.44,0,0,Settled
TRD-105380,08-05-2025,CLI-1082,Equities,49680.47,6.3,6.3,0,0,Settled
TRD-105381,10-11-2025,CLI-1036,OTC Derivatives,1339141.68,440.92,440.92,2,0,Settled
TRD-105382,28-11-2025,CLI-1039,FX Options,262426.87,64.21,64.21,1,0,Settled
TRD-105383,30-05-2025,CLI-1071,Equities,1283056.39,308.39,308.39,1,0,Settled
TRD-105384,05-02-2025,CLI-1120,Fixed Income,49377.06,18.52,18.52,0,0,Settled
TRD-105385,22-06-2025,CLI-1068,Equities,638059.47,182.14,182.14,3,0,Settled
TRD-105386,22-01-2025,CLI-1071,OTC Derivatives,675313.94,270.69,270.69,1,0,Settled
TRD-105387,25-07-2025,CLI-1130,OTC Derivatives,2899936.01,751.86,751.86,1,0,Settled
TRD-105388,07-05-2025,CLI-1090,Equities,742355.62,119.03,119.03,2,1,SSI Mismatch
TRD-105389,02-12-2025,CLI-1037,OTC Derivatives,251097.79,71.45,71.45,2,0,Settled
TRD-105390,22-12-2025,CLI-1099,Equities,417373.37,200.51,235.85,0,0,Settled
TRD-105391,05-08-2025,CLI-1015,OTC Derivatives,238287.84,100.23,100.23,3,0,Settled
TRD-105392,06-04-2025,CLI-1142,Fixed Income,119089.6,21.71,21.71,1,0,Settled
TRD-105393,13-06-2025,CLI-1071,Equities,152843.58,39.21,39.21,0,0,Settled
TRD-105394,28-05-2025,CLI-1127,Equities,135521.15,63.85,63.85,3,0,Settled
TRD-105395,18-01-2025,CLI-1069,Equities,407939.28,60.98,60.98,2,0,Settled
TRD-105396,21-10-2025,CLI-1132,Fixed Income,1193085.42,240.5,240.5,3,0,Settled
TRD-105397,14-07-2025,CLI-1024,Fixed Income,1229354.93,251.88,251.88,1,0,Settled
TRD-105398,31-05-2025,CLI-1039,Equities,38160.21,12.53,12.53,2,1,SSI Mismatch
TRD-105399,31-12-2025,CLI-1134,Equities,51636.13,13.65,16.89,1,0,Settled
TRD-105400,03-05-2025,CLI-1002,Equities,150597.62,19.87,19.87,0,0,Settled
TRD-105401,06-07-2025,CLI-1063,OTC Derivatives,157225.43,55.29,55.29,0,0,Settled
TRD-105402,29-05-2025,CLI-1064,OTC Derivatives,59848.94,8.36,8.36,1,1,System Lag
TRD-105403,14-04-2025,CLI-1114,Equities,255890.19,87.66,87.66,0,0,Settled
TRD-105404,31-08-2025,CLI-1058,Fixed Income,453032.81,137.18,178.18,0,0,Settled
TRD-105405,19-08-2025,CLI-1039,Equities,441567.2,131.35,131.35,0,0,Settled
TRD-105406,25-07-2025,CLI-1032,FX Options,402006.28,51.05,51.05,0,0,Settled
TRD-105407,17-07-2025,CLI-1034,FX Options,216752.62,77.1,77.1,3,1,Custodian Delay
TRD-105408,03-12-2025,CLI-1070,Fixed Income,622863.33,169.75,169.75,2,0,Settled
TRD-105409,28-03-2025,CLI-1096,FX Options,885742.56,234.23,303.94,1,0,Settled
TRD-105410,22-05-2025,CLI-1034,OTC Derivatives,222533.69,75.35,104.29,4,1,SSI Mismatch
TRD-105411,13-11-2025,CLI-1073,OTC Derivatives,54708.24,18.74,18.74,2,1,SSI Mismatch
TRD-105412,18-07-2025,CLI-1147,Fixed Income,185723.07,19.69,19.69,1,0,Settled
TRD-105413,15-02-2025,CLI-1043,Equities,83883.93,12.59,12.59,1,0,Settled
TRD-105414,15-10-2025,CLI-1134,Equities,324953.56,63.24,63.24,4,0,Settled
TRD-105415,15-01-2025,CLI-1093,Equities,94762.98,35.18,35.18,0,0,Settled
TRD-105416,13-02-2025,CLI-1021,Fixed Income,320734.07,106.07,106.07,0,0,Settled
TRD-105417,18-06-2025,CLI-1010,Equities,134873.97,54.36,54.36,2,0,Settled
TRD-105418,06-11-2025,CLI-1012,Equities,681102.58,269.88,269.88,2,0,Settled
TRD-105419,13-02-2025,CLI-1022,Fixed Income,23977.69,10.58,10.58,0,0,Settled
TRD-105420,08-04-2025,CLI-1073,Equities,414555.53,103.94,103.94,0,0,Settled
TRD-105421,18-09-2025,CLI-1027,Fixed Income,102856.62,24.48,24.48,0,0,Settled
TRD-105422,19-04-2025,CLI-1144,FX Options,10496.18,4.54,4.54,1,0,Settled
TRD-105423,10-10-2025,CLI-1021,OTC Derivatives,1027043.26,200.32,200.32,1,0,Settled
TRD-105424,09-12-2025,CLI-1083,Fixed Income,566651.52,161.19,161.19,3,0,Settled
TRD-105425,14-04-2025,CLI-1133,Fixed Income,62093.28,11.04,11.04,1,1,Custodian Delay
TRD-105426,13-09-2025,CLI-1081,Fixed Income,555429.76,258.57,258.57,0,0,Settled
TRD-105427,25-07-2025,CLI-1065,Equities,482920.71,127.07,127.07,1,1,Custodian Delay
TRD-105428,01-12-2025,CLI-1049,OTC Derivatives,330615.89,61.16,61.16,2,0,Settled
TRD-105429,12-02-2025,CLI-1012,Equities,281724.43,106.16,143.08,0,0,Settled
TRD-105430,19-12-2025,CLI-1037,Equities,1100492.51,217.74,276.05,1,0,Settled
TRD-105431,02-09-2025,CLI-1024,OTC Derivatives,150616.8,71.9,71.9,0,1,Margin Breach
TRD-105432,14-10-2025,CLI-1028,Equities,264006.51,65.22,65.22,1,0,Settled
TRD-105433,21-12-2025,CLI-1125,Equities,209579.08,76.68,76.68,1,0,Settled
TRD-105434,30-09-2025,CLI-1034,Equities,747455.76,177.97,236.7,1,0,Settled
TRD-105435,24-03-2025,CLI-1082,Equities,1251246.62,529.15,529.15,1,0,Settled
TRD-105436,20-04-2025,CLI-1018,Equities,957832.85,439.42,439.42,2,1,System Lag
TRD-105437,09-07-2025,CLI-1006,Equities,809011.48,335.88,335.88,0,0,Settled
TRD-105438,15-10-2025,CLI-1082,Fixed Income,2173388.52,954.99,954.99,2,0,Settled
TRD-105439,08-09-2025,CLI-1071,OTC Derivatives,607249.83,85.47,85.47,0,0,Settled
TRD-105440,31-07-2025,CLI-1013,Equities,705259.22,331.21,331.21,1,0,Settled
TRD-105441,18-10-2025,CLI-1098,OTC Derivatives,2041496.78,713.95,996.02,0,0,Settled
TRD-105442,13-05-2025,CLI-1135,Equities,13507.67,6.05,6.05,0,0,Settled
TRD-105443,20-07-2025,CLI-1127,Equities,512627.07,191.61,191.61,0,0,Settled
TRD-105444,12-10-2025,CLI-1112,Equities,681562.9,123.19,123.19,3,0,Settled
TRD-105445,22-11-2025,CLI-1065,Fixed Income,1259464.58,433.03,433.03,1,0,Settled
TRD-105446,05-04-2025,CLI-1023,Fixed Income,1086411.89,148.16,148.16,2,0,Settled
TRD-105447,05-10-2025,CLI-1014,Fixed Income,932455.71,352.74,352.74,1,0,Settled
TRD-105448,21-11-2025,CLI-1002,OTC Derivatives,1467456.67,386.82,386.82,1,0,Settled
TRD-105449,07-08-2025,CLI-1105,Fixed Income,395423.77,63.54,63.54,3,1,Custodian Delay
TRD-105450,30-03-2025,CLI-1010,Fixed Income,13472.08,6.62,6.62,3,0,Settled
TRD-105451,13-03-2025,CLI-1070,FX Options,15557.98,7.16,7.16,2,1,Margin Breach
TRD-105452,04-09-2025,CLI-1038,Equities,403332.45,184.49,184.49,0,1,Margin Breach
TRD-105453,09-05-2025,CLI-1004,Equities,295705.75,122.87,122.87,0,0,Settled
TRD-105454,31-07-2025,CLI-1148,OTC Derivatives,310051.65,116.83,116.83,2,0,Settled
TRD-105455,09-12-2025,CLI-1149,Fixed Income,265750.21,96.21,96.21,1,0,Settled
TRD-105456,06-04-2025,CLI-1095,Equities,1258848.91,179.31,179.31,1,0,Settled
TRD-105457,16-03-2025,CLI-1037,Equities,232495.81,107,107,3,0,Settled
TRD-105458,23-02-2025,CLI-1134,Fixed Income,979759.6,443.29,443.29,0,1,Margin Breach
TRD-105459,10-12-2025,CLI-1089,Fixed Income,1175825.7,469.32,469.32,1,0,Settled
TRD-105460,23-02-2025,CLI-1090,Equities,356075.61,167.69,167.69,1,0,Settled
TRD-105461,06-08-2025,CLI-1050,FX Options,306142.62,98.34,98.34,1,0,Settled
TRD-105462,16-01-2025,CLI-1131,OTC Derivatives,725688.97,202.51,202.51,3,0,Settled
TRD-105463,09-04-2025,CLI-1145,Fixed Income,625451.95,304.71,304.71,2,0,Settled
TRD-105464,20-01-2025,CLI-1129,Fixed Income,209146.78,59.74,59.74,0,0,Settled
TRD-105465,15-02-2025,CLI-1064,OTC Derivatives,64097.89,22.85,22.85,0,0,Settled
TRD-105466,12-07-2025,CLI-1093,Equities,163841.99,40.83,40.83,2,0,Settled
TRD-105467,27-02-2025,CLI-1106,Equities,80222.48,28.44,28.44,2,0,Settled
TRD-105468,21-04-2025,CLI-1123,Fixed Income,184588.9,71.63,71.63,1,0,Settled
TRD-105469,09-05-2025,CLI-1062,OTC Derivatives,161784.85,56.6,56.6,1,0,Settled
TRD-105470,03-12-2025,CLI-1102,Equities,517657.11,158.31,158.31,2,0,Settled
TRD-105471,13-07-2025,CLI-1089,FX Options,1554977.84,342.16,342.16,0,0,Settled
TRD-105472,06-12-2025,CLI-1030,Fixed Income,588773.24,210.51,210.51,2,0,Settled
TRD-105473,22-11-2025,CLI-1012,Equities,1316252.35,609.91,609.91,0,0,Settled
TRD-105474,08-01-2025,CLI-1056,Equities,776544.68,79.8,79.8,0,0,Settled
TRD-105475,29-01-2025,CLI-1141,Equities,660751.7,101.47,101.47,1,1,SSI Mismatch
TRD-105476,22-04-2025,CLI-1051,OTC Derivatives,277270.6,41.01,41.01,2,0,Settled
TRD-105477,10-06-2025,CLI-1079,FX Options,206369.1,96.85,96.85,0,0,Settled
TRD-105478,11-05-2025,CLI-1127,Fixed Income,946302.71,345.49,345.49,1,0,Settled
TRD-105479,07-07-2025,CLI-1136,FX Options,1189013.14,571.58,571.58,1,0,Settled
TRD-105480,12-06-2025,CLI-1090,OTC Derivatives,310632.79,103.48,103.48,0,0,Settled
TRD-105481,16-07-2025,CLI-1006,Fixed Income,14552.21,4.14,4.14,2,0,Settled
TRD-105482,30-12-2025,CLI-1056,Fixed Income,796386.82,332.04,332.04,0,0,Settled
TRD-105483,23-07-2025,CLI-1054,Fixed Income,177784.51,29.22,29.22,1,0,Settled
TRD-105484,31-07-2025,CLI-1134,Fixed Income,14968.54,3.78,3.78,1,0,Settled
TRD-105485,19-04-2025,CLI-1116,Equities,827348.53,237.04,237.04,0,0,Settled
TRD-105486,03-10-2025,CLI-1143,Fixed Income,374298.26,82.11,82.11,2,0,Settled
TRD-105487,14-03-2025,CLI-1046,Equities,587925.95,146.11,146.11,2,0,Settled
TRD-105488,16-06-2025,CLI-1097,OTC Derivatives,1240730.75,162.84,162.84,0,0,Settled
TRD-105489,17-09-2025,CLI-1102,OTC Derivatives,399541.93,71.6,71.6,2,0,Settled
TRD-105490,31-08-2025,CLI-1095,Equities,359777.91,84.26,84.26,0,0,Settled
TRD-105491,02-10-2025,CLI-1032,Equities,181711.65,76.02,76.02,3,1,SSI Mismatch
TRD-105492,12-04-2025,CLI-1148,Fixed Income,192061.19,33.23,33.23,2,0,Settled
TRD-105493,22-06-2025,CLI-1123,Fixed Income,806148,192.39,192.39,2,0,Settled
TRD-105494,20-06-2025,CLI-1015,Equities,308036.77,38.8,38.8,4,1,Custodian Delay
TRD-105495,21-05-2025,CLI-1100,Fixed Income,99280.05,32.05,32.05,0,0,Settled
TRD-105496,07-07-2025,CLI-1070,Equities,59649.88,20.55,20.55,2,0,Settled
TRD-105497,27-03-2025,CLI-1031,Equities,330201.58,147.34,147.34,0,0,Settled
TRD-105498,21-02-2025,CLI-1137,Equities,322702.23,138,138,1,0,Settled
TRD-105499,21-04-2025,CLI-1014,Equities,539876.03,115.62,115.62,1,0,Settled
TRD-105500,31-12-2025,CLI-1140,OTC Derivatives,328447.21,50.84,50.84,2,1,Margin Breach
TRD-105501,08-12-2025,CLI-1116,FX Options,87436.3,14.2,14.2,0,0,Settled
TRD-105502,12-02-2025,CLI-1057,Fixed Income,364438,177.69,177.69,1,0,Settled
TRD-105503,30-07-2025,CLI-1085,Fixed Income,1196446.94,441.84,441.84,2,1,Custodian Delay
TRD-105504,19-07-2025,CLI-1102,Equities,96844.31,11.33,11.33,3,0,Settled
TRD-105505,25-10-2025,CLI-1022,Fixed Income,595195.91,92.08,92.08,1,0,Settled
TRD-105506,12-12-2025,CLI-1052,Equities,460527.77,135.54,135.54,0,0,Settled
TRD-105507,28-08-2025,CLI-1033,Fixed Income,700326.6,128.25,128.25,1,0,Settled
TRD-105508,25-04-2025,CLI-1044,FX Options,91612.69,38.61,38.61,0,0,Settled
TRD-105509,26-01-2025,CLI-1101,Equities,1430265.39,470.97,470.97,0,0,Settled
TRD-105510,26-10-2025,CLI-1078,OTC Derivatives,495065.25,170.82,170.82,1,0,Settled
TRD-105511,18-03-2025,CLI-1075,Equities,948891.21,270.56,270.56,2,0,Settled
TRD-105512,17-05-2025,CLI-1098,Equities,151583.98,30.68,30.68,0,0,Settled
TRD-105513,20-01-2025,CLI-1009,Equities,682409.04,229.13,229.13,2,0,Settled
TRD-105514,30-07-2025,CLI-1032,Equities,769411.88,297.6,297.6,1,0,Settled
TRD-105515,28-08-2025,CLI-1121,Equities,263280.09,65.39,65.39,1,0,Settled
TRD-105516,08-02-2025,CLI-1056,Equities,252216.38,76.16,76.16,1,0,Settled
TRD-105517,25-09-2025,CLI-1051,Fixed Income,546174.5,238.06,291.1,5,0,Settled
TRD-105518,26-07-2025,CLI-1126,Equities,59031.21,9.41,9.41,1,0,Settled
TRD-105519,24-09-2025,CLI-1062,Fixed Income,675191.76,214.77,214.77,1,0,Settled
TRD-105520,03-06-2025,CLI-1107,FX Options,31916.78,7.64,7.64,0,0,Settled
TRD-105521,11-02-2025,CLI-1142,Fixed Income,115725.03,44.1,44.1,3,0,Settled
TRD-105522,11-01-2025,CLI-1135,Equities,555536.03,59.73,69.27,3,0,Settled
TRD-105523,21-10-2025,CLI-1027,Equities,61749.83,22.74,22.74,2,0,Settled
TRD-105524,08-04-2025,CLI-1071,OTC Derivatives,1794963.51,253.38,253.38,1,0,Settled
TRD-105525,02-10-2025,CLI-1087,Fixed Income,1023979.73,128.93,128.93,1,0,Settled
TRD-105526,18-08-2025,CLI-1001,Fixed Income,502154.09,195.76,273.1,2,0,Settled
TRD-105527,08-08-2025,CLI-1130,Equities,864787.87,307.98,307.98,2,0,Settled
TRD-105528,06-03-2025,CLI-1024,Fixed Income,1102756.93,505.03,505.03,0,0,Settled
TRD-105529,21-12-2025,CLI-1018,Equities,160198.38,49.32,49.32,1,0,Settled
TRD-105530,20-08-2025,CLI-1092,FX Options,956602.46,298.47,298.47,0,0,Settled
TRD-105531,24-11-2025,CLI-1029,OTC Derivatives,118328.43,45.3,45.3,0,0,Settled
TRD-105532,21-02-2025,CLI-1138,Equities,276656.85,63.45,63.45,0,0,Settled
TRD-105533,20-09-2025,CLI-1008,Fixed Income,418516.49,48.03,48.03,1,0,Settled
TRD-105534,24-09-2025,CLI-1116,Equities,635691.15,122.06,122.06,1,1,SSI Mismatch
TRD-105535,25-12-2025,CLI-1100,Fixed Income,25302.45,4.94,4.94,1,0,Settled
TRD-105536,13-11-2025,CLI-1097,OTC Derivatives,181604.02,42.54,42.54,2,0,Settled
TRD-105537,20-11-2025,CLI-1147,Fixed Income,478909.27,228.62,228.62,1,0,Settled
TRD-105538,03-06-2025,CLI-1003,Equities,231092.05,97.51,97.51,0,0,Settled
TRD-105539,24-12-2025,CLI-1068,Equities,755883.12,358.58,414.97,0,0,Settled
TRD-105540,20-05-2025,CLI-1067,OTC Derivatives,537276.88,268.34,268.34,2,0,Settled
TRD-105541,20-02-2025,CLI-1137,Fixed Income,143548.67,39.26,39.26,2,0,Settled
TRD-105542,27-04-2025,CLI-1107,Fixed Income,88870.46,16.96,16.96,2,1,Margin Breach
TRD-105543,15-02-2025,CLI-1065,Equities,505839.95,163.89,163.89,1,0,Settled
TRD-105544,05-11-2025,CLI-1125,Equities,309343.52,139.96,163.11,0,0,Settled
TRD-105545,29-03-2025,CLI-1137,FX Options,102536.9,29.36,29.36,1,0,Settled
TRD-105546,27-07-2025,CLI-1046,Fixed Income,207540.26,62.71,62.71,2,1,SSI Mismatch
TRD-105547,26-09-2025,CLI-1065,Fixed Income,190518.47,29.3,29.3,0,0,Settled
TRD-105548,30-03-2025,CLI-1110,Fixed Income,67218.55,18.03,18.03,1,0,Settled
TRD-105549,28-04-2025,CLI-1135,OTC Derivatives,405831.17,103.4,103.4,2,0,Settled
TRD-105550,23-02-2025,CLI-1011,Equities,731217.87,175.99,175.99,2,0,Settled
TRD-105551,26-04-2025,CLI-1129,Equities,438382.64,199.43,199.43,2,0,Settled
TRD-105552,28-04-2025,CLI-1136,Fixed Income,885187.95,109.52,109.52,0,0,Settled
TRD-105553,17-09-2025,CLI-1070,Fixed Income,78235.6,38.25,38.25,3,1,Margin Breach
TRD-105554,16-03-2025,CLI-1095,OTC Derivatives,296006.53,30.58,30.58,1,1,Margin Breach
TRD-105555,01-11-2025,CLI-1083,OTC Derivatives,480054.96,229.58,229.58,1,1,Margin Breach
TRD-105556,07-01-2025,CLI-1078,Equities,573508.29,183.07,183.07,1,0,Settled
TRD-105557,02-05-2025,CLI-1032,Equities,605012.44,230.5,230.5,0,0,Settled
TRD-105558,11-01-2025,CLI-1143,FX Options,662754.45,115.88,115.88,1,0,Settled
TRD-105559,14-12-2025,CLI-1136,Fixed Income,536957.83,194.21,194.21,2,0,Settled
TRD-105560,03-08-2025,CLI-1107,Fixed Income,59483.88,26.93,26.93,0,0,Settled
TRD-105561,06-10-2025,CLI-1113,Fixed Income,604223.11,94.13,94.13,2,0,Settled
TRD-105562,28-01-2025,CLI-1141,Fixed Income,655097.08,98.81,98.81,0,0,Settled
TRD-105563,23-08-2025,CLI-1119,Equities,2526435.42,559.84,559.84,1,0,Settled
TRD-105564,09-11-2025,CLI-1013,OTC Derivatives,601044.4,98.99,98.99,2,1,Custodian Delay
TRD-105565,26-01-2025,CLI-1000,OTC Derivatives,590505.18,85.19,85.19,1,0,Settled
TRD-105566,23-02-2025,CLI-1050,Fixed Income,371610.75,137.99,137.99,1,1,Margin Breach
TRD-105567,29-01-2025,CLI-1075,Fixed Income,1022184.75,189.65,189.65,1,0,Settled
TRD-105568,19-12-2025,CLI-1047,Equities,2887763.51,1059.25,1059.25,2,1,Custodian Delay
TRD-105569,13-06-2025,CLI-1140,Equities,764897.82,340.2,340.2,4,0,Settled
TRD-105570,27-09-2025,CLI-1142,Equities,484020.2,174.64,174.64,1,0,Settled
TRD-105571,30-11-2025,CLI-1119,Equities,51123.1,7.55,7.55,2,0,Settled
TRD-105572,04-02-2025,CLI-1079,FX Options,658664.19,216.98,216.98,2,0,Settled
TRD-105573,13-10-2025,CLI-1137,OTC Derivatives,626463.25,161.28,161.28,2,0,Settled
TRD-105574,14-12-2025,CLI-1144,Fixed Income,757091.59,179.69,179.69,1,0,Settled
TRD-105575,30-09-2025,CLI-1103,Fixed Income,76511.7,17.4,17.4,2,0,Settled
TRD-105576,27-07-2025,CLI-1127,Equities,540271.84,254.89,254.89,1,1,SSI Mismatch
TRD-105577,26-08-2025,CLI-1108,FX Options,185292.41,73.56,73.56,3,0,Settled
TRD-105578,03-04-2025,CLI-1009,Equities,724123.59,111.18,111.18,2,1,System Lag
TRD-105579,22-06-2025,CLI-1110,Equities,147464.51,42.82,42.82,1,0,Settled
TRD-105580,20-03-2025,CLI-1009,Fixed Income,585972.79,133.19,133.19,0,0,Settled
TRD-105581,20-04-2025,CLI-1034,OTC Derivatives,184773.74,90.76,117.11,1,0,Settled
TRD-105582,05-08-2025,CLI-1104,OTC Derivatives,14517.49,7.13,7.13,2,1,Margin Breach
TRD-105583,24-12-2025,CLI-1135,Equities,511684.57,116.57,116.57,0,0,Settled
TRD-105584,16-04-2025,CLI-1137,OTC Derivatives,70106.85,16.88,16.88,1,0,Settled
TRD-105585,16-02-2025,CLI-1097,Equities,548363.96,186.32,186.32,2,0,Settled
TRD-105586,30-06-2025,CLI-1068,Equities,1309213.17,381.93,381.93,1,0,Settled
TRD-105587,05-03-2025,CLI-1047,OTC Derivatives,1750866.54,324.33,324.33,1,0,Settled
TRD-105588,03-09-2025,CLI-1019,OTC Derivatives,144543.41,52.64,52.64,1,0,Settled
TRD-105589,01-09-2025,CLI-1067,Fixed Income,838404.26,195.89,195.89,1,0,Settled
TRD-105590,16-11-2025,CLI-1045,Fixed Income,228132.25,82.47,82.47,2,0,Settled
TRD-105591,28-03-2025,CLI-1097,OTC Derivatives,1163583.15,294.94,294.94,0,0,Settled
TRD-105592,05-08-2025,CLI-1035,OTC Derivatives,784382.1,298.13,298.13,0,0,Settled
TRD-105593,07-01-2025,CLI-1000,OTC Derivatives,48398.25,17.77,17.77,0,0,Settled
TRD-105594,05-10-2025,CLI-1049,Fixed Income,271395.96,82.38,82.38,0,0,Settled
TRD-105595,03-12-2025,CLI-1059,FX Options,215729.89,82.39,82.39,2,0,Settled
TRD-105596,29-07-2025,CLI-1103,FX Options,778979.78,221.53,282.64,0,0,Settled
TRD-105597,18-06-2025,CLI-1028,Equities,274058.56,40.14,40.14,0,0,Settled
TRD-105598,26-11-2025,CLI-1019,OTC Derivatives,586938.41,101.45,101.45,2,1,Margin Breach
TRD-105599,18-05-2025,CLI-1028,Fixed Income,471198.74,93.48,93.48,1,0,Settled
TRD-105600,02-11-2025,CLI-1015,Equities,1867380.13,233.97,233.97,0,0,Settled
TRD-105601,18-08-2025,CLI-1079,Fixed Income,1398579.23,537.83,537.83,1,0,Settled
TRD-105602,04-11-2025,CLI-1087,Equities,289045.55,71.38,71.38,3,1,SSI Mismatch
TRD-105603,10-06-2025,CLI-1144,Fixed Income,652913.68,89.72,89.72,0,0,Settled
TRD-105604,01-01-2025,CLI-1072,OTC Derivatives,894392.98,382.79,382.79,1,0,Settled
TRD-105605,24-08-2025,CLI-1147,Equities,1155752.13,431.63,431.63,1,0,Settled
TRD-105606,07-07-2025,CLI-1023,Fixed Income,45283.27,12.72,12.72,3,0,Settled
TRD-105607,04-01-2025,CLI-1049,FX Options,189824.54,37.77,37.77,2,1,SSI Mismatch
TRD-105608,12-05-2025,CLI-1030,Fixed Income,203000.42,32.62,32.62,0,0,Settled
TRD-105609,06-08-2025,CLI-1141,Equities,294974.71,83.58,83.58,1,0,Settled
TRD-105610,17-09-2025,CLI-1012,Fixed Income,102722.06,46.65,46.65,0,0,Settled
TRD-105611,01-01-2025,CLI-1092,Fixed Income,352793.79,61.87,61.87,0,0,Settled
TRD-105612,12-03-2025,CLI-1133,Fixed Income,554154.27,181.47,181.47,0,0,Settled
TRD-105613,27-06-2025,CLI-1078,OTC Derivatives,353944.44,171.55,171.55,3,1,SSI Mismatch
TRD-105614,08-07-2025,CLI-1013,Fixed Income,557997.5,198,198,2,0,Settled
TRD-105615,18-10-2025,CLI-1008,OTC Derivatives,44375.9,12.25,12.25,1,1,Margin Breach
TRD-105616,08-01-2025,CLI-1045,Fixed Income,1053685.78,407.3,407.3,2,0,Settled
TRD-105617,10-09-2025,CLI-1082,Equities,1409008.18,605.64,605.64,1,0,Settled
TRD-105618,19-10-2025,CLI-1066,Fixed Income,491046.18,165.09,165.09,2,0,Settled
TRD-105619,01-09-2025,CLI-1031,OTC Derivatives,1075961.45,482.82,482.82,1,0,Settled
TRD-105620,03-05-2025,CLI-1000,Fixed Income,80462.77,24.61,24.61,1,0,Settled
TRD-105621,26-10-2025,CLI-1143,Equities,808381.59,349.23,349.23,0,0,Settled
TRD-105622,10-10-2025,CLI-1101,Equities,73432.94,35.31,35.31,2,0,Settled
TRD-105623,01-02-2025,CLI-1108,Equities,272132.96,81.78,81.78,1,0,Settled
TRD-105624,30-11-2025,CLI-1115,Equities,205646.9,70.33,70.33,0,0,Settled
TRD-105625,26-05-2025,CLI-1099,Fixed Income,450451.93,154.86,154.86,2,0,Settled
TRD-105626,05-06-2025,CLI-1120,Equities,189420.45,78.15,78.15,3,0,Settled
TRD-105627,16-01-2025,CLI-1082,OTC Derivatives,517108.41,221.94,221.94,0,0,Settled
TRD-105628,21-12-2025,CLI-1078,Equities,238948.44,26.5,26.5,0,0,Settled
TRD-105629,16-02-2025,CLI-1004,Equities,995887.22,391.73,391.73,3,1,SSI Mismatch
TRD-105630,08-09-2025,CLI-1141,Fixed Income,512402.31,211.89,211.89,0,0,Settled
TRD-105631,06-07-2025,CLI-1068,Equities,131225.82,49.89,49.89,2,0,Settled
TRD-105632,31-01-2025,CLI-1010,OTC Derivatives,214834.03,82.81,82.81,2,1,Margin Breach
TRD-105633,17-09-2025,CLI-1026,Equities,950036.02,110.74,145.77,0,1,System Lag
TRD-105634,17-01-2025,CLI-1038,Fixed Income,254271,70.39,70.39,0,0,Settled
TRD-105635,08-02-2025,CLI-1100,OTC Derivatives,393718.89,168.23,168.23,2,0,Settled
TRD-105636,31-10-2025,CLI-1006,Fixed Income,533401.82,252.62,252.62,1,0,Settled
TRD-105637,08-02-2025,CLI-1129,Equities,223709.41,42.9,42.9,0,0,Settled
TRD-105638,12-05-2025,CLI-1041,Fixed Income,184054.89,61.05,61.05,2,0,Settled
TRD-105639,30-01-2025,CLI-1020,OTC Derivatives,332421.33,140.19,140.19,0,0,Settled
TRD-105640,07-06-2025,CLI-1118,FX Options,130959.97,52.51,63.63,2,1,Custodian Delay
TRD-105641,05-10-2025,CLI-1112,OTC Derivatives,177184.64,61.58,61.58,2,0,Settled
TRD-105642,22-07-2025,CLI-1128,Equities,42044.5,4.52,4.52,2,0,Settled
TRD-105643,07-03-2025,CLI-1028,FX Options,191181.46,74.48,74.48,3,1,Margin Breach
TRD-105644,18-04-2025,CLI-1050,Equities,203349.22,83.23,83.23,2,0,Settled
TRD-105645,25-09-2025,CLI-1034,Equities,1642894.18,639.32,639.32,0,0,Settled
TRD-105646,10-08-2025,CLI-1036,OTC Derivatives,455468.47,185.07,185.07,3,1,SSI Mismatch
TRD-105647,19-10-2025,CLI-1145,Equities,784130.08,213.57,213.57,1,0,Settled
TRD-105648,18-01-2025,CLI-1096,Equities,33219.52,16.53,23.1,0,0,Settled
TRD-105649,31-03-2025,CLI-1133,Equities,66325.01,27.08,31.65,1,0,Settled
TRD-105650,30-06-2025,CLI-1073,Fixed Income,852449.83,282.56,282.56,3,0,Settled
TRD-105651,12-09-2025,CLI-1057,OTC Derivatives,498484.42,236.12,236.12,2,1,Margin Breach
TRD-105652,10-09-2025,CLI-1075,Fixed Income,115967.08,53.73,53.73,0,0,Settled
TRD-105653,14-09-2025,CLI-1112,Equities,269425.04,114.73,114.73,0,0,Settled
TRD-105654,12-12-2025,CLI-1024,Fixed Income,396823.54,129.16,129.16,1,0,Settled
TRD-105655,28-03-2025,CLI-1037,FX Options,937700.65,291.48,291.48,0,0,Settled
TRD-105656,31-03-2025,CLI-1124,OTC Derivatives,41156.89,9.53,9.53,1,0,Settled
TRD-105657,25-08-2025,CLI-1054,Equities,464064.92,92.98,92.98,1,1,SSI Mismatch
TRD-105658,11-03-2025,CLI-1043,FX Options,641217.66,195.54,195.54,2,0,Settled
TRD-105659,13-02-2025,CLI-1058,OTC Derivatives,1915904.66,634.38,634.38,0,0,Settled
TRD-105660,19-07-2025,CLI-1071,Equities,832947.43,164.77,164.77,2,0,Settled
TRD-105661,01-06-2025,CLI-1047,Equities,171638.95,80.51,80.51,0,1,System Lag
TRD-105662,27-03-2025,CLI-1025,Equities,628212.18,202.86,202.86,0,0,Settled
TRD-105663,19-01-2025,CLI-1120,OTC Derivatives,730434.17,226.87,226.87,3,0,Settled
TRD-105664,11-04-2025,CLI-1137,Equities,664177.08,182.15,182.15,1,0,Settled
TRD-105665,05-04-2025,CLI-1074,Fixed Income,867799.56,106.94,106.94,1,0,Settled
TRD-105666,11-09-2025,CLI-1081,Equities,1180299.14,534.63,534.63,0,0,Settled
TRD-105667,23-12-2025,CLI-1108,FX Options,61808.72,14.02,14.02,0,0,Settled
TRD-105668,30-01-2025,CLI-1068,Equities,65333.87,23.32,23.32,2,1,Custodian Delay
TRD-105669,06-09-2025,CLI-1069,FX Options,805798.97,276.37,276.37,0,0,Settled
TRD-105670,02-02-2025,CLI-1137,FX Options,155425.19,51.88,51.88,0,0,Settled
TRD-105671,17-08-2025,CLI-1146,Equities,40162.46,12.46,12.46,0,0,Settled
TRD-105672,12-01-2025,CLI-1075,Fixed Income,266438.18,45.98,45.98,0,0,Settled
TRD-105673,28-04-2025,CLI-1023,Equities,867057.42,184.03,184.03,1,0,Settled
TRD-105674,16-12-2025,CLI-1079,FX Options,77660.8,24.05,24.05,2,0,Settled
TRD-105675,04-06-2025,CLI-1072,Fixed Income,567130,235.78,235.78,1,0,Settled
TRD-105676,03-09-2025,CLI-1076,Equities,11811.21,3.22,3.22,2,1,Margin Breach
TRD-105677,28-11-2025,CLI-1017,Equities,68119.43,12.37,12.37,0,0,Settled
TRD-105678,04-09-2025,CLI-1124,Equities,226046,30.56,30.56,2,0,Settled
TRD-105679,29-01-2025,CLI-1018,FX Options,53652.41,19.59,19.59,1,0,Settled
TRD-105680,10-06-2025,CLI-1148,Fixed Income,945082.18,254.54,254.54,3,0,Settled
TRD-105681,23-08-2025,CLI-1056,OTC Derivatives,1007809.47,151.32,151.32,2,1,Margin Breach
TRD-105682,09-07-2025,CLI-1048,Equities,714414.59,264.18,264.18,1,0,Settled
TRD-105683,27-04-2025,CLI-1123,Equities,148852.43,27.24,27.24,0,0,Settled
TRD-105684,28-09-2025,CLI-1133,FX Options,380378.45,115.49,115.49,1,0,Settled
TRD-105685,15-09-2025,CLI-1054,Equities,111785.99,24.87,24.87,0,0,Settled
TRD-105686,29-06-2025,CLI-1001,FX Options,175140.64,82.78,82.78,1,0,Settled
TRD-105687,21-06-2025,CLI-1005,Equities,372840.65,71.33,71.33,0,0,Settled
TRD-105688,01-10-2025,CLI-1029,Equities,674038.78,180.62,230.63,1,0,Settled
TRD-105689,16-09-2025,CLI-1113,Fixed Income,59719.25,28.89,28.89,0,0,Settled
TRD-105690,15-05-2025,CLI-1054,FX Options,185983.52,42.31,42.31,1,0,Settled
TRD-105691,20-06-2025,CLI-1010,FX Options,1316061.12,470.94,470.94,0,0,Settled
TRD-105692,29-07-2025,CLI-1024,Equities,290291.03,65.81,65.81,1,1,Margin Breach
TRD-105693,24-08-2025,CLI-1114,Equities,1407373.6,203.04,203.04,2,0,Settled
TRD-105694,05-07-2025,CLI-1088,Fixed Income,2388028.02,838.24,838.24,0,0,Settled
TRD-105695,30-12-2025,CLI-1108,Fixed Income,383970.48,179.09,179.09,4,0,Settled
TRD-105696,05-04-2025,CLI-1135,OTC Derivatives,179869.59,50.55,62.28,3,0,Settled
TRD-105697,11-01-2025,CLI-1066,Equities,792176.85,277.63,277.63,1,0,Settled
TRD-105698,09-03-2025,CLI-1101,FX Options,96766.59,33.25,43.38,2,0,Settled
TRD-105699,29-07-2025,CLI-1085,Fixed Income,155207.47,41.29,41.29,2,0,Settled
TRD-105700,15-07-2025,CLI-1126,OTC Derivatives,778279.42,269.25,269.25,2,1,System Lag
TRD-105701,08-04-2025,CLI-1023,Fixed Income,294267.91,59.95,59.95,1,0,Settled
TRD-105702,03-04-2025,CLI-1148,Fixed Income,122533.91,30.78,30.78,2,0,Settled
TRD-105703,22-01-2025,CLI-1143,FX Options,536521.86,148.58,148.58,1,0,Settled
TRD-105704,21-06-2025,CLI-1137,Fixed Income,669807.56,298.47,298.47,1,0,Settled
TRD-105705,14-05-2025,CLI-1090,OTC Derivatives,76806.41,18.38,25.49,2,0,Settled
TRD-105706,25-01-2025,CLI-1016,FX Options,172159.38,60.95,60.95,1,0,Settled
TRD-105707,04-07-2025,CLI-1124,Fixed Income,135049.78,25.03,25.03,4,0,Settled
TRD-105708,26-03-2025,CLI-1009,Fixed Income,248900.68,50.04,50.04,1,0,Settled
TRD-105709,24-02-2025,CLI-1016,Equities,730787.05,262.62,262.62,2,0,Settled
TRD-105710,08-09-2025,CLI-1101,Equities,635371.68,257.28,257.28,0,0,Settled
TRD-105711,24-05-2025,CLI-1031,Equities,553130.31,157.56,157.56,1,0,Settled
TRD-105712,17-12-2025,CLI-1145,Equities,13152.69,3.08,3.08,0,0,Settled
TRD-105713,16-06-2025,CLI-1045,Equities,86659.11,40.22,40.22,2,0,Settled
TRD-105714,12-08-2025,CLI-1045,Equities,136348.97,21.04,21.04,2,0,Settled
TRD-105715,08-08-2025,CLI-1113,Equities,168696.79,65.5,65.5,3,0,Settled
TRD-105716,28-06-2025,CLI-1129,Fixed Income,89161.84,33.53,33.53,1,0,Settled
TRD-105717,29-04-2025,CLI-1102,Equities,274083.86,103.08,103.08,1,0,Settled
TRD-105718,22-09-2025,CLI-1026,Equities,49078.39,23.27,23.27,1,0,Settled
TRD-105719,30-05-2025,CLI-1135,Fixed Income,703191.56,275.14,275.14,0,0,Settled
TRD-105720,03-08-2025,CLI-1106,Fixed Income,784926.41,173.18,173.18,0,0,Settled
TRD-105721,16-07-2025,CLI-1091,Fixed Income,436971.08,105.47,105.47,0,0,Settled
TRD-105722,11-02-2025,CLI-1120,Fixed Income,56993.21,14.62,14.62,1,0,Settled
TRD-105723,22-02-2025,CLI-1027,OTC Derivatives,1114015.64,125.13,125.13,2,0,Settled
TRD-105724,26-11-2025,CLI-1055,Fixed Income,1695370.39,789.03,789.03,1,0,Settled
TRD-105725,08-09-2025,CLI-1048,Fixed Income,123051.19,15.93,15.93,2,0,Settled
TRD-105726,22-10-2025,CLI-1068,FX Options,619779.86,235.47,235.47,3,0,Settled
TRD-105727,28-09-2025,CLI-1093,OTC Derivatives,932385.95,365.56,365.56,0,0,Settled
TRD-105728,03-05-2025,CLI-1106,Fixed Income,398094.34,174.16,174.16,1,0,Settled
TRD-105729,05-12-2025,CLI-1090,Fixed Income,205280.69,65.97,65.97,1,0,Settled
TRD-105730,23-09-2025,CLI-1088,Equities,335579.3,130.91,130.91,2,0,Settled
TRD-105731,14-12-2025,CLI-1011,Fixed Income,368995.37,81.58,81.58,1,0,Settled
TRD-105732,29-01-2025,CLI-1003,FX Options,265943.96,105.91,105.91,0,0,Settled
TRD-105733,04-02-2025,CLI-1056,Fixed Income,1338506.24,317.72,317.72,3,0,Settled
TRD-105734,06-01-2025,CLI-1033,FX Options,691060.67,318.67,318.67,1,0,Settled
TRD-105735,21-04-2025,CLI-1049,Fixed Income,148075.5,24.48,24.48,1,0,Settled
TRD-105736,21-10-2025,CLI-1023,FX Options,450410.14,101.93,101.93,1,0,Settled
TRD-105737,18-03-2025,CLI-1121,Fixed Income,593481.68,177.75,177.75,1,1,Custodian Delay
TRD-105738,15-12-2025,CLI-1016,Equities,85502.4,35.09,35.09,1,1,SSI Mismatch
TRD-105739,27-05-2025,CLI-1031,Fixed Income,231915.17,92.65,92.65,1,0,Settled
TRD-105740,08-03-2025,CLI-1115,Equities,1189833.25,219.27,219.27,2,0,Settled
TRD-105741,08-01-2025,CLI-1053,Equities,428708.7,67.6,67.6,2,1,Margin Breach
TRD-105742,02-05-2025,CLI-1059,OTC Derivatives,132309.85,29.32,29.32,1,0,Settled
TRD-105743,06-12-2025,CLI-1054,Equities,75501.47,22.16,22.16,1,0,Settled
TRD-105744,24-06-2025,CLI-1107,OTC Derivatives,375141,118.4,118.4,1,0,Settled
TRD-105745,28-06-2025,CLI-1133,Equities,406689.02,110.48,110.48,0,0,Settled
TRD-105746,26-03-2025,CLI-1129,Equities,213544.05,77.99,77.99,1,0,Settled
TRD-105747,14-02-2025,CLI-1122,FX Options,507688.65,137.6,137.6,1,0,Settled
TRD-105748,16-05-2025,CLI-1143,Equities,45578.69,21.81,21.81,2,0,Settled
TRD-105749,09-12-2025,CLI-1108,Fixed Income,88408.6,18.07,18.07,0,0,Settled
TRD-105750,16-01-2025,CLI-1123,Fixed Income,405130.7,142.18,142.18,0,0,Settled
TRD-105751,29-11-2025,CLI-1090,Fixed Income,41904.43,14.44,14.44,0,0,Settled
TRD-105752,14-07-2025,CLI-1067,FX Options,1073932.7,228.35,228.35,0,0,Settled
TRD-105753,09-01-2025,CLI-1079,Fixed Income,86660.89,22.94,22.94,1,0,Settled
TRD-105754,12-11-2025,CLI-1022,Fixed Income,570306.07,140.4,140.4,1,0,Settled
TRD-105755,30-11-2025,CLI-1046,OTC Derivatives,258135.56,43.62,43.62,1,0,Settled
TRD-105756,29-11-2025,CLI-1108,Equities,265235.97,77.16,77.16,2,0,Settled
TRD-105757,23-11-2025,CLI-1009,Fixed Income,733849.89,186.89,186.89,0,0,Settled
TRD-105758,15-01-2025,CLI-1081,FX Options,356036.01,61,80.01,1,0,Settled
TRD-105759,23-11-2025,CLI-1084,Fixed Income,656685.27,183.84,183.84,4,1,Custodian Delay
TRD-105760,12-04-2025,CLI-1058,OTC Derivatives,361791.96,97.23,130.8,0,0,Settled
TRD-105761,14-08-2025,CLI-1089,Fixed Income,459354.77,70.07,70.07,1,0,Settled
TRD-105762,05-10-2025,CLI-1015,OTC Derivatives,725049.21,110.55,110.55,1,1,SSI Mismatch
TRD-105763,23-04-2025,CLI-1018,FX Options,477365.79,171.38,171.38,1,0,Settled
TRD-105764,01-01-2025,CLI-1020,Equities,488055.45,186.75,186.75,1,0,Settled
TRD-105765,23-09-2025,CLI-1038,Equities,788469.2,375.68,375.68,2,0,Settled
TRD-105766,27-07-2025,CLI-1036,Fixed Income,1498816.68,202.04,202.04,2,1,System Lag
TRD-105767,20-04-2025,CLI-1020,OTC Derivatives,246376.63,36.25,36.25,1,0,Settled
TRD-105768,19-07-2025,CLI-1140,Equities,440330.05,53.16,53.16,0,1,SSI Mismatch
TRD-105769,02-11-2025,CLI-1000,Equities,55111.81,17.24,17.24,0,0,Settled
TRD-105770,12-01-2025,CLI-1034,Equities,232209.96,81.06,81.06,1,0,Settled
TRD-105771,11-12-2025,CLI-1096,FX Options,275556.03,72.03,72.03,0,0,Settled
TRD-105772,07-07-2025,CLI-1136,Fixed Income,911624.56,382.12,382.12,1,0,Settled
TRD-105773,03-06-2025,CLI-1094,Fixed Income,370148.62,138.69,138.69,1,0,Settled
TRD-105774,30-11-2025,CLI-1085,Equities,666645.34,329.55,329.55,0,0,Settled
TRD-105775,06-10-2025,CLI-1118,Equities,19595.18,3.04,3.04,1,0,Settled
TRD-105776,20-06-2025,CLI-1056,Equities,322270.35,39.74,39.74,3,0,Settled
TRD-105777,14-05-2025,CLI-1133,Equities,1167924.66,245.17,245.17,2,0,Settled
TRD-105778,25-01-2025,CLI-1047,FX Options,137003.68,14.74,14.74,2,1,Margin Breach
TRD-105779,18-01-2025,CLI-1058,FX Options,26014.85,12.31,12.31,1,0,Settled
TRD-105780,09-07-2025,CLI-1090,Equities,294058.55,65.16,65.16,0,0,Settled
TRD-105781,21-05-2025,CLI-1086,Equities,619427.87,198.82,198.82,1,0,Settled
TRD-105782,12-02-2025,CLI-1093,Equities,312992.79,71.12,71.12,2,0,Settled
TRD-105783,30-11-2025,CLI-1083,Fixed Income,318072.99,63.08,63.08,1,0,Settled
TRD-105784,11-10-2025,CLI-1114,Equities,564036.01,90.78,90.78,1,0,Settled
TRD-105785,26-05-2025,CLI-1149,Equities,156775.5,35.77,35.77,1,0,Settled
TRD-105786,11-11-2025,CLI-1148,Equities,706941.12,244.72,244.72,2,0,Settled
TRD-105787,15-11-2025,CLI-1142,OTC Derivatives,93094.32,45.49,45.49,0,1,Custodian Delay
TRD-105788,02-04-2025,CLI-1105,OTC Derivatives,261884.13,84.65,84.65,0,0,Settled
TRD-105789,28-06-2025,CLI-1118,Fixed Income,543568.6,170.18,170.18,2,0,Settled
TRD-105790,25-02-2025,CLI-1078,Equities,891204.25,101.69,125.3,2,1,Margin Breach
TRD-105791,04-06-2025,CLI-1078,FX Options,793982.64,346.21,346.21,1,0,Settled
TRD-105792,09-06-2025,CLI-1040,FX Options,649501.93,76.6,76.6,0,0,Settled
TRD-105793,21-04-2025,CLI-1083,Equities,232438.1,107.5,107.5,2,0,Settled
TRD-105794,17-05-2025,CLI-1021,Equities,75227.67,23.73,23.73,0,0,Settled
TRD-105795,20-08-2025,CLI-1118,Fixed Income,132205.44,22.13,22.13,1,1,Custodian Delay
TRD-105796,08-08-2025,CLI-1091,Equities,1010625.13,283.67,283.67,3,0,Settled
TRD-105797,09-03-2025,CLI-1090,Fixed Income,983615.31,489.83,489.83,0,0,Settled
TRD-105798,29-10-2025,CLI-1137,Fixed Income,1523723.48,338.32,338.32,3,1,Custodian Delay
TRD-105799,06-09-2025,CLI-1122,Fixed Income,49515.46,10.29,10.29,1,0,Settled
TRD-105800,19-11-2025,CLI-1146,Equities,394807.98,58.12,70.13,0,0,Settled
TRD-105801,06-01-2025,CLI-1090,Fixed Income,533033.23,180.62,225.63,2,0,Settled
TRD-105802,07-10-2025,CLI-1087,FX Options,630071.87,85.49,85.49,1,1,SSI Mismatch
TRD-105803,04-04-2025,CLI-1042,Equities,526220.23,213.86,213.86,1,0,Settled
TRD-105804,26-09-2025,CLI-1064,Fixed Income,744862.75,348.36,348.36,0,0,Settled
TRD-105805,16-07-2025,CLI-1026,Equities,232730.89,110.02,110.02,3,0,Settled
TRD-105806,25-01-2025,CLI-1135,Equities,108879.72,15.59,15.59,1,0,Settled
TRD-105807,28-05-2025,CLI-1080,Fixed Income,124444.62,40.23,40.23,2,0,Settled
TRD-105808,28-04-2025,CLI-1027,Equities,16025.51,2.23,2.23,0,0,Settled
TRD-105809,04-12-2025,CLI-1043,Equities,225639.11,74.19,74.19,1,0,Settled
TRD-105810,04-12-2025,CLI-1106,Equities,58114.53,24.76,24.76,2,0,Settled
TRD-105811,07-03-2025,CLI-1107,Fixed Income,203927.07,64.26,64.26,2,0,Settled
TRD-105812,28-10-2025,CLI-1007,OTC Derivatives,504713.15,226.53,226.53,1,0,Settled
TRD-105813,24-06-2025,CLI-1127,Equities,1134418.17,477.22,477.22,2,0,Settled
TRD-105814,15-11-2025,CLI-1001,Fixed Income,925059.28,194.84,194.84,1,0,Settled
TRD-105815,17-03-2025,CLI-1110,Equities,155627.03,54.79,75.42,2,0,Settled
TRD-105816,24-04-2025,CLI-1145,Fixed Income,81983.19,8.44,8.44,1,0,Settled
TRD-105817,21-04-2025,CLI-1124,Fixed Income,117260.59,30.3,30.3,1,0,Settled
TRD-105818,06-09-2025,CLI-1041,Fixed Income,1779999.64,347.43,347.43,1,0,Settled
TRD-105819,22-07-2025,CLI-1003,FX Options,408670.28,194.06,194.06,0,0,Settled
TRD-105820,27-05-2025,CLI-1063,FX Options,110753.55,29.03,29.03,3,1,Margin Breach
TRD-105821,04-02-2025,CLI-1089,Equities,928627.92,335.82,335.82,0,1,System Lag
TRD-105822,05-11-2025,CLI-1009,OTC Derivatives,261421.49,102.68,118.25,1,0,Settled
TRD-105823,26-01-2025,CLI-1121,Equities,1157418.35,473.71,473.71,2,0,Settled
TRD-105824,26-08-2025,CLI-1107,FX Options,161010.27,63.49,63.49,0,1,Margin Breach
TRD-105825,14-01-2025,CLI-1087,Equities,259795.95,56.03,56.03,2,0,Settled
TRD-105826,14-02-2025,CLI-1114,Equities,361546,135.37,135.37,0,0,Settled
TRD-105827,04-08-2025,CLI-1094,Equities,1125668.94,359.77,359.77,1,0,Settled
TRD-105828,21-08-2025,CLI-1009,Equities,1025354,347.54,347.54,1,0,Settled
TRD-105829,12-07-2025,CLI-1119,OTC Derivatives,437074.89,43.85,43.85,1,0,Settled
TRD-105830,20-02-2025,CLI-1107,FX Options,135370.12,27.52,27.52,3,0,Settled
TRD-105831,02-08-2025,CLI-1036,Fixed Income,268218.14,126.67,126.67,0,0,Settled
TRD-105832,31-05-2025,CLI-1002,OTC Derivatives,1867264.1,403.39,403.39,1,0,Settled
TRD-105833,02-10-2025,CLI-1112,OTC Derivatives,477957.55,131.54,131.54,1,0,Settled
TRD-105834,04-12-2025,CLI-1014,Equities,769565.01,134.42,134.42,1,1,SSI Mismatch
TRD-105835,17-03-2025,CLI-1136,Equities,308795.51,48,48,1,0,Settled
TRD-105836,08-08-2025,CLI-1116,Equities,389651.26,71.49,71.49,5,0,Settled
TRD-105837,14-12-2025,CLI-1066,Equities,290142.85,93.27,93.27,1,0,Settled
TRD-105838,06-07-2025,CLI-1003,Equities,616878.59,288.46,349.47,0,0,Settled
TRD-105839,16-10-2025,CLI-1028,Equities,963487.57,222.06,222.06,1,0,Settled
TRD-105840,28-01-2025,CLI-1030,Equities,363991.89,83.49,83.49,0,0,Settled
TRD-105841,29-06-2025,CLI-1021,Equities,337798.03,110.01,110.01,5,1,Custodian Delay
TRD-105842,10-09-2025,CLI-1103,FX Options,217974.79,52.9,52.9,2,1,System Lag
TRD-105843,06-05-2025,CLI-1081,Equities,107458.29,49.88,49.88,5,0,Settled
TRD-105844,26-06-2025,CLI-1123,Fixed Income,1410475.36,354.23,354.23,1,1,Custodian Delay
TRD-105845,06-02-2025,CLI-1139,Fixed Income,199956.96,59.22,59.22,1,0,Settled
TRD-105846,09-04-2025,CLI-1021,Fixed Income,816450.61,255.84,255.84,1,1,System Lag
TRD-105847,08-04-2025,CLI-1104,Equities,638242.23,263.48,263.48,2,0,Settled
TRD-105848,07-05-2025,CLI-1127,Equities,792513.42,258.01,258.01,1,0,Settled
TRD-105849,17-06-2025,CLI-1089,Equities,1390473.44,272.06,272.06,2,0,Settled
TRD-105850,21-03-2025,CLI-1008,Equities,498247.01,74.54,74.54,3,1,SSI Mismatch
TRD-105851,21-10-2025,CLI-1101,Equities,1151147.88,546.92,546.92,0,0,Settled
TRD-105852,29-11-2025,CLI-1098,Fixed Income,101779.55,42.81,42.81,1,0,Settled
TRD-105853,06-05-2025,CLI-1052,Fixed Income,502703.29,54.89,64.15,1,0,Settled
TRD-105854,09-12-2025,CLI-1104,Fixed Income,749809.6,321.38,321.38,2,0,Settled
TRD-105855,06-11-2025,CLI-1066,Fixed Income,168480.7,56.65,56.65,0,0,Settled
TRD-105856,30-05-2025,CLI-1093,Equities,684988.55,210.67,210.67,1,0,Settled
TRD-105857,16-01-2025,CLI-1057,OTC Derivatives,763614.04,80.1,80.1,1,1,SSI Mismatch
TRD-105858,28-01-2025,CLI-1128,Equities,899484.67,370.9,370.9,1,0,Settled
TRD-105859,22-06-2025,CLI-1008,OTC Derivatives,197625.28,35.42,35.42,1,1,SSI Mismatch
TRD-105860,15-02-2025,CLI-1121,OTC Derivatives,582233.76,227.77,227.77,3,1,System Lag
TRD-105861,24-11-2025,CLI-1048,Fixed Income,191384.8,20.35,20.35,2,0,Settled
TRD-105862,24-08-2025,CLI-1067,Equities,681694.81,285.32,361.31,0,0,Settled
TRD-105863,02-08-2025,CLI-1087,Fixed Income,320854.07,35.04,35.04,0,1,Custodian Delay
TRD-105864,26-03-2025,CLI-1107,Equities,465085.22,90.39,90.39,0,0,Settled
TRD-105865,09-10-2025,CLI-1076,Equities,278790.16,57.8,57.8,3,0,Settled
TRD-105866,20-08-2025,CLI-1146,Equities,98358.4,16.03,16.03,1,0,Settled
TRD-105867,26-03-2025,CLI-1080,Equities,108025.4,31.59,31.59,1,0,Settled
TRD-105868,06-03-2025,CLI-1019,Fixed Income,50371.3,10.75,10.75,0,1,Margin Breach
TRD-105869,14-05-2025,CLI-1014,OTC Derivatives,491262.47,244.31,244.31,1,0,Settled
TRD-105870,31-05-2025,CLI-1096,Equities,954041.79,316.73,316.73,0,0,Settled
TRD-105871,25-04-2025,CLI-1148,FX Options,20528.49,6.7,6.7,0,0,Settled
TRD-105872,05-03-2025,CLI-1053,FX Options,44267.65,8.34,8.34,0,0,Settled
TRD-105873,09-12-2025,CLI-1125,FX Options,315753.18,83.19,83.19,1,0,Settled
TRD-105874,29-12-2025,CLI-1137,OTC Derivatives,679172.73,101.6,101.6,0,0,Settled
TRD-105875,18-12-2025,CLI-1000,Equities,95814.05,38.81,38.81,0,0,Settled
TRD-105876,07-06-2025,CLI-1031,Equities,168487.69,39.17,39.17,0,0,Settled
TRD-105877,18-03-2025,CLI-1013,Fixed Income,141986.81,56.91,56.91,1,0,Settled
TRD-105878,26-05-2025,CLI-1027,Fixed Income,264622.79,65.81,65.81,0,0,Settled
TRD-105879,09-12-2025,CLI-1051,OTC Derivatives,137445.27,68.1,68.1,1,0,Settled
TRD-105880,13-08-2025,CLI-1123,FX Options,227394.45,38.3,38.3,1,0,Settled
TRD-105881,09-11-2025,CLI-1014,Fixed Income,661975.03,66.6,66.6,4,0,Settled
TRD-105882,13-04-2025,CLI-1113,Equities,482099.86,162.92,162.92,2,0,Settled
TRD-105883,13-12-2025,CLI-1128,Equities,52333.45,25.18,25.18,0,0,Settled
TRD-105884,28-10-2025,CLI-1131,Equities,517704.37,185.76,185.76,0,0,Settled
TRD-105885,29-03-2025,CLI-1026,Fixed Income,334160.69,44.87,44.87,1,0,Settled
TRD-105886,30-10-2025,CLI-1050,Fixed Income,1373353.39,434.24,434.24,1,0,Settled
TRD-105887,17-06-2025,CLI-1106,OTC Derivatives,180755.48,83.83,83.83,3,1,Custodian Delay
TRD-105888,19-06-2025,CLI-1087,Fixed Income,657617.36,67.47,67.47,1,0,Settled
TRD-105889,15-05-2025,CLI-1102,FX Options,666263.32,111.11,111.11,0,0,Settled
TRD-105890,19-02-2025,CLI-1134,Fixed Income,135193.65,57.57,57.57,2,0,Settled
TRD-105891,06-12-2025,CLI-1058,OTC Derivatives,1177676.19,538.86,538.86,1,0,Settled
TRD-105892,13-12-2025,CLI-1105,Equities,347833.62,133.17,133.17,0,0,Settled
TRD-105893,14-05-2025,CLI-1065,OTC Derivatives,577975.44,287.04,287.04,1,0,Settled
TRD-105894,13-12-2025,CLI-1105,Fixed Income,88827.48,12.09,12.09,2,1,Margin Breach
TRD-105895,17-05-2025,CLI-1058,Equities,159070.9,50.63,50.63,0,0,Settled
TRD-105896,02-09-2025,CLI-1080,Equities,451074.04,168.7,168.7,1,0,Settled
TRD-105897,19-04-2025,CLI-1083,FX Options,202116.51,77.02,77.02,0,0,Settled
TRD-105898,09-11-2025,CLI-1069,Equities,356266.6,148.7,148.7,0,0,Settled
TRD-105899,14-10-2025,CLI-1125,Fixed Income,244206.61,114.06,143.44,0,0,Settled
TRD-105900,21-01-2025,CLI-1127,Equities,521595.38,127.61,127.61,0,0,Settled
TRD-105901,31-03-2025,CLI-1116,Fixed Income,343881.42,40.3,40.3,0,0,Settled
TRD-105902,23-10-2025,CLI-1048,OTC Derivatives,12310.3,3.02,3.02,1,0,Settled
TRD-105903,22-04-2025,CLI-1005,Equities,534455.32,197.02,197.02,1,1,SSI Mismatch
TRD-105904,28-10-2025,CLI-1109,Fixed Income,284195.87,52.68,52.68,3,0,Settled
TRD-105905,18-03-2025,CLI-1006,FX Options,219046,92.87,92.87,0,0,Settled
TRD-105906,26-06-2025,CLI-1101,OTC Derivatives,59438.98,11.17,11.17,2,0,Settled
TRD-105907,09-12-2025,CLI-1069,OTC Derivatives,134467.72,13.99,13.99,0,0,Settled
TRD-105908,28-05-2025,CLI-1097,Fixed Income,136654.68,41.44,54.84,1,0,Settled
TRD-105909,11-04-2025,CLI-1128,Equities,1379534.42,538.82,538.82,2,0,Settled
TRD-105910,03-09-2025,CLI-1021,Fixed Income,293268.7,70.34,84.18,2,0,Settled
TRD-105911,27-04-2025,CLI-1041,OTC Derivatives,31488.12,12.58,12.58,1,0,Settled
TRD-105912,02-04-2025,CLI-1083,Equities,84723.94,23.33,23.33,1,1,Custodian Delay
TRD-105913,28-01-2025,CLI-1031,Equities,51165.36,8.63,8.63,2,0,Settled
TRD-105914,25-01-2025,CLI-1031,Equities,454422.16,61.9,61.9,0,0,Settled
TRD-105915,27-02-2025,CLI-1005,Fixed Income,113279.35,43.53,43.53,1,1,SSI Mismatch
TRD-105916,24-10-2025,CLI-1133,OTC Derivatives,355133.31,90.31,90.31,1,1,SSI Mismatch
TRD-105917,14-05-2025,CLI-1107,Equities,241066.99,112.12,112.12,2,0,Settled
TRD-105918,27-11-2025,CLI-1138,Fixed Income,824505.04,260.63,260.63,1,0,Settled
TRD-105919,06-09-2025,CLI-1128,FX Options,203191.4,48.64,48.64,3,0,Settled
TRD-105920,07-02-2025,CLI-1090,Equities,316489.61,75.83,75.83,3,0,Settled
TRD-105921,16-03-2025,CLI-1076,Fixed Income,648783.75,98.99,98.99,2,0,Settled
TRD-105922,22-05-2025,CLI-1105,FX Options,294007.79,99.23,99.23,1,0,Settled
TRD-105923,18-11-2025,CLI-1114,FX Options,798039.13,265.64,371.76,2,0,Settled
TRD-105924,17-06-2025,CLI-1092,Equities,551887.98,231.79,231.79,1,0,Settled
TRD-105925,16-09-2025,CLI-1089,Equities,274264.97,49.5,49.5,1,0,Settled
TRD-105926,21-12-2025,CLI-1103,Equities,360571.46,78,78,0,0,Settled
TRD-105927,13-08-2025,CLI-1095,OTC Derivatives,1718716.07,238.72,238.72,2,1,Custodian Delay
TRD-105928,01-06-2025,CLI-1059,OTC Derivatives,551780.31,120.36,120.36,0,0,Settled
TRD-105929,19-01-2025,CLI-1087,Fixed Income,1186914.07,321.94,321.94,3,0,Settled
TRD-105930,26-05-2025,CLI-1130,Equities,108469.03,52.67,52.67,2,0,Settled
TRD-105931,29-08-2025,CLI-1012,Equities,340084.65,122.85,122.85,1,0,Settled
TRD-105932,10-12-2025,CLI-1138,Fixed Income,1206592.38,498.5,498.5,2,0,Settled
TRD-105933,25-08-2025,CLI-1056,Fixed Income,204755.57,47.14,47.14,2,1,Custodian Delay
TRD-105934,04-02-2025,CLI-1118,OTC Derivatives,1725790.12,272.34,272.34,4,0,Settled
TRD-105935,09-07-2025,CLI-1031,Fixed Income,61059.27,12.38,12.38,2,1,System Lag
TRD-105936,01-01-2025,CLI-1012,Equities,1174830.02,238.01,238.01,5,0,Settled
TRD-105937,02-06-2025,CLI-1016,Equities,304584.72,101.5,101.5,2,0,Settled
TRD-105938,06-05-2025,CLI-1065,Equities,48302.4,11.43,11.43,1,0,Settled
TRD-105939,11-12-2025,CLI-1148,Equities,1068142.37,473.14,558.43,1,0,Settled
TRD-105940,14-08-2025,CLI-1069,Equities,155136.19,76.86,76.86,0,0,Settled
TRD-105941,09-08-2025,CLI-1093,Equities,21250.7,5.04,5.04,0,0,Settled
TRD-105942,30-07-2025,CLI-1142,Equities,82979.64,31.7,31.7,1,0,Settled
TRD-105943,25-01-2025,CLI-1142,Equities,548104.67,198.96,198.96,1,0,Settled
TRD-105944,16-01-2025,CLI-1108,OTC Derivatives,1914090.33,340.3,340.3,1,0,Settled
TRD-105945,01-07-2025,CLI-1110,Equities,69089.01,32.28,32.28,0,0,Settled
TRD-105946,25-11-2025,CLI-1008,Fixed Income,319900.08,57.51,57.51,1,0,Settled
TRD-105947,09-05-2025,CLI-1075,OTC Derivatives,109613.76,43.27,43.27,0,0,Settled
TRD-105948,11-02-2025,CLI-1070,Fixed Income,693317.51,165.73,165.73,1,0,Settled
TRD-105949,02-12-2025,CLI-1087,FX Options,72815,17.97,17.97,0,0,Settled
TRD-105950,24-08-2025,CLI-1020,Equities,147114.32,41.51,41.51,1,0,Settled
TRD-105951,26-12-2025,CLI-1136,OTC Derivatives,119330.54,53.2,53.2,0,0,Settled
TRD-105952,03-02-2025,CLI-1065,FX Options,412061.47,64.32,64.32,1,0,Settled
TRD-105953,11-12-2025,CLI-1070,OTC Derivatives,1042509.39,127.01,127.01,0,0,Settled
TRD-105954,14-02-2025,CLI-1001,Equities,367788.63,95.93,95.93,2,0,Settled
TRD-105955,14-05-2025,CLI-1055,Equities,40004.24,4.89,4.89,1,1,Custodian Delay
TRD-105956,21-01-2025,CLI-1011,Equities,424356.24,159.15,189.03,1,0,Settled
TRD-105957,02-05-2025,CLI-1116,Fixed Income,808559.55,326.76,326.76,2,1,Margin Breach
TRD-105958,11-03-2025,CLI-1055,OTC Derivatives,80871.77,35.74,35.74,0,0,Settled
TRD-105959,18-12-2025,CLI-1098,Equities,47745.12,18.98,18.98,1,0,Settled
TRD-105960,27-12-2025,CLI-1070,Fixed Income,114009.12,53.19,53.19,1,0,Settled
TRD-105961,17-02-2025,CLI-1010,Fixed Income,695380.46,277.68,277.68,3,0,Settled
TRD-105962,08-02-2025,CLI-1130,Fixed Income,457852.56,217.22,217.22,2,0,Settled
TRD-105963,14-10-2025,CLI-1084,OTC Derivatives,398911.18,70.7,70.7,1,0,Settled
TRD-105964,10-01-2025,CLI-1146,OTC Derivatives,153494.42,46.04,46.04,0,0,Settled
TRD-105965,30-01-2025,CLI-1134,Equities,211910.68,105.44,105.44,0,0,Settled
TRD-105966,01-09-2025,CLI-1106,Fixed Income,1699009.24,633.1,744.08,1,0,Settled
TRD-105967,01-10-2025,CLI-1138,Equities,147629.93,66.65,66.65,0,0,Settled
TRD-105968,29-03-2025,CLI-1062,Fixed Income,1169588.1,131.18,131.18,3,1,Custodian Delay
TRD-105969,01-09-2025,CLI-1102,FX Options,444383.43,199.4,199.4,1,0,Settled
TRD-105970,25-11-2025,CLI-1044,OTC Derivatives,75793.19,28.73,28.73,1,0,Settled
TRD-105971,15-01-2025,CLI-1127,Fixed Income,324910.05,54.68,54.68,1,1,SSI Mismatch
TRD-105972,04-01-2025,CLI-1027,Equities,1493559.94,164.7,164.7,2,0,Settled
TRD-105973,10-07-2025,CLI-1102,Equities,281128.56,57.34,57.34,0,0,Settled
TRD-105974,17-06-2025,CLI-1115,Fixed Income,1005299.99,468.78,468.78,2,0,Settled
TRD-105975,09-01-2025,CLI-1056,Equities,158145.31,58.08,58.08,2,1,System Lag
TRD-105976,19-04-2025,CLI-1051,Fixed Income,433058.46,202.58,202.58,0,0,Settled
TRD-105977,17-05-2025,CLI-1003,Equities,938475.69,261.33,261.33,1,0,Settled
TRD-105978,03-06-2025,CLI-1144,Equities,1277185.7,606.22,606.22,0,0,Settled
TRD-105979,28-07-2025,CLI-1034,Equities,342594.21,97.7,97.7,1,0,Settled
TRD-105980,29-09-2025,CLI-1041,FX Options,520392.62,94.56,94.56,0,0,Settled
TRD-105981,23-05-2025,CLI-1063,OTC Derivatives,11492.29,1.85,1.85,2,0,Settled
TRD-105982,09-04-2025,CLI-1144,Equities,155994.54,77.61,77.61,0,0,Settled
TRD-105983,04-11-2025,CLI-1097,Equities,173358.46,40.49,40.49,0,0,Settled
TRD-105984,10-03-2025,CLI-1134,Fixed Income,59078.27,9.69,9.69,0,0,Settled
TRD-105985,04-09-2025,CLI-1064,Equities,174040.28,17.99,17.99,0,0,Settled
TRD-105986,18-09-2025,CLI-1127,Fixed Income,203656.95,43.63,43.63,1,0,Settled
TRD-105987,03-10-2025,CLI-1051,OTC Derivatives,1743124.65,794.25,1054.68,3,0,Settled
TRD-105988,20-03-2025,CLI-1115,Fixed Income,562218.18,176.31,176.31,2,0,Settled
TRD-105989,26-05-2025,CLI-1143,Fixed Income,287567.37,101.5,101.5,1,0,Settled
TRD-105990,21-04-2025,CLI-1085,Fixed Income,2223698.68,1042.82,1042.82,1,0,Settled
TRD-105991,15-09-2025,CLI-1121,FX Options,93164.45,28.43,28.43,2,0,Settled
TRD-105992,03-04-2025,CLI-1026,FX Options,333180.65,145.04,145.04,1,0,Settled
TRD-105993,13-01-2025,CLI-1017,Fixed Income,530731.73,121.82,121.82,2,0,Settled
TRD-105994,17-09-2025,CLI-1062,Equities,38592.48,18.94,18.94,0,0,Settled
TRD-105995,19-04-2025,CLI-1079,Fixed Income,641152.17,84.33,84.33,2,0,Settled
TRD-105996,26-11-2025,CLI-1114,Equities,62606.57,24.41,24.41,1,0,Settled
TRD-105997,08-07-2025,CLI-1149,Fixed Income,85575.6,31.17,31.17,1,1,Margin Breach
TRD-105998,05-04-2025,CLI-1000,Fixed Income,96991.91,17.14,17.14,1,0,Settled
TRD-105999,15-04-2025,CLI-1085,Equities,1331762.43,340.32,340.32,0,0,Settled
TRD-106000,08-01-2025,CLI-1026,Equities,584798.41,131.66,131.66,0,0,Settled
TRD-106001,08-03-2025,CLI-1101,Fixed Income,542725.38,74.79,74.79,1,0,Settled
TRD-106002,10-07-2025,CLI-1082,OTC Derivatives,415395.3,138.71,138.71,3,0,Settled
TRD-106003,13-09-2025,CLI-1032,Fixed Income,183225.13,91.15,110.94,1,0,Settled
TRD-106004,09-01-2025,CLI-1124,Fixed Income,494964.05,160.29,160.29,2,0,Settled
TRD-106005,27-04-2025,CLI-1005,Equities,273943.27,87.14,87.14,2,0,Settled
TRD-106006,24-09-2025,CLI-1092,Fixed Income,88570.33,10.29,10.29,0,0,Settled
TRD-106007,09-04-2025,CLI-1059,Fixed Income,594942.38,92.63,92.63,1,0,Settled
TRD-106008,25-10-2025,CLI-1014,Fixed Income,79390.96,24.24,24.24,0,0,Settled
TRD-106009,13-06-2025,CLI-1037,Equities,115773.39,57.2,57.2,4,1,System Lag
TRD-106010,21-05-2025,CLI-1142,Fixed Income,861048.91,388.03,388.03,1,0,Settled
TRD-106011,25-09-2025,CLI-1113,Equities,549577.06,129.75,129.75,1,0,Settled
TRD-106012,06-02-2025,CLI-1147,Equities,508467.33,161.29,161.29,1,0,Settled
TRD-106013,15-03-2025,CLI-1074,FX Options,280816.66,90.16,90.16,0,0,Settled
TRD-106014,14-03-2025,CLI-1143,Equities,262322.81,98.15,98.15,2,1,SSI Mismatch
TRD-106015,04-11-2025,CLI-1018,Equities,596015.23,223.57,223.57,0,0,Settled
TRD-106016,18-07-2025,CLI-1088,Fixed Income,683547.48,284.3,284.3,1,0,Settled
TRD-106017,10-05-2025,CLI-1049,OTC Derivatives,366892.54,40.35,40.35,1,0,Settled
TRD-106018,03-09-2025,CLI-1033,Fixed Income,1751245.66,836.17,836.17,3,0,Settled
TRD-106019,08-11-2025,CLI-1102,OTC Derivatives,1568380.32,200.79,200.79,0,0,Settled
TRD-106020,01-03-2025,CLI-1112,OTC Derivatives,275879.51,80.13,80.13,3,0,Settled
TRD-106021,06-10-2025,CLI-1031,Equities,869130.69,406.61,406.61,2,1,Custodian Delay
TRD-106022,13-04-2025,CLI-1120,Equities,401829.07,118.57,138.02,2,1,System Lag
TRD-106023,23-10-2025,CLI-1130,Equities,368469.88,46.23,46.23,2,1,Margin Breach
TRD-106024,16-11-2025,CLI-1140,OTC Derivatives,38266.16,7.34,7.34,1,0,Settled
TRD-106025,07-12-2025,CLI-1086,Equities,436628.28,144.73,182.64,0,0,Settled
TRD-106026,31-05-2025,CLI-1011,Equities,1164190.58,157.33,194.18,0,0,Settled
TRD-106027,06-06-2025,CLI-1061,Fixed Income,767368.16,206.78,206.78,0,0,Settled
TRD-106028,25-07-2025,CLI-1023,Fixed Income,781631.17,181.05,181.05,2,0,Settled
TRD-106029,28-06-2025,CLI-1023,Fixed Income,97134.46,41.39,41.39,1,0,Settled
TRD-106030,16-07-2025,CLI-1014,Fixed Income,231933.65,33.41,41.38,1,0,Settled
TRD-106031,11-08-2025,CLI-1087,Equities,142767.84,53.27,53.27,0,0,Settled
TRD-106032,30-03-2025,CLI-1095,Fixed Income,199836.76,52.48,52.48,1,0,Settled
TRD-106033,14-10-2025,CLI-1115,Fixed Income,443202.18,148.52,148.52,0,0,Settled
TRD-106034,03-10-2025,CLI-1019,FX Options,236894.94,43.17,43.17,1,0,Settled
TRD-106035,24-08-2025,CLI-1020,Equities,421283.88,144.87,144.87,1,0,Settled
TRD-106036,02-07-2025,CLI-1139,OTC Derivatives,298572.86,110.35,133.92,0,0,Settled
TRD-106037,28-07-2025,CLI-1099,Fixed Income,178867.41,22.91,22.91,0,0,Settled
TRD-106038,10-05-2025,CLI-1107,Equities,60133.11,25.84,25.84,0,0,Settled
TRD-106039,02-06-2025,CLI-1084,OTC Derivatives,1122064.7,498.76,498.76,8,0,Settled
TRD-106040,13-01-2025,CLI-1082,Equities,15719.27,1.97,1.97,1,0,Settled
TRD-106041,02-05-2025,CLI-1146,FX Options,10826.93,3.69,3.69,2,0,Settled
TRD-106042,25-12-2025,CLI-1100,OTC Derivatives,886647.62,299.34,299.34,1,0,Settled
TRD-106043,08-08-2025,CLI-1001,Equities,2884014.59,302.77,302.77,0,0,Settled
TRD-106044,16-04-2025,CLI-1032,Equities,659330.11,156.22,179.76,2,1,SSI Mismatch
TRD-106045,11-03-2025,CLI-1009,Equities,17695.84,8.63,8.63,1,0,Settled
TRD-106046,14-07-2025,CLI-1031,Equities,138537.78,44.63,44.63,1,0,Settled
TRD-106047,05-07-2025,CLI-1093,Equities,1794619.3,849.37,849.37,2,1,System Lag
TRD-106048,09-04-2025,CLI-1124,Equities,836706.01,309.8,309.8,5,0,Settled
TRD-106049,23-03-2025,CLI-1013,Fixed Income,428277.7,47.69,47.69,1,0,Settled
TRD-106050,16-03-2025,CLI-1004,Equities,145157.35,19.03,19.03,0,0,Settled
TRD-106051,06-12-2025,CLI-1035,OTC Derivatives,17237.23,6.7,6.7,1,0,Settled
TRD-106052,11-07-2025,CLI-1076,OTC Derivatives,20541.07,6.61,6.61,1,0,Settled
TRD-106053,21-11-2025,CLI-1057,Fixed Income,483350.31,72.92,72.92,1,1,System Lag
TRD-106054,02-08-2025,CLI-1140,OTC Derivatives,21036.86,7.27,7.27,5,1,System Lag
TRD-106055,11-11-2025,CLI-1092,Equities,2538089.04,1076.44,1076.44,1,0,Settled
TRD-106056,14-11-2025,CLI-1087,Equities,111293.05,44.65,44.65,1,0,Settled
TRD-106057,24-05-2025,CLI-1145,Fixed Income,630158.26,125.06,125.06,2,0,Settled
TRD-106058,04-08-2025,CLI-1102,Fixed Income,94244.67,19.16,19.16,0,1,System Lag
TRD-106059,27-12-2025,CLI-1135,Fixed Income,398365.95,194.06,194.06,2,0,Settled
TRD-106060,20-11-2025,CLI-1077,OTC Derivatives,52023.14,23.67,23.67,3,0,Settled
TRD-106061,15-01-2025,CLI-1002,FX Options,737883.15,167.75,167.75,0,0,Settled
TRD-106062,05-08-2025,CLI-1069,Fixed Income,449643.32,193.18,193.18,1,0,Settled
TRD-106063,04-02-2025,CLI-1108,OTC Derivatives,55053.55,9.07,9.07,5,1,Custodian Delay
TRD-106064,02-07-2025,CLI-1126,Equities,953869.36,170.49,201.23,2,0,Settled
TRD-106065,27-09-2025,CLI-1016,Equities,405952.12,70.02,70.02,1,0,Settled
TRD-106066,24-12-2025,CLI-1050,OTC Derivatives,1282916.63,173.31,173.31,0,0,Settled
TRD-106067,10-04-2025,CLI-1056,Fixed Income,1252193.63,553.31,553.31,2,1,Margin Breach
TRD-106068,07-01-2025,CLI-1042,Fixed Income,1276048.12,423.04,423.04,0,0,Settled
TRD-106069,30-01-2025,CLI-1041,Equities,50488.56,10.28,10.28,1,0,Settled
TRD-106070,01-11-2025,CLI-1028,Fixed Income,74461.16,32.72,32.72,0,0,Settled
TRD-106071,24-05-2025,CLI-1085,Equities,2209314.23,930.25,930.25,0,0,Settled
TRD-106072,21-04-2025,CLI-1104,Fixed Income,344325.66,48.34,64.31,1,0,Settled
TRD-106073,20-08-2025,CLI-1059,Equities,146044.84,52.23,52.23,3,0,Settled
TRD-106074,28-06-2025,CLI-1077,Equities,744109.14,289.26,289.26,2,0,Settled
TRD-106075,13-03-2025,CLI-1083,Equities,163456.38,63.15,63.15,1,0,Settled
TRD-106076,29-07-2025,CLI-1130,Equities,659536.93,256.73,256.73,2,0,Settled
TRD-106077,08-08-2025,CLI-1080,OTC Derivatives,917879.93,154,154,4,0,Settled
TRD-106078,21-03-2025,CLI-1041,Equities,776848.48,175.59,175.59,1,0,Settled
TRD-106079,24-03-2025,CLI-1128,Equities,170135.56,74.46,74.46,0,0,Settled
TRD-106080,11-02-2025,CLI-1127,Fixed Income,266763.45,122.54,122.54,2,1,System Lag
TRD-106081,30-09-2025,CLI-1148,Fixed Income,276579.08,58.55,58.55,1,0,Settled
TRD-106082,10-07-2025,CLI-1066,Equities,347921.8,38,38,2,0,Settled
TRD-106083,22-06-2025,CLI-1046,Equities,101584.67,45.09,45.09,1,0,Settled
TRD-106084,07-01-2025,CLI-1088,FX Options,311169.06,78.05,78.05,1,1,Margin Breach
TRD-106085,04-06-2025,CLI-1105,Fixed Income,367474.55,85.18,107.95,3,1,System Lag
TRD-106086,10-01-2025,CLI-1107,Equities,389332.69,92.97,92.97,1,1,Custodian Delay
TRD-106087,03-02-2025,CLI-1058,Fixed Income,867122.71,230.9,230.9,0,0,Settled
TRD-106088,05-02-2025,CLI-1128,Equities,374215.7,94.04,94.04,0,0,Settled
TRD-106089,06-01-2025,CLI-1013,Equities,141191.68,46.11,46.11,0,0,Settled
TRD-106090,03-08-2025,CLI-1125,Fixed Income,554027.22,72.9,72.9,2,1,SSI Mismatch
TRD-106091,14-05-2025,CLI-1039,OTC Derivatives,808049,394.83,394.83,1,0,Settled
TRD-106092,12-10-2025,CLI-1008,Equities,202369.44,96.04,96.04,0,0,Settled
TRD-106093,06-05-2025,CLI-1068,OTC Derivatives,528249.82,250.27,250.27,1,1,Margin Breach
TRD-106094,03-12-2025,CLI-1059,Equities,89461.52,40.41,40.41,0,0,Settled
TRD-106095,23-06-2025,CLI-1032,Equities,219219.18,79.82,79.82,3,0,Settled
TRD-106096,01-06-2025,CLI-1004,Equities,1209679.78,227.96,227.96,1,0,Settled
TRD-106097,27-11-2025,CLI-1051,Equities,1221293.71,146.3,146.3,5,1,System Lag
TRD-106098,26-01-2025,CLI-1102,FX Options,438215.06,61.23,85.5,2,0,Settled
TRD-106099,25-04-2025,CLI-1074,Fixed Income,615920.94,141.41,141.41,1,0,Settled
TRD-106100,11-10-2025,CLI-1015,Equities,972127.12,293.15,293.15,1,0,Settled
TRD-106101,16-03-2025,CLI-1002,FX Options,1601672.12,796.51,796.51,2,0,Settled
TRD-106102,15-06-2025,CLI-1004,OTC Derivatives,346560.96,95.02,95.02,0,0,Settled
TRD-106103,08-07-2025,CLI-1119,OTC Derivatives,422284.1,130.85,130.85,1,0,Settled
TRD-106104,19-03-2025,CLI-1018,FX Options,278620.36,105.34,105.34,1,0,Settled
TRD-106105,31-03-2025,CLI-1111,Equities,47352.04,8.16,8.16,3,0,Settled
TRD-106106,25-06-2025,CLI-1138,OTC Derivatives,284786.23,134.74,134.74,2,0,Settled
TRD-106107,21-01-2025,CLI-1123,Fixed Income,791819.77,246.74,246.74,0,0,Settled
TRD-106108,23-02-2025,CLI-1106,OTC Derivatives,827084.35,174.1,174.1,1,0,Settled
TRD-106109,03-07-2025,CLI-1017,OTC Derivatives,1124560.98,533.09,533.09,0,0,Settled
TRD-106110,25-12-2025,CLI-1139,Equities,36419.19,12.75,12.75,2,0,Settled
TRD-106111,10-08-2025,CLI-1042,OTC Derivatives,384493.39,112.84,112.84,2,0,Settled
TRD-106112,11-11-2025,CLI-1086,Equities,66822.08,22.19,27.03,0,0,Settled
TRD-106113,24-11-2025,CLI-1049,Equities,122035.86,48.73,60.08,1,0,Settled
TRD-106114,28-06-2025,CLI-1027,Equities,1162376.23,188.09,188.09,4,0,Settled
TRD-106115,03-10-2025,CLI-1098,FX Options,353375.1,157.58,157.58,1,0,Settled
TRD-106116,22-04-2025,CLI-1086,Equities,720535.92,348.6,348.6,0,0,Settled
TRD-106117,12-08-2025,CLI-1014,Fixed Income,43275.13,14.14,14.14,2,0,Settled
TRD-106118,02-08-2025,CLI-1135,Equities,279635.27,104.28,104.28,2,0,Settled
TRD-106119,28-02-2025,CLI-1014,FX Options,570797.61,253.4,253.4,0,0,Settled
TRD-106120,23-11-2025,CLI-1034,Equities,81592.62,20.39,20.39,2,0,Settled
TRD-106121,19-04-2025,CLI-1057,OTC Derivatives,207127.5,102.97,102.97,3,0,Settled
TRD-106122,06-06-2025,CLI-1075,OTC Derivatives,43362.62,16.14,16.14,3,1,SSI Mismatch
TRD-106123,10-07-2025,CLI-1136,Fixed Income,536828.94,144.73,144.73,0,0,Settled
TRD-106124,19-07-2025,CLI-1096,Equities,1778358.39,659.66,659.66,1,0,Settled
TRD-106125,08-11-2025,CLI-1020,OTC Derivatives,887363.34,273.9,273.9,0,0,Settled
TRD-106126,15-07-2025,CLI-1094,FX Options,1846958.31,267.17,267.17,2,0,Settled
TRD-106127,04-02-2025,CLI-1062,OTC Derivatives,944119.85,394.97,394.97,0,1,Custodian Delay
TRD-106128,03-09-2025,CLI-1125,Equities,976186.42,317.99,317.99,0,1,Margin Breach
TRD-106129,25-08-2025,CLI-1144,OTC Derivatives,440401.04,184.24,184.24,5,0,Settled
TRD-106130,14-04-2025,CLI-1064,Equities,375167.38,60.76,60.76,1,0,Settled
TRD-106131,07-01-2025,CLI-1117,Fixed Income,270652.05,85.35,85.35,0,0,Settled
TRD-106132,10-10-2025,CLI-1098,OTC Derivatives,862135.06,350.59,350.59,0,0,Settled
TRD-106133,01-01-2025,CLI-1137,Equities,110487.8,54.73,54.73,0,0,Settled
TRD-106134,07-08-2025,CLI-1005,OTC Derivatives,38933.7,17.67,24.63,0,0,Settled
TRD-106135,18-08-2025,CLI-1049,Fixed Income,1487235.89,662.92,662.92,5,0,Settled
TRD-106136,21-06-2025,CLI-1019,OTC Derivatives,11892.67,2.37,2.37,2,1,SSI Mismatch
TRD-106137,28-03-2025,CLI-1124,Equities,1892433.84,823.58,823.58,4,1,Custodian Delay
TRD-106138,10-02-2025,CLI-1090,Fixed Income,662547.77,111.12,111.12,3,1,Custodian Delay
TRD-106139,03-05-2025,CLI-1138,OTC Derivatives,209119.83,37.48,46.43,2,0,Settled
TRD-106140,27-11-2025,CLI-1078,Equities,608365.95,87.63,87.63,0,0,Settled
TRD-106141,25-10-2025,CLI-1116,Equities,861531.44,381.69,381.69,1,1,SSI Mismatch
TRD-106142,27-06-2025,CLI-1101,FX Options,150758.59,21.6,21.6,1,0,Settled
TRD-106143,04-03-2025,CLI-1001,Equities,746788.92,115.93,115.93,0,0,Settled
TRD-106144,14-06-2025,CLI-1141,FX Options,825764.12,163.79,163.79,1,0,Settled
TRD-106145,06-07-2025,CLI-1068,Equities,153410.97,50.48,50.48,1,0,Settled
TRD-106146,28-07-2025,CLI-1100,Equities,31415.31,14.2,14.2,2,1,Margin Breach
TRD-106147,15-08-2025,CLI-1077,OTC Derivatives,124154.86,33.19,33.19,3,0,Settled
TRD-106148,17-02-2025,CLI-1081,Fixed Income,121975.94,38.85,38.85,2,0,Settled
TRD-106149,12-08-2025,CLI-1027,Fixed Income,43732.98,7.29,7.29,1,0,Settled
TRD-106150,03-01-2025,CLI-1037,Fixed Income,657327.06,135.66,135.66,1,0,Settled
TRD-106151,24-06-2025,CLI-1094,OTC Derivatives,248997.68,38.24,38.24,0,0,Settled
TRD-106152,09-04-2025,CLI-1099,Equities,1088749.84,287.39,287.39,2,0,Settled
TRD-106153,26-04-2025,CLI-1053,Fixed Income,155290.54,52.2,52.2,0,1,Custodian Delay
TRD-106154,27-09-2025,CLI-1059,Equities,311865.5,66.62,78.79,0,0,Settled
TRD-106155,10-09-2025,CLI-1131,Fixed Income,519462.8,227.73,227.73,2,0,Settled
TRD-106156,13-11-2025,CLI-1053,Equities,1059679.08,521.89,521.89,1,0,Settled
TRD-106157,05-04-2025,CLI-1148,Equities,381821.56,56.53,56.53,1,0,Settled
TRD-106158,30-09-2025,CLI-1024,Fixed Income,243822.91,26.12,26.12,0,0,Settled
TRD-106159,24-01-2025,CLI-1050,Equities,1018759.76,423.71,423.71,0,0,Settled
TRD-106160,26-04-2025,CLI-1142,Equities,195710.44,34.5,34.5,1,1,Custodian Delay
TRD-106161,31-05-2025,CLI-1077,Fixed Income,51377.7,12.4,12.4,0,0,Settled
TRD-106162,04-12-2025,CLI-1012,Fixed Income,304431.52,78.45,78.45,0,0,Settled
TRD-106163,19-02-2025,CLI-1096,OTC Derivatives,778775.66,363.41,363.41,0,0,Settled
TRD-106164,25-07-2025,CLI-1020,Fixed Income,25632.26,9.32,9.32,0,0,Settled
TRD-106165,01-12-2025,CLI-1126,Equities,450802.46,52.4,52.4,0,0,Settled
TRD-106166,20-03-2025,CLI-1060,Fixed Income,461272.87,48.86,48.86,0,0,Settled
TRD-106167,11-03-2025,CLI-1023,Equities,1329321.05,239.05,239.05,4,1,Custodian Delay
TRD-106168,27-01-2025,CLI-1034,OTC Derivatives,178761.77,40.63,40.63,2,0,Settled
TRD-106169,28-09-2025,CLI-1022,FX Options,173444.78,50.96,69.84,1,1,SSI Mismatch
TRD-106170,19-02-2025,CLI-1054,Fixed Income,300341.27,130.69,130.69,0,0,Settled
TRD-106171,19-10-2025,CLI-1148,Fixed Income,230739.11,52.13,52.13,0,0,Settled
TRD-106172,04-09-2025,CLI-1101,Equities,676558.56,169.56,169.56,3,0,Settled
TRD-106173,21-09-2025,CLI-1127,Fixed Income,523265.01,121.26,121.26,1,0,Settled
TRD-106174,20-03-2025,CLI-1060,OTC Derivatives,721315.38,74.72,74.72,2,0,Settled
TRD-106175,09-07-2025,CLI-1121,Equities,867515.31,418.21,418.21,1,0,Settled
TRD-106176,16-02-2025,CLI-1007,Equities,1291852.43,201.01,201.01,2,0,Settled
TRD-106177,27-12-2025,CLI-1069,Fixed Income,291881.83,62.77,62.77,2,0,Settled
TRD-106178,20-12-2025,CLI-1123,OTC Derivatives,2099865.92,318.59,318.59,1,0,Settled
TRD-106179,18-12-2025,CLI-1099,Equities,131456.86,38.94,38.94,1,0,Settled
TRD-106180,08-07-2025,CLI-1103,FX Options,636520.54,300.99,300.99,1,0,Settled
TRD-106181,13-09-2025,CLI-1002,Equities,391794.82,54.96,54.96,2,0,Settled
TRD-106182,10-08-2025,CLI-1015,Equities,858863.04,237.35,237.35,1,0,Settled
TRD-106183,29-08-2025,CLI-1133,OTC Derivatives,333867.57,36.37,36.37,0,1,System Lag
TRD-106184,26-09-2025,CLI-1148,Equities,776096.41,316.93,316.93,2,0,Settled
TRD-106185,01-01-2025,CLI-1130,Fixed Income,1340836.58,478,478,1,0,Settled
TRD-106186,03-02-2025,CLI-1109,Equities,668933.45,254.11,254.11,4,0,Settled
TRD-106187,20-03-2025,CLI-1070,Equities,758265.12,219.09,262.81,0,0,Settled
TRD-106188,24-08-2025,CLI-1023,Equities,44769.06,20.73,20.73,2,0,Settled
TRD-106189,30-11-2025,CLI-1120,FX Options,124679.96,32.89,32.89,1,0,Settled
TRD-106190,15-12-2025,CLI-1147,Fixed Income,1840704.92,562.58,562.58,3,0,Settled
TRD-106191,08-04-2025,CLI-1115,OTC Derivatives,600758.42,227.16,227.16,2,0,Settled
TRD-106192,23-03-2025,CLI-1036,Equities,422139.6,130.11,130.11,0,0,Settled
TRD-106193,11-07-2025,CLI-1060,Fixed Income,238623.77,41.93,41.93,0,0,Settled
TRD-106194,10-09-2025,CLI-1147,Fixed Income,32702.18,7.42,7.42,0,0,Settled
TRD-106195,07-02-2025,CLI-1100,FX Options,240332.41,32.91,32.91,1,0,Settled
TRD-106196,14-01-2025,CLI-1038,OTC Derivatives,355487.64,97.06,97.06,0,0,Settled
TRD-106197,13-12-2025,CLI-1139,OTC Derivatives,128785.76,44.27,44.27,0,0,Settled
TRD-106198,06-11-2025,CLI-1147,Equities,105058,15.49,15.49,1,1,Custodian Delay
TRD-106199,28-07-2025,CLI-1104,Fixed Income,365061.79,128.59,128.59,0,0,Settled
TRD-106200,23-12-2025,CLI-1145,Fixed Income,450829.01,206.1,283.81,1,1,Margin Breach
TRD-106201,30-03-2025,CLI-1016,FX Options,147164.43,34.6,34.6,1,0,Settled
TRD-106202,25-02-2025,CLI-1132,Equities,452625.58,85.46,85.46,0,0,Settled
TRD-106203,04-04-2025,CLI-1063,Equities,1162995.26,531.72,531.72,0,0,Settled
TRD-106204,03-04-2025,CLI-1032,Fixed Income,330441.77,124.5,124.5,0,0,Settled
TRD-106205,06-12-2025,CLI-1038,Equities,983821.42,139.86,139.86,1,0,Settled
TRD-106206,26-03-2025,CLI-1106,Equities,1320510.59,347.62,347.62,3,0,Settled
TRD-106207,02-09-2025,CLI-1091,OTC Derivatives,58472.47,21.61,28.83,1,0,Settled
TRD-106208,22-01-2025,CLI-1064,Fixed Income,60358.76,19.9,19.9,2,0,Settled
TRD-106209,18-10-2025,CLI-1002,OTC Derivatives,333173.96,115.75,139.09,2,1,SSI Mismatch
TRD-106210,29-09-2025,CLI-1108,OTC Derivatives,453490.31,148.23,148.23,1,0,Settled
TRD-106211,02-11-2025,CLI-1034,Equities,287461.44,120.51,165.7,4,1,System Lag
TRD-106212,02-05-2025,CLI-1018,Fixed Income,207597.1,47.37,47.37,1,0,Settled
TRD-106213,08-05-2025,CLI-1100,Equities,522208.25,200.21,200.21,0,0,Settled
TRD-106214,23-04-2025,CLI-1085,FX Options,11041.84,5.48,5.48,2,0,Settled
TRD-106215,30-09-2025,CLI-1010,Fixed Income,1732156.01,443.4,443.4,0,0,Settled
TRD-106216,02-12-2025,CLI-1009,Equities,142034.27,59.15,59.15,1,0,Settled
TRD-106217,10-05-2025,CLI-1082,Equities,1255052.68,249.06,249.06,1,0,Settled
TRD-106218,12-05-2025,CLI-1146,Fixed Income,67713.7,14.41,14.41,1,0,Settled
TRD-106219,26-03-2025,CLI-1105,Equities,145961.57,69.18,94.15,4,1,System Lag
TRD-106220,16-12-2025,CLI-1119,Equities,143857.18,15.88,15.88,2,0,Settled
TRD-106221,22-03-2025,CLI-1017,OTC Derivatives,2790218.38,521.69,521.69,3,0,Settled
TRD-106222,21-11-2025,CLI-1048,OTC Derivatives,12305.58,3.61,3.61,2,0,Settled
TRD-106223,10-03-2025,CLI-1007,Equities,520323.39,135.67,135.67,1,0,Settled
TRD-106224,28-05-2025,CLI-1004,Fixed Income,1028906.41,361.83,361.83,2,0,Settled
TRD-106225,16-01-2025,CLI-1071,OTC Derivatives,567788.16,100.55,100.55,2,0,Settled
TRD-106226,03-11-2025,CLI-1029,Equities,235283.92,30.17,30.17,2,0,Settled
TRD-106227,15-04-2025,CLI-1007,OTC Derivatives,1598739.35,396.06,522.62,0,0,Settled
TRD-106228,14-06-2025,CLI-1073,Equities,1129902.6,349.98,349.98,1,0,Settled
TRD-106229,20-07-2025,CLI-1124,Fixed Income,294540.78,95.67,95.67,0,0,Settled
TRD-106230,16-07-2025,CLI-1104,Fixed Income,435870.43,148.46,148.46,0,0,Settled
TRD-106231,04-07-2025,CLI-1014,Fixed Income,1723552.88,550.61,550.61,0,0,Settled
TRD-106232,18-11-2025,CLI-1083,OTC Derivatives,2034504.81,403.44,403.44,0,1,Margin Breach
TRD-106233,22-09-2025,CLI-1037,Equities,308757.87,125.3,125.3,1,0,Settled
TRD-106234,29-12-2025,CLI-1107,Equities,949803.87,128.33,128.33,0,0,Settled
TRD-106235,10-04-2025,CLI-1038,Fixed Income,189753.92,34.03,34.03,2,0,Settled
TRD-106236,08-12-2025,CLI-1117,OTC Derivatives,242458.59,95.95,95.95,0,0,Settled
TRD-106237,16-11-2025,CLI-1042,Equities,100055.13,21.2,21.2,2,1,Margin Breach
TRD-106238,02-08-2025,CLI-1112,OTC Derivatives,127345.35,37.87,37.87,1,0,Settled
TRD-106239,05-10-2025,CLI-1081,Equities,544827.76,125.79,125.79,2,0,Settled
TRD-106240,11-06-2025,CLI-1050,Equities,367473.15,111.27,111.27,1,0,Settled
TRD-106241,06-06-2025,CLI-1037,OTC Derivatives,141417.9,33.75,33.75,1,0,Settled
TRD-106242,08-09-2025,CLI-1090,Equities,267843.39,133.3,178.37,1,0,Settled
TRD-106243,07-04-2025,CLI-1071,Fixed Income,243550.69,59.18,59.18,2,1,System Lag
TRD-106244,18-01-2025,CLI-1095,Equities,2195452.54,770.21,770.21,2,0,Settled
TRD-106245,23-11-2025,CLI-1008,Equities,970589.68,441.95,441.95,1,0,Settled
TRD-106246,07-04-2025,CLI-1007,Fixed Income,255483.99,90.74,90.74,2,1,SSI Mismatch
TRD-106247,01-01-2025,CLI-1071,Fixed Income,1236219.22,403.43,403.43,2,0,Settled
TRD-106248,04-08-2025,CLI-1128,Fixed Income,219758.23,72.01,72.01,1,0,Settled
TRD-106249,12-05-2025,CLI-1024,Fixed Income,561161.85,167.55,167.55,0,0,Settled
TRD-106250,17-09-2025,CLI-1070,Equities,1710348.7,723.53,723.53,2,0,Settled
TRD-106251,05-05-2025,CLI-1009,Fixed Income,257376.79,30.93,30.93,1,0,Settled
TRD-106252,23-03-2025,CLI-1111,FX Options,579537.43,263.14,263.14,2,0,Settled
TRD-106253,10-10-2025,CLI-1144,OTC Derivatives,185434.35,62.03,62.03,2,1,System Lag
TRD-106254,20-06-2025,CLI-1124,Equities,164835.92,72.45,72.45,2,0,Settled
TRD-106255,28-02-2025,CLI-1138,Equities,436841.88,45.5,45.5,0,0,Settled
TRD-106256,01-02-2025,CLI-1040,FX Options,1947956.4,872.12,872.12,0,0,Settled
TRD-106257,10-06-2025,CLI-1143,Fixed Income,311775.6,46.16,46.16,2,0,Settled
TRD-106258,11-10-2025,CLI-1029,Fixed Income,1397391.33,542.87,542.87,2,0,Settled
TRD-106259,16-04-2025,CLI-1048,OTC Derivatives,1238821.96,330.28,330.28,2,0,Settled
TRD-106260,15-04-2025,CLI-1089,Equities,156355.76,58.23,58.23,2,0,Settled
TRD-106261,16-08-2025,CLI-1075,Fixed Income,266931.29,93.77,128.58,3,0,Settled
TRD-106262,07-07-2025,CLI-1041,FX Options,525433.57,86.88,86.88,1,0,Settled
TRD-106263,11-03-2025,CLI-1120,Fixed Income,374953.18,114.68,114.68,1,1,SSI Mismatch
TRD-106264,14-11-2025,CLI-1062,Equities,60440.02,12.75,12.75,3,0,Settled
TRD-106265,17-10-2025,CLI-1094,Equities,2543446.51,824.52,824.52,2,0,Settled
TRD-106266,28-03-2025,CLI-1025,Equities,708483.56,279.99,279.99,0,0,Settled
TRD-106267,28-12-2025,CLI-1122,OTC Derivatives,297854.58,39.47,39.47,1,0,Settled
TRD-106268,25-02-2025,CLI-1000,Equities,491388,150.51,150.51,0,0,Settled
TRD-106269,23-04-2025,CLI-1065,Equities,55823.5,19.37,26.53,4,1,Custodian Delay
TRD-106270,13-01-2025,CLI-1090,FX Options,351897.18,76.77,76.77,0,0,Settled
TRD-106271,18-01-2025,CLI-1007,Equities,1345611.48,647.51,647.51,1,1,Custodian Delay
TRD-106272,01-07-2025,CLI-1009,Equities,1144579.79,352.67,352.67,1,0,Settled
TRD-106273,23-04-2025,CLI-1051,Equities,215777.44,37.33,37.33,1,0,Settled
TRD-106274,17-08-2025,CLI-1010,Equities,388968.59,55.67,55.67,0,1,SSI Mismatch
TRD-106275,20-06-2025,CLI-1003,Fixed Income,607644.52,192.42,192.42,1,0,Settled
TRD-106276,22-10-2025,CLI-1127,FX Options,217764.74,54.46,54.46,2,0,Settled
TRD-106277,08-07-2025,CLI-1036,OTC Derivatives,43539.79,7.71,7.71,1,0,Settled
TRD-106278,20-03-2025,CLI-1102,Fixed Income,362045.08,40.65,40.65,4,1,Margin Breach
TRD-106279,26-05-2025,CLI-1090,Fixed Income,470194.23,153.58,153.58,2,0,Settled
TRD-106280,01-07-2025,CLI-1144,Fixed Income,12929.36,4.39,4.39,1,0,Settled
TRD-106281,13-10-2025,CLI-1008,Equities,60228.15,9.44,9.44,2,0,Settled
TRD-106282,07-09-2025,CLI-1110,Equities,126149.32,42.98,42.98,0,0,Settled
TRD-106283,20-12-2025,CLI-1005,FX Options,223895.46,107.65,107.65,2,0,Settled
TRD-106284,10-11-2025,CLI-1048,Equities,399408.34,196.24,196.24,1,1,System Lag
TRD-106285,15-07-2025,CLI-1000,Equities,183958.79,83.77,83.77,0,0,Settled
TRD-106286,19-11-2025,CLI-1017,Fixed Income,171608.9,72.56,72.56,1,0,Settled
TRD-106287,12-03-2025,CLI-1013,Fixed Income,1027614.13,188.82,188.82,1,0,Settled
TRD-106288,05-09-2025,CLI-1139,Equities,88356.52,14.36,14.36,2,0,Settled
TRD-106289,26-05-2025,CLI-1071,Equities,352054.21,97.86,97.86,3,1,Margin Breach
TRD-106290,16-04-2025,CLI-1069,Equities,1536942.59,534.63,534.63,4,0,Settled
TRD-106291,20-09-2025,CLI-1126,Fixed Income,500432.29,220.33,220.33,0,0,Settled
TRD-106292,23-10-2025,CLI-1080,Equities,641517.36,123.68,123.68,2,1,Margin Breach
TRD-106293,11-03-2025,CLI-1064,Fixed Income,292145.72,85.27,100.76,0,0,Settled
TRD-106294,12-07-2025,CLI-1052,Fixed Income,20066.75,7.2,7.2,3,0,Settled
TRD-106295,09-03-2025,CLI-1101,OTC Derivatives,529413.35,147.3,147.3,0,0,Settled
TRD-106296,01-11-2025,CLI-1118,Equities,509733.3,143.58,143.58,1,0,Settled
TRD-106297,21-02-2025,CLI-1048,Equities,68507.21,13.02,15.3,2,0,Settled
TRD-106298,29-12-2025,CLI-1077,Fixed Income,320096.81,158.34,158.34,0,0,Settled
TRD-106299,12-10-2025,CLI-1129,OTC Derivatives,1244490.73,361,361,0,0,Settled
TRD-106300,30-11-2025,CLI-1143,Equities,124759.94,39.06,50.33,1,0,Settled
TRD-106301,09-01-2025,CLI-1122,Fixed Income,319111.47,59.81,69.52,0,0,Settled
TRD-106302,08-09-2025,CLI-1047,Equities,319115.58,97.54,97.54,1,0,Settled
TRD-106303,28-11-2025,CLI-1010,Equities,842373.49,170.28,170.28,1,0,Settled
TRD-106304,25-10-2025,CLI-1054,Fixed Income,880274.32,159.27,159.27,0,0,Settled
TRD-106305,03-07-2025,CLI-1096,Equities,722038.45,151.84,151.84,0,0,Settled
TRD-106306,28-06-2025,CLI-1140,OTC Derivatives,237422.87,24,24,0,0,Settled
TRD-106307,17-07-2025,CLI-1011,Fixed Income,47381.67,15.54,15.54,2,0,Settled
TRD-106308,08-05-2025,CLI-1130,Fixed Income,224993.91,57.37,57.37,2,0,Settled
TRD-106309,20-01-2025,CLI-1003,Fixed Income,579391,266.22,266.22,3,1,System Lag
TRD-106310,24-11-2025,CLI-1014,Fixed Income,616585.11,71.7,84.44,1,0,Settled
TRD-106311,06-03-2025,CLI-1046,Equities,1686206.6,197.76,197.76,1,1,Margin Breach
TRD-106312,01-07-2025,CLI-1077,OTC Derivatives,312239.72,141.87,141.87,1,0,Settled
TRD-106313,29-08-2025,CLI-1040,FX Options,510428.35,76.9,76.9,1,0,Settled
TRD-106314,24-01-2025,CLI-1143,Equities,397385.68,40.08,40.08,0,0,Settled
TRD-106315,24-03-2025,CLI-1076,Equities,91623.46,15.72,15.72,0,0,Settled
TRD-106316,15-11-2025,CLI-1081,Equities,319207.71,137.12,137.12,0,0,Settled
TRD-106317,04-07-2025,CLI-1056,Fixed Income,403547.81,169.93,169.93,3,0,Settled
TRD-106318,12-11-2025,CLI-1040,Fixed Income,1515418.96,357.72,357.72,4,1,Margin Breach
TRD-106319,09-04-2025,CLI-1073,OTC Derivatives,238278.46,87.5,87.5,1,0,Settled
TRD-106320,03-03-2025,CLI-1014,OTC Derivatives,1968495.24,596.26,596.26,3,0,Settled
TRD-106321,13-10-2025,CLI-1017,Fixed Income,400770.75,185.11,185.11,2,0,Settled
TRD-106322,22-01-2025,CLI-1057,Fixed Income,148845.57,18.24,18.24,3,0,Settled
TRD-106323,31-07-2025,CLI-1021,Fixed Income,116388.97,49.5,49.5,3,1,Custodian Delay
TRD-106324,06-05-2025,CLI-1054,Fixed Income,86397.83,14.54,14.54,2,0,Settled
TRD-106325,11-02-2025,CLI-1022,Fixed Income,311591.88,79.97,79.97,2,0,Settled
TRD-106326,08-04-2025,CLI-1092,Fixed Income,21085.19,3.73,3.73,1,1,SSI Mismatch
TRD-106327,31-01-2025,CLI-1069,Fixed Income,304434.38,116,116,0,0,Settled
TRD-106328,07-06-2025,CLI-1107,Fixed Income,2238577.38,831.25,831.25,0,0,Settled
TRD-106329,22-04-2025,CLI-1116,Fixed Income,564493.15,180.16,180.16,2,0,Settled
TRD-106330,04-09-2025,CLI-1127,OTC Derivatives,723112.8,274.25,274.25,3,0,Settled
TRD-106331,02-05-2025,CLI-1087,Fixed Income,73351.89,26.1,26.1,1,0,Settled
TRD-106332,30-09-2025,CLI-1004,Fixed Income,330373.07,135.64,135.64,2,0,Settled
TRD-106333,21-10-2025,CLI-1086,Fixed Income,178592.42,34.96,43.17,0,0,Settled
TRD-106334,26-07-2025,CLI-1033,Fixed Income,1132618.34,307.58,307.58,2,0,Settled
TRD-106335,20-04-2025,CLI-1139,Equities,110014.18,17.67,17.67,1,0,Settled
TRD-106336,05-10-2025,CLI-1066,Equities,316921.6,86.15,86.15,3,1,Custodian Delay
TRD-106337,25-02-2025,CLI-1040,Fixed Income,453423.88,172.61,201.71,2,1,Margin Breach
TRD-106338,26-02-2025,CLI-1007,Fixed Income,370815.6,139.63,139.63,0,0,Settled
TRD-106339,18-10-2025,CLI-1129,FX Options,896695.19,344.13,344.13,0,0,Settled
TRD-106340,24-04-2025,CLI-1092,Equities,141626.89,31.65,31.65,1,0,Settled
TRD-106341,04-11-2025,CLI-1036,Equities,246918.37,90.1,90.1,0,0,Settled
TRD-106342,07-12-2025,CLI-1059,Equities,795311.28,196.43,196.43,1,0,Settled
TRD-106343,17-07-2025,CLI-1040,Equities,385463.8,184.17,184.17,1,0,Settled
TRD-106344,17-11-2025,CLI-1035,OTC Derivatives,267180.42,63.41,79.37,1,0,Settled
TRD-106345,28-06-2025,CLI-1075,Equities,24942.32,8.51,8.51,0,0,Settled
TRD-106346,07-08-2025,CLI-1118,Fixed Income,709964.29,284.03,284.03,1,0,Settled
TRD-106347,04-10-2025,CLI-1090,Fixed Income,1801037.39,833.09,833.09,3,0,Settled
TRD-106348,16-01-2025,CLI-1018,Fixed Income,494169.8,135.98,161.43,2,0,Settled
TRD-106349,02-03-2025,CLI-1050,OTC Derivatives,980853.77,239.52,239.52,0,0,Settled
TRD-106350,23-02-2025,CLI-1053,Fixed Income,373740.7,101.66,101.66,0,0,Settled
TRD-106351,17-06-2025,CLI-1076,Equities,141775.11,32.53,32.53,0,1,System Lag
TRD-106352,26-01-2025,CLI-1120,OTC Derivatives,17273.7,6.25,6.25,2,1,SSI Mismatch
TRD-106353,02-12-2025,CLI-1066,OTC Derivatives,539789.45,255.37,255.37,0,0,Settled
TRD-106354,06-03-2025,CLI-1007,Equities,349729.49,52.61,52.61,0,0,Settled
TRD-106355,10-04-2025,CLI-1121,Equities,771855.27,250.37,250.37,1,0,Settled
TRD-106356,15-03-2025,CLI-1134,Equities,603201.39,276.91,276.91,1,0,Settled
TRD-106357,11-07-2025,CLI-1112,Equities,2219443.59,310.82,310.82,3,0,Settled
TRD-106358,20-06-2025,CLI-1148,FX Options,366994.01,109.2,109.2,0,0,Settled
TRD-106359,30-09-2025,CLI-1044,Fixed Income,288587.33,128.74,128.74,1,0,Settled
TRD-106360,06-07-2025,CLI-1139,Equities,178954.42,82.35,82.35,1,0,Settled
TRD-106361,23-01-2025,CLI-1134,OTC Derivatives,333954.32,102.1,102.1,0,0,Settled
TRD-106362,30-06-2025,CLI-1138,Fixed Income,1041278.36,114.52,136.26,1,0,Settled
TRD-106363,23-11-2025,CLI-1041,Equities,31683.31,4.51,4.51,1,0,Settled
TRD-106364,18-04-2025,CLI-1001,FX Options,1916089.91,641.29,641.29,1,0,Settled
TRD-106365,01-12-2025,CLI-1033,OTC Derivatives,2513361.05,375.86,375.86,2,0,Settled
TRD-106366,11-06-2025,CLI-1098,OTC Derivatives,465429.48,74.36,74.36,3,1,Margin Breach
TRD-106367,29-10-2025,CLI-1079,Fixed Income,211392.5,86.43,86.43,1,1,Custodian Delay
TRD-106368,25-07-2025,CLI-1031,OTC Derivatives,136188.98,54.51,54.51,0,0,Settled
TRD-106369,19-03-2025,CLI-1011,Equities,171820.73,75.1,75.1,0,0,Settled
TRD-106370,16-01-2025,CLI-1012,Fixed Income,35702.14,5.08,5.08,1,0,Settled
TRD-106371,23-11-2025,CLI-1029,FX Options,332284.19,59.56,59.56,0,0,Settled
TRD-106372,06-04-2025,CLI-1110,Equities,39516.46,17.12,17.12,1,0,Settled
TRD-106373,27-05-2025,CLI-1044,OTC Derivatives,643765.62,250.06,250.06,1,0,Settled
TRD-106374,02-01-2025,CLI-1120,Fixed Income,242551.39,102.45,102.45,0,0,Settled
TRD-106375,10-01-2025,CLI-1104,Equities,121174.89,60.09,60.09,0,0,Settled
TRD-106376,05-05-2025,CLI-1069,OTC Derivatives,403568.03,179.9,179.9,0,0,Settled
TRD-106377,22-03-2025,CLI-1031,Equities,1830221.96,564.05,564.05,0,0,Settled
TRD-106378,20-05-2025,CLI-1082,Fixed Income,603936.63,135.47,135.47,2,1,Margin Breach
TRD-106379,22-11-2025,CLI-1029,Equities,348387.81,114.23,114.23,3,0,Settled
TRD-106380,30-05-2025,CLI-1130,FX Options,760099.64,270.17,338.14,5,0,Settled
TRD-106381,15-10-2025,CLI-1036,Equities,678707.29,158.9,158.9,2,0,Settled
TRD-106382,27-12-2025,CLI-1109,Equities,1121588.81,458.03,458.03,2,0,Settled
TRD-106383,06-12-2025,CLI-1081,Equities,124498.42,17.07,17.07,2,0,Settled
TRD-106384,09-05-2025,CLI-1097,FX Options,989063.76,407.25,407.25,0,0,Settled
TRD-106385,27-08-2025,CLI-1079,OTC Derivatives,189070.93,21.33,21.33,0,0,Settled
TRD-106386,27-02-2025,CLI-1003,OTC Derivatives,1425099.83,426.37,426.37,1,1,Margin Breach
TRD-106387,17-07-2025,CLI-1067,Fixed Income,174992.27,77.8,77.8,2,0,Settled
TRD-106388,30-07-2025,CLI-1006,Fixed Income,1317611.62,177.35,217.47,0,0,Settled
TRD-106389,14-02-2025,CLI-1111,Equities,1669219.84,512.61,512.61,2,0,Settled
TRD-106390,07-04-2025,CLI-1081,Fixed Income,88614.33,14.51,18.68,3,1,Margin Breach
TRD-106391,06-10-2025,CLI-1042,Equities,1844536.12,844.66,844.66,2,1,System Lag
TRD-106392,23-01-2025,CLI-1065,FX Options,54810.83,23.73,23.73,0,0,Settled
TRD-106393,01-12-2025,CLI-1045,OTC Derivatives,133313.44,63.13,63.13,0,0,Settled
TRD-106394,13-02-2025,CLI-1068,Fixed Income,303645.3,136.64,136.64,1,0,Settled
TRD-106395,27-01-2025,CLI-1130,Equities,2535522.88,1000.57,1190.68,0,0,Settled
TRD-106396,09-10-2025,CLI-1142,OTC Derivatives,345265.48,60.06,73.89,2,0,Settled
TRD-106397,07-04-2025,CLI-1114,Equities,409708.99,90.55,90.55,2,1,System Lag
TRD-106398,05-02-2025,CLI-1079,Equities,602779.93,180.08,180.08,0,0,Settled
TRD-106399,19-04-2025,CLI-1075,Equities,1735617.7,582.4,582.4,0,0,Settled
TRD-106400,24-02-2025,CLI-1052,Fixed Income,774739.3,319.87,319.87,2,0,Settled
TRD-106401,11-07-2025,CLI-1038,OTC Derivatives,136900.62,26.12,26.12,1,0,Settled
TRD-106402,07-08-2025,CLI-1133,Equities,190478.43,28.82,28.82,1,0,Settled
TRD-106403,04-07-2025,CLI-1141,Equities,61364.35,17.98,17.98,1,0,Settled
TRD-106404,10-03-2025,CLI-1003,Fixed Income,527048.02,85.98,85.98,0,0,Settled
TRD-106405,13-11-2025,CLI-1015,OTC Derivatives,109677.08,41.4,41.4,1,0,Settled
TRD-106406,10-05-2025,CLI-1114,Equities,158802.16,52.44,52.44,0,1,System Lag
TRD-106407,24-02-2025,CLI-1134,Equities,1105135.85,438.12,438.12,0,1,SSI Mismatch
TRD-106408,07-04-2025,CLI-1026,FX Options,207823.49,26.06,26.06,1,0,Settled
TRD-106409,02-12-2025,CLI-1130,FX Options,428101,208.01,257.27,1,0,Settled
TRD-106410,28-03-2025,CLI-1031,FX Options,263388.59,26.34,26.34,0,0,Settled
TRD-106411,21-10-2025,CLI-1137,OTC Derivatives,48457.42,11.15,11.15,2,0,Settled
TRD-106412,29-04-2025,CLI-1128,Equities,235385.94,87.53,87.53,1,0,Settled
TRD-106413,27-07-2025,CLI-1145,Equities,272181.93,32.13,32.13,2,0,Settled
TRD-106414,30-11-2025,CLI-1027,Equities,1140247.24,152.04,152.04,2,0,Settled
TRD-106415,03-06-2025,CLI-1125,Equities,206114.54,26.93,26.93,1,1,Custodian Delay
TRD-106416,04-02-2025,CLI-1021,FX Options,248406.27,82.62,82.62,1,0,Settled
TRD-106417,20-03-2025,CLI-1115,OTC Derivatives,773691.16,354.64,354.64,3,1,Custodian Delay
TRD-106418,08-03-2025,CLI-1126,OTC Derivatives,721389.25,232.41,232.41,1,0,Settled
TRD-106419,09-12-2025,CLI-1073,Equities,810450.42,276.71,276.71,1,0,Settled
TRD-106420,03-02-2025,CLI-1138,FX Options,1547071.17,368.82,368.82,0,0,Settled
TRD-106421,07-04-2025,CLI-1123,OTC Derivatives,803734.25,86.4,86.4,0,1,Margin Breach
TRD-106422,18-06-2025,CLI-1149,Equities,271793.52,29.53,34.5,1,0,Settled
TRD-106423,18-06-2025,CLI-1147,OTC Derivatives,871607.2,396.86,396.86,3,0,Settled
TRD-106424,31-05-2025,CLI-1004,Equities,365324.35,51.52,51.52,2,0,Settled
TRD-106425,12-03-2025,CLI-1149,Equities,172667.07,86.32,86.32,1,0,Settled
TRD-106426,03-01-2025,CLI-1145,Fixed Income,190425.45,31.57,43.43,1,0,Settled
TRD-106427,10-11-2025,CLI-1078,Fixed Income,136699.84,50.56,50.56,0,0,Settled
TRD-106428,01-02-2025,CLI-1093,Equities,88322.79,42.36,42.36,1,0,Settled
TRD-106429,14-10-2025,CLI-1129,Equities,111971.05,27.42,27.42,1,0,Settled
TRD-106430,23-03-2025,CLI-1130,FX Options,42631.02,16.79,16.79,1,0,Settled
TRD-106431,12-02-2025,CLI-1043,Fixed Income,1106645.06,265.97,313.94,4,0,Settled
TRD-106432,15-04-2025,CLI-1077,OTC Derivatives,1346880.98,298.98,298.98,1,0,Settled
TRD-106433,01-01-2025,CLI-1035,Equities,451875.95,81.66,81.66,1,0,Settled
TRD-106434,02-03-2025,CLI-1077,Equities,927822.94,397.46,397.46,0,0,Settled
TRD-106435,27-09-2025,CLI-1078,Equities,111407.73,22.61,30.55,2,0,Settled
TRD-106436,29-06-2025,CLI-1070,Equities,1169732.51,249.46,249.46,3,1,Custodian Delay
TRD-106437,12-08-2025,CLI-1057,Equities,362975.97,181.34,181.34,0,0,Settled
TRD-106438,06-01-2025,CLI-1032,Equities,44763.47,10.34,10.34,1,0,Settled
TRD-106439,13-04-2025,CLI-1056,Fixed Income,86175.25,23.19,23.19,4,0,Settled
TRD-106440,10-01-2025,CLI-1075,Equities,194790.7,96.62,96.62,2,0,Settled
TRD-106441,12-03-2025,CLI-1057,OTC Derivatives,32267.35,7.99,7.99,0,0,Settled
TRD-106442,31-03-2025,CLI-1124,Equities,195020.06,48.06,48.06,4,0,Settled
TRD-106443,14-08-2025,CLI-1077,Fixed Income,40900.7,17.63,17.63,1,0,Settled
TRD-106444,07-06-2025,CLI-1041,Equities,144611.81,32.5,32.5,1,0,Settled
TRD-106445,16-08-2025,CLI-1070,Fixed Income,164398.21,31.81,31.81,2,0,Settled
TRD-106446,06-05-2025,CLI-1147,Equities,2599732.02,700.07,700.07,2,0,Settled
TRD-106447,28-07-2025,CLI-1119,FX Options,144297.15,54.87,54.87,1,0,Settled
TRD-106448,07-04-2025,CLI-1053,OTC Derivatives,146683.48,17.21,23.78,1,0,Settled
TRD-106449,15-03-2025,CLI-1006,Fixed Income,590439.05,147.35,147.35,2,1,Margin Breach
TRD-106450,25-04-2025,CLI-1004,Equities,990766.96,236.3,236.3,1,1,SSI Mismatch
TRD-106451,10-07-2025,CLI-1118,Fixed Income,254740.37,50.42,50.42,0,0,Settled
TRD-106452,19-06-2025,CLI-1076,OTC Derivatives,1052198.98,380.6,380.6,2,0,Settled
TRD-106453,03-11-2025,CLI-1100,Equities,217865.33,47.06,47.06,2,0,Settled
TRD-106454,23-07-2025,CLI-1026,Fixed Income,119710.17,41.02,41.02,2,0,Settled
TRD-106455,25-02-2025,CLI-1120,OTC Derivatives,209969.32,63.36,63.36,4,0,Settled
TRD-106456,27-07-2025,CLI-1110,OTC Derivatives,479979.79,89.7,89.7,0,0,Settled
TRD-106457,10-02-2025,CLI-1045,OTC Derivatives,238755.52,49.33,49.33,2,0,Settled
TRD-106458,01-02-2025,CLI-1066,OTC Derivatives,568735.2,95.68,95.68,2,0,Settled
TRD-106459,15-01-2025,CLI-1050,FX Options,145206.61,17.81,17.81,2,1,Margin Breach
TRD-106460,03-03-2025,CLI-1058,Fixed Income,613643.97,213.35,213.35,4,1,Margin Breach
TRD-106461,04-06-2025,CLI-1058,Fixed Income,223424.84,82.47,82.47,2,1,SSI Mismatch
TRD-106462,11-10-2025,CLI-1049,OTC Derivatives,314282.05,52.3,52.3,3,1,Custodian Delay
TRD-106463,28-07-2025,CLI-1079,Fixed Income,417934.48,144.67,144.67,0,0,Settled
TRD-106464,16-11-2025,CLI-1136,FX Options,589539.56,290.55,290.55,1,0,Settled
TRD-106465,06-07-2025,CLI-1063,Equities,146372.88,18.99,18.99,3,0,Settled
TRD-106466,10-05-2025,CLI-1135,Equities,913778.41,270.61,270.61,4,0,Settled
TRD-106467,07-05-2025,CLI-1089,Equities,649784.34,255.51,255.51,1,0,Settled
TRD-106468,19-10-2025,CLI-1136,Equities,143350.47,16.97,16.97,3,1,System Lag
TRD-106469,24-04-2025,CLI-1011,Equities,1853931.24,762.54,1022.33,0,0,Settled
TRD-106470,18-07-2025,CLI-1091,OTC Derivatives,556509.47,273.69,273.69,0,0,Settled
TRD-106471,13-01-2025,CLI-1112,Equities,311129.64,42.13,42.13,2,0,Settled
TRD-106472,28-09-2025,CLI-1117,OTC Derivatives,95707.03,41.05,41.05,1,0,Settled
TRD-106473,30-03-2025,CLI-1018,Fixed Income,390949.69,98.3,98.3,2,0,Settled
TRD-106474,03-08-2025,CLI-1086,Equities,100027.6,15.77,15.77,2,0,Settled
TRD-106475,05-10-2025,CLI-1007,Equities,290613.76,86.39,101.94,2,0,Settled
TRD-106476,22-07-2025,CLI-1101,Fixed Income,272726.48,35.07,44.71,2,0,Settled
TRD-106477,15-03-2025,CLI-1017,OTC Derivatives,646375.07,199.63,199.63,1,1,Custodian Delay
TRD-106478,25-01-2025,CLI-1025,OTC Derivatives,116833.78,12.59,17.15,2,0,Settled
TRD-106479,11-04-2025,CLI-1042,OTC Derivatives,872624.63,341.58,341.58,3,0,Settled
TRD-106480,25-06-2025,CLI-1013,FX Options,207360.76,61.21,61.21,1,0,Settled
TRD-106481,27-04-2025,CLI-1124,Fixed Income,303483.26,86.06,86.06,2,0,Settled
TRD-106482,15-06-2025,CLI-1134,FX Options,749953.14,133.85,133.85,0,0,Settled
TRD-106483,10-02-2025,CLI-1088,OTC Derivatives,500938.1,122.48,122.48,5,0,Settled
TRD-106484,10-12-2025,CLI-1001,OTC Derivatives,194102.98,33.53,33.53,1,0,Settled
TRD-106485,30-04-2025,CLI-1105,Equities,254045.45,100.13,100.13,2,1,System Lag
TRD-106486,07-04-2025,CLI-1020,FX Options,192488.09,34.57,34.57,0,0,Settled
TRD-106487,25-05-2025,CLI-1113,Fixed Income,461650.44,160.05,197.95,1,0,Settled
TRD-106488,04-08-2025,CLI-1006,OTC Derivatives,212201.24,44.95,44.95,2,0,Settled
TRD-106489,17-08-2025,CLI-1001,Equities,656762.24,238.27,238.27,1,0,Settled
TRD-106490,09-11-2025,CLI-1140,Equities,443496.97,140.23,140.23,2,0,Settled
TRD-106491,10-05-2025,CLI-1131,Equities,88740.3,23.9,23.9,3,1,Custodian Delay
TRD-106492,18-12-2025,CLI-1119,Equities,195726.53,72.26,72.26,4,0,Settled
TRD-106493,14-11-2025,CLI-1067,Equities,135159.39,35.99,41.99,2,1,SSI Mismatch
TRD-106494,17-05-2025,CLI-1025,OTC Derivatives,257404.96,110.31,110.31,2,0,Settled
TRD-106495,20-11-2025,CLI-1086,Equities,372818.75,146.09,146.09,0,0,Settled
TRD-106496,03-12-2025,CLI-1019,Equities,363382.6,114.92,114.92,1,0,Settled
TRD-106497,30-09-2025,CLI-1093,Equities,712277.39,321.11,321.11,3,0,Settled
TRD-106498,27-04-2025,CLI-1019,Fixed Income,114849.58,49.56,49.56,1,0,Settled
TRD-106499,02-11-2025,CLI-1114,Equities,1473782.95,460.9,460.9,1,0,Settled
TRD-106500,04-04-2025,CLI-1003,Equities,219917.77,28.01,28.01,0,0,Settled
TRD-106501,17-06-2025,CLI-1070,Fixed Income,188515.25,61.53,61.53,0,0,Settled
TRD-106502,22-07-2025,CLI-1019,Fixed Income,587874.86,142.33,142.33,2,1,Margin Breach
TRD-106503,07-12-2025,CLI-1040,Equities,828704.31,261.91,261.91,0,1,Custodian Delay
TRD-106504,29-05-2025,CLI-1104,Equities,247786.97,88.92,88.92,1,0,Settled
TRD-106505,02-07-2025,CLI-1095,Equities,696880.57,249.44,249.44,3,1,Margin Breach
TRD-106506,01-06-2025,CLI-1064,FX Options,1085945.72,401.16,401.16,2,0,Settled
TRD-106507,15-03-2025,CLI-1072,Equities,737937.27,274.3,274.3,0,0,Settled
TRD-106508,31-12-2025,CLI-1039,Fixed Income,27397.43,3.94,3.94,2,0,Settled
TRD-106509,01-10-2025,CLI-1097,Equities,888299.2,156.95,156.95,3,0,Settled
TRD-106510,11-02-2025,CLI-1053,Fixed Income,754675.34,265.81,265.81,1,0,Settled
TRD-106511,31-07-2025,CLI-1055,Equities,563257.07,148.29,148.29,0,0,Settled
TRD-106512,11-04-2025,CLI-1063,Equities,723604.89,293.16,293.16,3,0,Settled
TRD-106513,14-02-2025,CLI-1092,Fixed Income,1951848.89,292.71,292.71,0,0,Settled
TRD-106514,23-03-2025,CLI-1086,Equities,292036.63,51.58,51.58,1,0,Settled
TRD-106515,17-01-2025,CLI-1090,Equities,44794.69,14.49,14.49,0,0,Settled
TRD-106516,14-03-2025,CLI-1102,Fixed Income,318917.8,95.77,95.77,2,0,Settled
TRD-106517,14-01-2025,CLI-1086,FX Options,33773.14,6.98,6.98,1,0,Settled
TRD-106518,06-06-2025,CLI-1084,Equities,184247.4,48.52,48.52,1,0,Settled
TRD-106519,11-08-2025,CLI-1070,Fixed Income,452008.33,51.53,51.53,0,0,Settled
TRD-106520,12-05-2025,CLI-1084,FX Options,195258.65,22.42,22.42,0,0,Settled
TRD-106521,04-12-2025,CLI-1118,OTC Derivatives,588219.09,81.16,81.16,0,0,Settled
TRD-106522,16-02-2025,CLI-1119,Fixed Income,872947.46,288.7,288.7,1,0,Settled
TRD-106523,17-04-2025,CLI-1031,OTC Derivatives,282742.33,125.96,145.99,2,0,Settled
TRD-106524,18-04-2025,CLI-1043,Equities,1161982.78,237.15,237.15,1,0,Settled
TRD-106525,22-09-2025,CLI-1063,Fixed Income,51603.27,5.86,5.86,1,0,Settled
TRD-106526,24-07-2025,CLI-1081,Equities,926644.5,355.32,355.32,1,0,Settled
TRD-106527,20-03-2025,CLI-1133,Equities,891799.3,394.3,394.3,1,1,System Lag
TRD-106528,04-06-2025,CLI-1007,Fixed Income,204299.49,31.72,31.72,0,0,Settled
TRD-106529,28-09-2025,CLI-1117,Equities,187420.59,47.66,47.66,0,1,Margin Breach
TRD-106530,04-09-2025,CLI-1065,Fixed Income,191990.05,31.39,31.39,0,0,Settled
TRD-106531,19-01-2025,CLI-1039,Fixed Income,844046.79,120.31,120.31,0,0,Settled
TRD-106532,12-12-2025,CLI-1109,Fixed Income,900865.43,323.65,323.65,2,0,Settled
TRD-106533,26-01-2025,CLI-1123,Equities,210031.71,102.29,102.29,0,0,Settled
TRD-106534,05-08-2025,CLI-1119,Equities,458968.04,170.4,170.4,0,0,Settled
TRD-106535,03-06-2025,CLI-1101,Fixed Income,84791.61,41.88,41.88,1,0,Settled
TRD-106536,03-06-2025,CLI-1089,FX Options,326288.33,89.32,89.32,2,0,Settled
TRD-106537,23-06-2025,CLI-1134,Equities,3369746.89,1547.21,1547.21,4,0,Settled
TRD-106538,02-04-2025,CLI-1000,Equities,96486.19,17.56,17.56,3,1,System Lag
TRD-106539,04-12-2025,CLI-1096,OTC Derivatives,1484067.98,218.4,218.4,0,0,Settled
TRD-106540,30-06-2025,CLI-1042,Equities,879359.81,335.04,335.04,0,0,Settled
TRD-106541,11-05-2025,CLI-1112,OTC Derivatives,1801623.2,447.82,447.82,1,0,Settled
TRD-106542,25-10-2025,CLI-1012,Fixed Income,108968.68,24.74,24.74,1,0,Settled
TRD-106543,02-10-2025,CLI-1138,Fixed Income,130093.03,47.94,47.94,0,0,Settled
TRD-106544,30-09-2025,CLI-1110,Equities,18505.53,4.32,4.32,0,0,Settled
TRD-106545,17-03-2025,CLI-1034,Equities,654950.23,215.49,291.11,0,0,Settled
TRD-106546,26-06-2025,CLI-1037,Equities,526545.29,115.73,115.73,2,0,Settled
TRD-106547,03-07-2025,CLI-1110,OTC Derivatives,108047.25,44.68,44.68,1,0,Settled
TRD-106548,15-11-2025,CLI-1103,OTC Derivatives,793057.44,178.4,178.4,2,0,Settled
TRD-106549,11-05-2025,CLI-1050,Fixed Income,187763.16,58.96,58.96,2,1,SSI Mismatch
TRD-106550,29-12-2025,CLI-1014,OTC Derivatives,82510.32,9.02,9.02,1,0,Settled
TRD-106551,18-02-2025,CLI-1058,Equities,284577.68,118.58,118.58,1,0,Settled
TRD-106552,24-02-2025,CLI-1065,Fixed Income,57688.51,20.08,20.08,0,0,Settled
TRD-106553,03-06-2025,CLI-1126,Fixed Income,162749.02,28.79,28.79,1,0,Settled
TRD-106554,21-12-2025,CLI-1141,OTC Derivatives,242077.07,45.06,45.06,4,1,Custodian Delay
TRD-106555,19-07-2025,CLI-1013,Equities,964812.84,197.78,197.78,4,0,Settled
TRD-106556,04-11-2025,CLI-1118,Fixed Income,796429.43,263.31,263.31,0,0,Settled
TRD-106557,22-12-2025,CLI-1123,OTC Derivatives,302374.5,96.56,96.56,3,0,Settled
TRD-106558,28-04-2025,CLI-1132,Fixed Income,654720.06,137.19,137.19,0,0,Settled
TRD-106559,20-09-2025,CLI-1033,Equities,430417.31,162.54,218.14,0,0,Settled
TRD-106560,15-02-2025,CLI-1107,Fixed Income,218395.9,99.5,99.5,2,0,Settled
TRD-106561,29-10-2025,CLI-1091,Equities,657084.34,77.15,77.15,3,0,Settled
TRD-106562,22-12-2025,CLI-1045,Fixed Income,585214.68,156.18,156.18,1,0,Settled
TRD-106563,08-07-2025,CLI-1015,FX Options,492601.91,166.21,200.94,1,0,Settled
TRD-106564,06-11-2025,CLI-1084,Fixed Income,491109.12,164.31,164.31,3,1,Margin Breach
TRD-106565,14-11-2025,CLI-1021,Fixed Income,584398.35,63.01,63.01,1,0,Settled
TRD-106566,09-05-2025,CLI-1031,Fixed Income,252697.14,46.55,46.55,1,0,Settled
TRD-106567,18-02-2025,CLI-1021,Equities,1026568.43,128.05,128.05,1,0,Settled
TRD-106568,25-01-2025,CLI-1052,Equities,98552.3,32.28,32.28,1,0,Settled
TRD-106569,23-09-2025,CLI-1088,FX Options,1086589.09,389.17,389.17,0,0,Settled
TRD-106570,28-04-2025,CLI-1061,Fixed Income,219489.39,35.97,35.97,0,0,Settled
TRD-106571,24-05-2025,CLI-1044,Equities,76783.76,17.91,17.91,2,0,Settled
TRD-106572,19-07-2025,CLI-1093,Equities,468179.62,108.58,143.58,1,1,System Lag
TRD-106573,06-06-2025,CLI-1013,Fixed Income,245791.77,105.18,105.18,0,0,Settled
TRD-106574,14-12-2025,CLI-1149,OTC Derivatives,855052.17,152.08,152.08,0,0,Settled
TRD-106575,14-05-2025,CLI-1142,OTC Derivatives,291748.94,93.16,93.16,0,0,Settled
TRD-106576,28-05-2025,CLI-1071,Equities,562158.05,232.27,289.85,1,0,Settled
TRD-106577,02-12-2025,CLI-1023,FX Options,194271.11,83.89,83.89,0,0,Settled
TRD-106578,12-03-2025,CLI-1039,Fixed Income,127514.69,46.75,46.75,0,0,Settled
TRD-106579,21-08-2025,CLI-1119,Fixed Income,255551.56,56.17,56.17,1,0,Settled
TRD-106580,30-11-2025,CLI-1070,Fixed Income,476728.41,204.62,204.62,0,0,Settled
TRD-106581,26-10-2025,CLI-1113,Equities,544934.78,216.27,216.27,0,0,Settled
TRD-106582,03-06-2025,CLI-1136,FX Options,441619.91,168.61,168.61,3,0,Settled
TRD-106583,31-03-2025,CLI-1127,Equities,2223751.33,282.27,282.27,1,0,Settled
TRD-106584,30-11-2025,CLI-1061,Equities,597352.96,70.07,70.07,0,0,Settled
TRD-106585,18-07-2025,CLI-1019,OTC Derivatives,1350604.05,510.73,510.73,2,1,Custodian Delay
TRD-106586,10-06-2025,CLI-1146,Fixed Income,72743.74,34.77,34.77,1,0,Settled
TRD-106587,26-01-2025,CLI-1113,OTC Derivatives,41668.52,17.06,17.06,3,1,System Lag
TRD-106588,01-05-2025,CLI-1020,Fixed Income,196253.16,84.9,84.9,3,0,Settled
TRD-106589,28-10-2025,CLI-1008,Equities,83432.19,26.53,26.53,4,0,Settled
TRD-106590,31-07-2025,CLI-1099,FX Options,383135.31,84.99,84.99,1,0,Settled
TRD-106591,04-03-2025,CLI-1060,Equities,375924.52,139.5,139.5,1,0,Settled
TRD-106592,09-03-2025,CLI-1033,OTC Derivatives,437888.55,168.49,168.49,2,0,Settled
TRD-106593,10-09-2025,CLI-1107,Equities,693692.89,256.77,256.77,0,0,Settled
TRD-106594,02-01-2025,CLI-1081,OTC Derivatives,1785946.77,854.9,854.9,1,1,SSI Mismatch
TRD-106595,18-04-2025,CLI-1086,Equities,1062928.45,262.41,262.41,3,0,Settled
TRD-106596,13-10-2025,CLI-1058,Fixed Income,72989.84,8.46,8.46,0,0,Settled
TRD-106597,18-02-2025,CLI-1070,OTC Derivatives,216632.99,100.38,139.02,1,0,Settled
TRD-106598,20-05-2025,CLI-1141,Fixed Income,157738.2,25.9,25.9,2,1,Custodian Delay
TRD-106599,06-08-2025,CLI-1052,OTC Derivatives,107288.59,40.65,40.65,1,0,Settled
TRD-106600,13-02-2025,CLI-1083,OTC Derivatives,403426.69,181.25,181.25,1,0,Settled
TRD-106601,26-09-2025,CLI-1097,OTC Derivatives,412894.18,92.51,92.51,0,0,Settled
TRD-106602,19-03-2025,CLI-1093,FX Options,138896.5,60.03,60.03,1,0,Settled
TRD-106603,04-08-2025,CLI-1043,Fixed Income,632219.05,147.2,147.2,2,1,Custodian Delay
TRD-106604,08-04-2025,CLI-1134,Equities,670092.85,279.9,279.9,0,0,Settled
TRD-106605,24-08-2025,CLI-1093,Equities,20601.6,2.64,2.64,0,0,Settled
TRD-106606,09-10-2025,CLI-1093,Equities,261890,94.83,94.83,0,0,Settled
TRD-106607,29-05-2025,CLI-1045,Equities,1114277.14,413.24,563.43,1,0,Settled
TRD-106608,31-10-2025,CLI-1089,Fixed Income,377316.58,111.9,111.9,0,0,Settled
TRD-106609,07-03-2025,CLI-1088,Equities,223570.01,83.8,83.8,0,0,Settled
TRD-106610,22-08-2025,CLI-1118,Equities,156297.83,73.35,73.35,1,0,Settled
TRD-106611,28-03-2025,CLI-1093,Equities,149430.23,58.81,58.81,2,0,Settled
TRD-106612,20-03-2025,CLI-1045,OTC Derivatives,62551.4,30.31,30.31,0,0,Settled
TRD-106613,24-07-2025,CLI-1018,Fixed Income,859753.58,240.25,240.25,0,0,Settled
TRD-106614,06-10-2025,CLI-1029,Equities,55322.11,17.22,17.22,0,0,Settled
TRD-106615,03-12-2025,CLI-1007,OTC Derivatives,182863.8,37.58,37.58,2,0,Settled
TRD-106616,11-09-2025,CLI-1085,Equities,33375.88,16.5,18.99,3,0,Settled
TRD-106617,31-10-2025,CLI-1017,FX Options,770225.13,94.01,94.01,0,0,Settled
TRD-106618,10-05-2025,CLI-1059,Fixed Income,30038.05,7.31,7.31,0,0,Settled
TRD-106619,25-03-2025,CLI-1087,Equities,194302.27,42.57,42.57,1,0,Settled
TRD-106620,03-10-2025,CLI-1043,Fixed Income,435833.96,110.97,110.97,1,0,Settled
TRD-106621,06-07-2025,CLI-1107,OTC Derivatives,273444.78,127.72,127.72,2,1,Margin Breach
TRD-106622,15-02-2025,CLI-1051,Fixed Income,175831.66,43.47,43.47,0,0,Settled
TRD-106623,02-07-2025,CLI-1109,OTC Derivatives,170922.22,79.78,109.08,5,0,Settled
TRD-106624,25-09-2025,CLI-1007,Equities,809225.02,217.95,217.95,0,0,Settled
TRD-106625,23-10-2025,CLI-1140,Equities,1834408.3,810.64,810.64,2,1,Margin Breach
TRD-106626,18-11-2025,CLI-1077,Equities,223886.86,69.11,69.11,1,0,Settled
TRD-106627,10-04-2025,CLI-1019,Equities,29966.15,6.73,6.73,1,1,SSI Mismatch
TRD-106628,19-03-2025,CLI-1071,Equities,28625.53,8.01,8.01,3,1,System Lag
TRD-106629,29-09-2025,CLI-1065,FX Options,721922.14,194.74,194.74,1,0,Settled
TRD-106630,05-12-2025,CLI-1086,Equities,411893.94,84.01,84.01,0,0,Settled
TRD-106631,11-06-2025,CLI-1048,Fixed Income,775296.4,167.35,167.35,1,1,SSI Mismatch
TRD-106632,13-02-2025,CLI-1091,Fixed Income,607832.06,106.12,106.12,1,0,Settled
TRD-106633,26-08-2025,CLI-1128,OTC Derivatives,1200307.64,281.35,281.35,1,1,Custodian Delay
TRD-106634,14-05-2025,CLI-1085,FX Options,1095008.36,382.99,382.99,1,0,Settled
TRD-106635,11-07-2025,CLI-1053,OTC Derivatives,786357.26,200.22,200.22,0,0,Settled
TRD-106636,22-12-2025,CLI-1025,FX Options,332358.69,127.93,127.93,0,0,Settled
TRD-106637,05-10-2025,CLI-1077,OTC Derivatives,194176,96.08,113.01,0,1,Margin Breach
TRD-106638,18-01-2025,CLI-1094,FX Options,363650.22,91.22,91.22,0,1,Margin Breach
TRD-106639,12-01-2025,CLI-1021,OTC Derivatives,358649.5,102.24,102.24,0,1,Custodian Delay
TRD-106640,29-06-2025,CLI-1108,Equities,481157.66,79.7,79.7,1,0,Settled
TRD-106641,03-05-2025,CLI-1144,Fixed Income,112957.39,29.02,29.02,1,1,Custodian Delay
TRD-106642,03-09-2025,CLI-1107,Fixed Income,543004.62,212.17,212.17,1,0,Settled
TRD-106643,10-08-2025,CLI-1093,Equities,314955.64,58.88,58.88,1,0,Settled
TRD-106644,20-02-2025,CLI-1135,Equities,494061.6,85.38,85.38,2,0,Settled
TRD-106645,12-03-2025,CLI-1060,Fixed Income,146958.51,36.82,36.82,2,1,Margin Breach
TRD-106646,17-02-2025,CLI-1001,FX Options,294929.57,126.07,126.07,2,0,Settled
TRD-106647,19-01-2025,CLI-1047,Equities,127988.53,44.73,44.73,1,0,Settled
TRD-106648,19-09-2025,CLI-1045,OTC Derivatives,1050942.89,507.64,507.64,1,0,Settled
TRD-106649,25-03-2025,CLI-1060,OTC Derivatives,344677.29,159.18,159.18,0,0,Settled
TRD-106650,04-06-2025,CLI-1133,FX Options,137434.14,22.05,29.33,1,0,Settled
TRD-106651,22-02-2025,CLI-1012,FX Options,31040.92,3.63,3.63,1,0,Settled
TRD-106652,17-04-2025,CLI-1062,OTC Derivatives,573102.75,148.8,148.8,1,0,Settled
TRD-106653,23-12-2025,CLI-1098,Fixed Income,130809.53,40.4,40.4,1,0,Settled
TRD-106654,31-10-2025,CLI-1045,Equities,2292119.33,701.91,701.91,1,0,Settled
TRD-106655,15-05-2025,CLI-1083,Fixed Income,391463.44,60.15,60.15,1,0,Settled
TRD-106656,10-03-2025,CLI-1105,OTC Derivatives,180525.25,27.07,27.07,1,0,Settled
TRD-106657,11-01-2025,CLI-1142,OTC Derivatives,546000.91,64.83,64.83,2,1,Custodian Delay
TRD-106658,23-05-2025,CLI-1121,OTC Derivatives,170943.51,75.27,75.27,1,0,Settled
TRD-106659,11-07-2025,CLI-1073,Equities,868161.72,415.93,415.93,0,0,Settled
TRD-106660,10-03-2025,CLI-1023,Fixed Income,194255.25,28.41,28.41,1,0,Settled
TRD-106661,23-01-2025,CLI-1081,Equities,2231854.53,413.45,413.45,1,0,Settled
TRD-106662,30-06-2025,CLI-1130,Equities,474618.06,64.52,64.52,2,0,Settled
TRD-106663,20-10-2025,CLI-1027,Equities,940269.16,424.06,424.06,1,0,Settled
TRD-106664,09-01-2025,CLI-1075,Equities,47801.34,23.11,23.11,2,0,Settled
TRD-106665,28-09-2025,CLI-1143,OTC Derivatives,224085.03,45.87,45.87,2,0,Settled
TRD-106666,03-04-2025,CLI-1002,Equities,678727.5,150.29,150.29,3,1,SSI Mismatch
TRD-106667,17-01-2025,CLI-1000,Equities,542190.97,132.87,132.87,1,0,Settled
TRD-106668,03-06-2025,CLI-1050,FX Options,117986.61,35.51,35.51,1,0,Settled
TRD-106669,24-11-2025,CLI-1124,Equities,230185.86,85.86,85.86,4,1,SSI Mismatch
TRD-106670,29-05-2025,CLI-1136,Equities,162884.6,49.15,49.15,0,0,Settled
TRD-106671,24-09-2025,CLI-1015,Equities,485143.78,233.06,233.06,3,0,Settled
TRD-106672,24-11-2025,CLI-1048,Equities,221230.53,30.96,30.96,3,1,SSI Mismatch
TRD-106673,16-04-2025,CLI-1005,Equities,194846.98,81.73,81.73,1,0,Settled
TRD-106674,04-02-2025,CLI-1102,Equities,126204.41,29.51,29.51,0,0,Settled
TRD-106675,29-04-2025,CLI-1115,Fixed Income,272992.58,68.53,68.53,2,1,Custodian Delay
TRD-106676,14-01-2025,CLI-1029,Equities,118768.77,45.55,45.55,1,0,Settled
TRD-106677,14-01-2025,CLI-1106,Equities,1652635.87,779.63,779.63,2,0,Settled
TRD-106678,23-09-2025,CLI-1099,OTC Derivatives,93914.63,36.3,36.3,3,1,SSI Mismatch
TRD-106679,20-05-2025,CLI-1088,Fixed Income,1232677.89,505.82,505.82,0,0,Settled
TRD-106680,21-10-2025,CLI-1028,FX Options,289721.86,115.98,115.98,0,0,Settled
TRD-106681,30-12-2025,CLI-1028,Fixed Income,247299.88,56.48,56.48,1,0,Settled
TRD-106682,29-04-2025,CLI-1118,Equities,141540.13,57.01,57.01,2,0,Settled
TRD-106683,26-08-2025,CLI-1067,OTC Derivatives,514966.11,213.1,213.1,0,0,Settled
TRD-106684,03-02-2025,CLI-1103,Equities,588430.14,184.39,184.39,1,0,Settled
TRD-106685,18-06-2025,CLI-1084,Equities,325152.83,102.33,102.33,2,1,Custodian Delay
TRD-106686,10-01-2025,CLI-1010,Fixed Income,38659.33,15.61,15.61,1,0,Settled
TRD-106687,02-05-2025,CLI-1076,Fixed Income,1263638.41,539.34,704.15,1,0,Settled
TRD-106688,25-05-2025,CLI-1147,OTC Derivatives,1974308.28,463.72,463.72,1,0,Settled
TRD-106689,11-08-2025,CLI-1073,FX Options,291975.57,122.81,122.81,2,0,Settled
TRD-106690,14-09-2025,CLI-1095,Equities,485519.78,206.68,206.68,1,0,Settled
TRD-106691,25-09-2025,CLI-1138,Fixed Income,309190.05,59.87,59.87,0,0,Settled
TRD-106692,25-12-2025,CLI-1127,Fixed Income,204215.25,78.99,78.99,0,1,Margin Breach
TRD-106693,04-01-2025,CLI-1058,FX Options,50235.75,8.77,8.77,0,0,Settled
TRD-106694,20-12-2025,CLI-1067,OTC Derivatives,314465.27,43.15,43.15,1,0,Settled
TRD-106695,16-04-2025,CLI-1048,FX Options,862931.89,284.61,284.61,3,0,Settled
TRD-106696,26-03-2025,CLI-1014,Equities,18589.08,8.62,8.62,0,0,Settled
TRD-106697,02-08-2025,CLI-1130,OTC Derivatives,446265.75,50.96,50.96,1,0,Settled
TRD-106698,01-05-2025,CLI-1085,Equities,1073359.28,462.19,462.19,2,1,SSI Mismatch
TRD-106699,12-05-2025,CLI-1138,Equities,132662.26,40.14,40.14,0,0,Settled
TRD-106700,04-12-2025,CLI-1074,FX Options,111214.7,49.42,49.42,1,0,Settled
TRD-106701,16-07-2025,CLI-1007,Equities,749811.83,327.96,327.96,3,1,Custodian Delay
TRD-106702,19-01-2025,CLI-1036,FX Options,157243.54,70.78,70.78,2,0,Settled
TRD-106703,10-05-2025,CLI-1019,Equities,116586.87,47.51,47.51,2,0,Settled
TRD-106704,12-01-2025,CLI-1114,OTC Derivatives,247398.95,108.16,108.16,0,0,Settled
TRD-106705,22-03-2025,CLI-1021,Equities,259203.21,44.17,44.17,0,0,Settled
TRD-106706,26-11-2025,CLI-1057,Equities,1046137.89,231.76,231.76,0,0,Settled
TRD-106707,20-12-2025,CLI-1111,Equities,491748.13,96.87,112.65,0,0,Settled
TRD-106708,19-09-2025,CLI-1022,Fixed Income,270405.54,107.34,148.55,0,0,Settled
TRD-106709,05-05-2025,CLI-1097,Equities,392201.27,63.32,63.32,0,0,Settled
TRD-106710,03-11-2025,CLI-1033,Fixed Income,1549179.19,267.84,267.84,0,0,Settled
TRD-106711,24-09-2025,CLI-1046,Equities,70076.18,31.65,31.65,2,0,Settled
TRD-106712,20-05-2025,CLI-1130,Equities,126417.38,48.34,48.34,1,0,Settled
TRD-106713,25-11-2025,CLI-1022,Equities,1652090.07,743.69,743.69,2,0,Settled
TRD-106714,02-01-2025,CLI-1064,Fixed Income,1587069.23,247.17,247.17,2,1,Margin Breach
TRD-106715,08-01-2025,CLI-1017,OTC Derivatives,107500.05,27.91,27.91,3,1,SSI Mismatch
TRD-106716,07-09-2025,CLI-1024,OTC Derivatives,88390.54,18.85,18.85,3,1,System Lag
TRD-106717,19-05-2025,CLI-1001,Equities,283299.92,29.43,37.26,0,0,Settled
TRD-106718,04-05-2025,CLI-1072,Fixed Income,35498.4,7.59,7.59,0,0,Settled
TRD-106719,05-11-2025,CLI-1118,OTC Derivatives,541965.64,136.48,136.48,1,0,Settled
TRD-106720,16-08-2025,CLI-1053,Equities,50331.8,6.89,6.89,0,0,Settled
TRD-106721,10-01-2025,CLI-1143,Fixed Income,39890.73,13.03,15.03,3,0,Settled
TRD-106722,31-07-2025,CLI-1042,Fixed Income,341975.71,86.61,86.61,1,0,Settled
TRD-106723,22-04-2025,CLI-1104,Equities,1592509.21,188.85,188.85,2,0,Settled
TRD-106724,08-01-2025,CLI-1015,Equities,288256.75,110,110,1,0,Settled
TRD-106725,19-10-2025,CLI-1006,Equities,230401.99,90.25,90.25,1,0,Settled
TRD-106726,28-12-2025,CLI-1017,Fixed Income,3106598.36,1347.61,1347.61,1,0,Settled
TRD-106727,10-09-2025,CLI-1134,Equities,389610.33,114.63,114.63,4,0,Settled
TRD-106728,14-01-2025,CLI-1085,Equities,245194.98,119.52,119.52,4,0,Settled
TRD-106729,28-08-2025,CLI-1061,Equities,253766.84,118.16,118.16,1,0,Settled
TRD-106730,30-08-2025,CLI-1060,Equities,118431.34,37.96,44.62,1,0,Settled
TRD-106731,08-12-2025,CLI-1061,Equities,368948.53,102.56,102.56,1,0,Settled
TRD-106732,29-05-2025,CLI-1012,FX Options,298888,30.25,30.25,5,1,Custodian Delay
TRD-106733,24-08-2025,CLI-1058,Equities,167900.39,64.54,87.28,1,0,Settled
TRD-106734,02-11-2025,CLI-1016,Fixed Income,97498.28,31.78,31.78,3,0,Settled
TRD-106735,16-06-2025,CLI-1144,Equities,196430.38,93.31,93.31,1,0,Settled
TRD-106736,20-01-2025,CLI-1015,Fixed Income,365333.2,123.37,123.37,2,0,Settled
TRD-106737,04-08-2025,CLI-1012,Fixed Income,40051.93,19.91,19.91,2,0,Settled
TRD-106738,09-12-2025,CLI-1018,Equities,93466.7,41.27,41.27,1,0,Settled
TRD-106739,15-05-2025,CLI-1092,OTC Derivatives,1484971.08,714.92,714.92,0,0,Settled
TRD-106740,09-05-2025,CLI-1075,Fixed Income,401377.71,92.74,92.74,1,0,Settled
TRD-106741,21-10-2025,CLI-1119,OTC Derivatives,42775.81,6.83,6.83,2,1,Margin Breach
TRD-106742,03-09-2025,CLI-1053,Fixed Income,600596.72,251.5,251.5,3,0,Settled
TRD-106743,08-07-2025,CLI-1022,FX Options,41897.6,17.37,17.37,1,1,SSI Mismatch
TRD-106744,13-02-2025,CLI-1121,OTC Derivatives,681376.55,125.77,125.77,1,0,Settled
TRD-106745,27-03-2025,CLI-1128,FX Options,703072.63,285.38,285.38,1,0,Settled
TRD-106746,13-02-2025,CLI-1106,Fixed Income,536454.84,178.53,237.93,1,0,Settled
TRD-106747,26-11-2025,CLI-1068,Fixed Income,668765.91,96.18,96.18,2,0,Settled
TRD-106748,25-05-2025,CLI-1047,OTC Derivatives,56038.88,16.85,16.85,1,0,Settled
TRD-106749,20-02-2025,CLI-1003,OTC Derivatives,658739.98,311.23,311.23,2,0,Settled
TRD-106750,30-08-2025,CLI-1010,FX Options,83489.75,25.26,25.26,1,0,Settled
TRD-106751,21-10-2025,CLI-1013,Equities,217383.55,90.32,90.32,0,0,Settled
TRD-106752,20-02-2025,CLI-1031,OTC Derivatives,1440122.37,160.67,160.67,5,1,System Lag
TRD-106753,23-09-2025,CLI-1111,Equities,359457.37,140.63,140.63,0,0,Settled
TRD-106754,30-04-2025,CLI-1099,Fixed Income,1722127.06,824.44,824.44,1,0,Settled
TRD-106755,19-07-2025,CLI-1076,Equities,56563.63,16.96,16.96,2,0,Settled
TRD-106756,05-09-2025,CLI-1008,Equities,334619.31,78.66,78.66,0,0,Settled
TRD-106757,11-03-2025,CLI-1117,FX Options,42217.17,15.14,15.14,3,1,Custodian Delay
TRD-106758,07-12-2025,CLI-1104,Equities,507410.36,236.71,236.71,1,0,Settled
TRD-106759,26-02-2025,CLI-1119,Fixed Income,50988.58,8.7,8.7,0,0,Settled
TRD-106760,08-02-2025,CLI-1025,Fixed Income,106408.91,27.82,27.82,1,0,Settled
TRD-106761,16-10-2025,CLI-1109,Equities,159762.84,25.96,25.96,1,0,Settled
TRD-106762,18-01-2025,CLI-1138,Equities,700641.17,209.25,209.25,1,0,Settled
TRD-106763,08-08-2025,CLI-1130,Fixed Income,99540.68,31.47,31.47,0,0,Settled
TRD-106764,09-11-2025,CLI-1149,Equities,947457.68,452.58,452.58,1,0,Settled
TRD-106765,01-09-2025,CLI-1054,OTC Derivatives,80726.45,21.39,21.39,0,0,Settled
TRD-106766,18-12-2025,CLI-1085,FX Options,27940.26,9.13,9.13,0,0,Settled
TRD-106767,31-10-2025,CLI-1062,Equities,261300.95,118.66,118.66,2,0,Settled
TRD-106768,25-10-2025,CLI-1095,Equities,1952243.85,446.21,570.09,0,0,Settled
TRD-106769,10-10-2025,CLI-1063,Fixed Income,68459.21,25.31,25.31,1,0,Settled
TRD-106770,15-03-2025,CLI-1116,OTC Derivatives,63635.86,25.64,25.64,1,0,Settled
TRD-106771,20-04-2025,CLI-1087,Equities,705485.66,163.82,163.82,1,0,Settled
TRD-106772,29-06-2025,CLI-1072,Equities,197100.74,32.67,32.67,1,0,Settled
TRD-106773,01-02-2025,CLI-1046,Fixed Income,641652,193.24,193.24,1,1,Margin Breach
TRD-106774,22-08-2025,CLI-1088,FX Options,121578.39,29.51,29.51,1,0,Settled
TRD-106775,09-10-2025,CLI-1085,Equities,318159.74,65.73,65.73,1,0,Settled
TRD-106776,25-01-2025,CLI-1043,Fixed Income,164139.62,80.32,80.32,1,0,Settled
TRD-106777,27-11-2025,CLI-1134,FX Options,310309.72,93.36,93.36,0,0,Settled
TRD-106778,06-10-2025,CLI-1036,Fixed Income,742878.99,328.79,328.79,2,0,Settled
TRD-106779,14-08-2025,CLI-1099,OTC Derivatives,727763.19,129.63,129.63,1,0,Settled
TRD-106780,26-02-2025,CLI-1068,Fixed Income,372600,177.27,227.01,2,0,Settled
TRD-106781,29-06-2025,CLI-1022,FX Options,1328133.52,554.86,638.69,1,0,Settled
TRD-106782,20-08-2025,CLI-1041,Fixed Income,163115.93,69.08,69.08,0,0,Settled
TRD-106783,09-12-2025,CLI-1014,OTC Derivatives,147423.3,37.73,37.73,1,0,Settled
TRD-106784,14-10-2025,CLI-1113,Fixed Income,485708.24,142.92,142.92,0,0,Settled
TRD-106785,05-03-2025,CLI-1017,OTC Derivatives,495501.56,167.15,167.15,1,0,Settled
TRD-106786,20-08-2025,CLI-1017,Equities,33828.92,14.07,14.07,0,0,Settled
TRD-106787,16-10-2025,CLI-1145,Equities,477963.27,210.12,210.12,1,0,Settled
TRD-106788,01-08-2025,CLI-1058,OTC Derivatives,244550.94,32.09,32.09,1,0,Settled
TRD-106789,15-09-2025,CLI-1074,Equities,698058.22,322.24,322.24,2,0,Settled
TRD-106790,18-01-2025,CLI-1110,Fixed Income,835405.2,396.82,396.82,1,0,Settled
TRD-106791,24-06-2025,CLI-1122,Equities,411652.73,138.79,138.79,4,0,Settled
TRD-106792,17-08-2025,CLI-1031,OTC Derivatives,10853.24,1.9,1.9,2,0,Settled
TRD-106793,14-08-2025,CLI-1062,Equities,515803.44,220.44,220.44,1,0,Settled
TRD-106794,25-03-2025,CLI-1137,OTC Derivatives,700914.73,223.9,223.9,1,1,System Lag
TRD-106795,18-10-2025,CLI-1139,Fixed Income,153163.67,65.38,65.38,0,0,Settled
TRD-106796,03-09-2025,CLI-1090,Equities,322413.54,137.32,137.32,1,1,Custodian Delay
TRD-106797,20-04-2025,CLI-1000,Fixed Income,1696693.21,228.53,228.53,0,0,Settled
TRD-106798,11-09-2025,CLI-1096,Equities,186993.25,64.1,64.1,0,0,Settled
TRD-106799,29-03-2025,CLI-1102,Equities,136256.09,39.96,39.96,2,0,Settled
TRD-106800,13-03-2025,CLI-1018,Equities,128402.47,61.43,61.43,2,1,SSI Mismatch
TRD-106801,30-01-2025,CLI-1117,Equities,419129.44,91.65,91.65,1,0,Settled
TRD-106802,21-06-2025,CLI-1010,FX Options,1505741.67,274.65,274.65,1,0,Settled
TRD-106803,05-11-2025,CLI-1048,Equities,479127.76,219.84,219.84,2,0,Settled
TRD-106804,09-12-2025,CLI-1067,Fixed Income,190716.78,30.42,30.42,1,0,Settled
TRD-106805,26-06-2025,CLI-1124,Equities,518843.14,194.36,194.36,1,0,Settled
TRD-106806,19-05-2025,CLI-1066,Fixed Income,500204.4,110.05,110.05,1,0,Settled
TRD-106807,13-07-2025,CLI-1136,Equities,464316.48,151.9,151.9,1,0,Settled
TRD-106808,05-07-2025,CLI-1023,Fixed Income,96835.27,33.55,33.55,2,0,Settled
TRD-106809,06-08-2025,CLI-1038,OTC Derivatives,513335.89,137.03,137.03,0,0,Settled
TRD-106810,13-06-2025,CLI-1008,Fixed Income,291203.74,142.69,142.69,2,1,Custodian Delay
TRD-106811,10-06-2025,CLI-1014,Equities,19383.53,2.96,2.96,2,0,Settled
TRD-106812,13-01-2025,CLI-1104,Fixed Income,398008.47,102.11,102.11,0,0,Settled
TRD-106813,23-10-2025,CLI-1000,Equities,2277204.22,619.76,619.76,1,0,Settled
TRD-106814,30-03-2025,CLI-1110,Equities,225191.18,79.36,79.36,2,0,Settled
TRD-106815,20-11-2025,CLI-1102,Fixed Income,1694256.95,445.43,445.43,0,0,Settled
TRD-106816,11-02-2025,CLI-1022,Fixed Income,60576.77,8.41,8.41,2,1,SSI Mismatch
TRD-106817,29-07-2025,CLI-1008,Fixed Income,669224.62,320.54,397.14,2,1,Margin Breach
TRD-106818,17-08-2025,CLI-1133,OTC Derivatives,70705.43,18.84,18.84,1,0,Settled
TRD-106819,16-12-2025,CLI-1011,Equities,169807.66,40.26,40.26,1,0,Settled
TRD-106820,02-10-2025,CLI-1107,Equities,432963.71,120.66,120.66,1,1,Margin Breach
TRD-106821,06-10-2025,CLI-1053,Equities,459200.47,85.7,85.7,3,0,Settled
TRD-106822,08-09-2025,CLI-1142,Fixed Income,756297.25,105.95,105.95,2,0,Settled
TRD-106823,06-11-2025,CLI-1130,Fixed Income,487660.56,77.75,77.75,1,0,Settled
TRD-106824,27-07-2025,CLI-1000,Equities,460226.78,76.7,97.22,1,1,Custodian Delay
TRD-106825,17-11-2025,CLI-1140,OTC Derivatives,1227219.44,219.76,219.76,4,1,Custodian Delay
TRD-106826,20-05-2025,CLI-1074,Fixed Income,310886.69,83.31,83.31,1,0,Settled
TRD-106827,07-10-2025,CLI-1061,Fixed Income,137617.62,48.11,48.11,2,0,Settled
TRD-106828,03-02-2025,CLI-1130,Fixed Income,98242.46,34.54,34.54,1,0,Settled
TRD-106829,05-11-2025,CLI-1015,Fixed Income,265408.31,26.55,26.55,0,0,Settled
TRD-106830,18-01-2025,CLI-1125,Fixed Income,633705.98,296.82,296.82,1,0,Settled
TRD-106831,26-02-2025,CLI-1090,Equities,31737.49,13.62,13.62,3,1,System Lag
TRD-106832,22-04-2025,CLI-1104,Equities,79087.3,38.4,38.4,1,0,Settled
TRD-106833,05-01-2025,CLI-1026,Equities,66088.21,16.13,16.13,2,0,Settled
TRD-106834,01-07-2025,CLI-1011,Fixed Income,450039.86,164.68,164.68,0,0,Settled
TRD-106835,13-01-2025,CLI-1146,OTC Derivatives,149106.62,24.93,24.93,0,0,Settled
TRD-106836,05-12-2025,CLI-1144,Fixed Income,100916.5,43.07,43.07,3,1,Margin Breach
TRD-106837,12-10-2025,CLI-1136,Equities,459189.46,75.56,75.56,0,0,Settled
TRD-106838,16-09-2025,CLI-1139,OTC Derivatives,726294.64,167.33,167.33,1,0,Settled
TRD-106839,31-03-2025,CLI-1032,OTC Derivatives,211849.52,62.78,62.78,1,0,Settled
TRD-106840,14-04-2025,CLI-1140,OTC Derivatives,441617.47,149.18,205.38,1,1,Custodian Delay
TRD-106841,05-07-2025,CLI-1084,Fixed Income,61639.35,19.96,19.96,1,0,Settled
TRD-106842,07-09-2025,CLI-1102,OTC Derivatives,1378155.63,194.1,194.1,3,0,Settled
TRD-106843,12-09-2025,CLI-1098,Equities,215411.86,57.87,57.87,2,0,Settled
TRD-106844,17-03-2025,CLI-1099,Equities,3006872.21,1410.72,1939.5,4,0,Settled
TRD-106845,18-04-2025,CLI-1094,Equities,1931896.18,867.32,867.32,1,1,System Lag
TRD-106846,05-06-2025,CLI-1076,OTC Derivatives,764397.01,257.08,257.08,0,0,Settled
TRD-106847,23-03-2025,CLI-1062,Equities,20135.59,6.62,6.62,3,0,Settled
TRD-106848,18-03-2025,CLI-1017,Fixed Income,402055.82,58.17,58.17,0,0,Settled
TRD-106849,15-09-2025,CLI-1137,Fixed Income,55420.12,9.98,9.98,1,0,Settled
TRD-106850,07-05-2025,CLI-1127,Equities,1137555.16,228.71,228.71,0,0,Settled
TRD-106851,09-10-2025,CLI-1109,OTC Derivatives,789458.56,233.11,233.11,3,0,Settled
TRD-106852,29-03-2025,CLI-1079,Equities,1803890.78,708.1,708.1,2,0,Settled
TRD-106853,23-07-2025,CLI-1086,Equities,478735.42,136.1,157.52,1,1,SSI Mismatch
TRD-106854,16-01-2025,CLI-1043,OTC Derivatives,379253.06,57.05,57.05,2,0,Settled
TRD-106855,31-05-2025,CLI-1048,Equities,375916.83,103.66,103.66,1,0,Settled
TRD-106856,11-09-2025,CLI-1079,Fixed Income,254245.43,41.96,41.96,2,0,Settled
TRD-106857,07-07-2025,CLI-1056,OTC Derivatives,326204.88,130.63,130.63,1,0,Settled
TRD-106858,25-11-2025,CLI-1115,FX Options,514494.46,85.71,85.71,2,0,Settled
TRD-106859,01-02-2025,CLI-1088,OTC Derivatives,1361140.49,398.83,398.83,3,0,Settled
TRD-106860,28-09-2025,CLI-1082,Equities,463027.08,174.73,174.73,2,1,Margin Breach
TRD-106861,05-01-2025,CLI-1121,Fixed Income,982860.88,188,188,1,0,Settled
TRD-106862,26-11-2025,CLI-1126,Equities,1003084.58,130.81,151.58,0,0,Settled
TRD-106863,04-11-2025,CLI-1117,Equities,375770.1,122.25,122.25,2,0,Settled
TRD-106864,29-11-2025,CLI-1095,Equities,223448.81,27.19,27.19,2,1,SSI Mismatch
TRD-106865,18-06-2025,CLI-1113,Equities,520234.13,174.33,174.33,0,0,Settled
TRD-106866,30-06-2025,CLI-1100,OTC Derivatives,305184.61,122.5,122.5,0,0,Settled
TRD-106867,27-06-2025,CLI-1102,Equities,52474.5,12.16,12.16,1,1,Custodian Delay
TRD-106868,23-05-2025,CLI-1011,Fixed Income,247254.16,73.02,73.02,1,0,Settled
TRD-106869,28-12-2025,CLI-1142,Fixed Income,2574045.84,1213.67,1213.67,0,0,Settled
TRD-106870,05-09-2025,CLI-1078,Fixed Income,34864.03,10.06,10.06,1,0,Settled
TRD-106871,07-05-2025,CLI-1083,FX Options,606461.89,302.4,302.4,3,0,Settled
TRD-106872,20-09-2025,CLI-1059,Equities,930019.3,151.41,151.41,1,0,Settled
TRD-106873,09-02-2025,CLI-1069,Fixed Income,533094.23,204.48,204.48,0,0,Settled
TRD-106874,21-12-2025,CLI-1018,Fixed Income,431692.37,155.86,155.86,1,0,Settled
TRD-106875,12-09-2025,CLI-1117,Equities,624738.34,280.46,280.46,1,0,Settled
TRD-106876,23-05-2025,CLI-1125,Fixed Income,290483.24,39.79,39.79,2,1,Custodian Delay
TRD-106877,28-08-2025,CLI-1109,OTC Derivatives,57904.11,12.28,12.28,4,1,Margin Breach
TRD-106878,16-08-2025,CLI-1082,Equities,1650000.15,252.24,312.37,1,0,Settled
TRD-106879,07-12-2025,CLI-1039,Equities,293081.76,138.7,138.7,2,0,Settled
TRD-106880,17-07-2025,CLI-1035,Equities,557393.66,150.86,150.86,3,1,Margin Breach
TRD-106881,06-03-2025,CLI-1147,OTC Derivatives,388907.32,180.46,180.46,1,1,Margin Breach
TRD-106882,11-01-2025,CLI-1047,OTC Derivatives,38112.23,8.3,8.3,0,0,Settled
TRD-106883,18-04-2025,CLI-1097,Fixed Income,1536115.35,231.26,231.26,1,0,Settled
TRD-106884,26-01-2025,CLI-1054,Fixed Income,796401.68,174.11,219.89,1,0,Settled
TRD-106885,31-05-2025,CLI-1038,OTC Derivatives,90729.1,30.75,30.75,2,0,Settled
TRD-106886,09-08-2025,CLI-1109,OTC Derivatives,2009032.23,880.14,880.14,1,0,Settled
TRD-106887,07-12-2025,CLI-1085,OTC Derivatives,677613.15,172.22,172.22,1,1,Margin Breach
TRD-106888,25-08-2025,CLI-1049,OTC Derivatives,329634.18,153.58,153.58,2,0,Settled
TRD-106889,25-08-2025,CLI-1029,Fixed Income,482563.85,95.4,95.4,1,0,Settled
TRD-106890,07-08-2025,CLI-1054,Fixed Income,66436.94,25.07,25.07,1,0,Settled
TRD-106891,31-05-2025,CLI-1060,OTC Derivatives,420958.12,165.98,165.98,1,0,Settled
TRD-106892,03-05-2025,CLI-1035,FX Options,48257.55,10.11,10.11,0,0,Settled
TRD-106893,24-05-2025,CLI-1140,Equities,403569.9,44.71,44.71,3,0,Settled
TRD-106894,08-07-2025,CLI-1118,Equities,412258.07,101.45,101.45,0,0,Settled
TRD-106895,12-09-2025,CLI-1096,FX Options,1047480.94,123.68,123.68,3,0,Settled
TRD-106896,09-03-2025,CLI-1089,Equities,655596.65,301.77,301.77,1,0,Settled
TRD-106897,14-04-2025,CLI-1000,OTC Derivatives,153542.72,73.92,73.92,3,0,Settled
TRD-106898,02-12-2025,CLI-1001,Equities,1106534.25,436.14,436.14,2,0,Settled
TRD-106899,08-06-2025,CLI-1035,Equities,435769.86,170.24,170.24,2,1,Custodian Delay
TRD-106900,05-11-2025,CLI-1079,Equities,476183.99,93.5,114.14,1,0,Settled
TRD-106901,28-12-2025,CLI-1136,Equities,102551.53,13.29,13.29,3,0,Settled
TRD-106902,27-10-2025,CLI-1014,Equities,985167.55,414.6,414.6,1,0,Settled
TRD-106903,31-03-2025,CLI-1054,Fixed Income,1346571.66,435.84,435.84,3,1,Custodian Delay
TRD-106904,23-12-2025,CLI-1085,OTC Derivatives,755806.66,281.65,281.65,0,0,Settled
TRD-106905,13-09-2025,CLI-1078,FX Options,1423015.45,586.08,586.08,3,0,Settled
TRD-106906,19-12-2025,CLI-1003,Fixed Income,189982.97,50.11,59.81,1,0,Settled
TRD-106907,08-08-2025,CLI-1143,Fixed Income,997069.52,157.36,157.36,2,0,Settled
TRD-106908,09-01-2025,CLI-1122,Fixed Income,345588.3,144.46,144.46,1,1,System Lag
TRD-106909,12-01-2025,CLI-1010,Fixed Income,99513.82,28.01,28.01,0,0,Settled
TRD-106910,21-11-2025,CLI-1021,Fixed Income,562517.33,242.32,302.8,1,0,Settled
TRD-106911,01-09-2025,CLI-1053,Equities,586196.87,161.25,161.25,2,0,Settled
TRD-106912,01-07-2025,CLI-1089,Equities,179084,33.45,33.45,4,0,Settled
TRD-106913,11-10-2025,CLI-1002,Equities,23939.17,4.03,4.03,0,0,Settled
TRD-106914,08-11-2025,CLI-1096,Equities,121476.32,48.3,57.28,1,0,Settled
TRD-106915,09-04-2025,CLI-1065,OTC Derivatives,265227.47,87.51,120.92,0,0,Settled
TRD-106916,16-07-2025,CLI-1011,Equities,101698.81,26.63,26.63,0,0,Settled
TRD-106917,14-08-2025,CLI-1123,OTC Derivatives,117854.35,34.98,34.98,1,0,Settled
TRD-106918,29-11-2025,CLI-1100,FX Options,258289.35,82.62,82.62,2,0,Settled
TRD-106919,13-04-2025,CLI-1007,FX Options,1642284.71,321.5,321.5,1,1,Custodian Delay
TRD-106920,16-04-2025,CLI-1080,FX Options,732477.93,184.05,184.05,1,0,Settled
TRD-106921,31-12-2025,CLI-1131,Equities,202646.28,43.97,43.97,1,0,Settled
TRD-106922,27-02-2025,CLI-1043,Fixed Income,1524169.77,389.23,389.23,0,0,Settled
TRD-106923,19-03-2025,CLI-1133,Equities,528730.55,158.74,158.74,1,0,Settled
TRD-106924,16-03-2025,CLI-1120,OTC Derivatives,313897.43,53.16,53.16,1,0,Settled
TRD-106925,11-02-2025,CLI-1039,OTC Derivatives,325838.12,83.87,104.44,1,0,Settled
TRD-106926,20-11-2025,CLI-1085,OTC Derivatives,274447.67,69.76,69.76,1,0,Settled
TRD-106927,30-06-2025,CLI-1034,Fixed Income,142629.06,30.58,30.58,1,0,Settled
TRD-106928,02-02-2025,CLI-1126,OTC Derivatives,254395.26,127.04,173.4,1,1,SSI Mismatch
TRD-106929,12-03-2025,CLI-1049,Equities,385278.4,49.87,49.87,3,0,Settled
TRD-106930,25-02-2025,CLI-1010,Equities,385417.12,137.66,137.66,0,0,Settled
TRD-106931,15-04-2025,CLI-1065,OTC Derivatives,727189.88,123.46,123.46,2,0,Settled
TRD-106932,19-07-2025,CLI-1122,Fixed Income,232205.26,101.2,101.2,2,0,Settled
TRD-106933,11-04-2025,CLI-1125,FX Options,640797.48,298.41,298.41,2,0,Settled
TRD-106934,13-09-2025,CLI-1017,Equities,441483.81,115.05,115.05,1,0,Settled
TRD-106935,03-11-2025,CLI-1069,OTC Derivatives,1643054.54,705.51,705.51,3,1,System Lag
TRD-106936,15-03-2025,CLI-1033,Fixed Income,253298.21,50.65,50.65,2,1,System Lag
TRD-106937,20-06-2025,CLI-1011,OTC Derivatives,1167412.17,182.15,182.15,3,1,Margin Breach
TRD-106938,23-05-2025,CLI-1020,OTC Derivatives,869187.26,196.74,196.74,1,0,Settled
TRD-106939,15-06-2025,CLI-1059,FX Options,517592.05,122.5,122.5,2,0,Settled
TRD-106940,18-09-2025,CLI-1127,Equities,541402.25,140.19,140.19,2,0,Settled
TRD-106941,09-08-2025,CLI-1009,FX Options,54224.35,13.51,13.51,1,0,Settled
TRD-106942,24-03-2025,CLI-1015,Equities,1510117.25,399.36,399.36,0,1,Margin Breach
TRD-106943,01-07-2025,CLI-1022,Equities,66548.55,25.56,25.56,0,0,Settled
TRD-106944,03-11-2025,CLI-1148,Fixed Income,424178.06,84.09,84.09,3,0,Settled
TRD-106945,10-01-2025,CLI-1060,OTC Derivatives,210291.62,22.59,22.59,0,1,SSI Mismatch
TRD-106946,04-01-2025,CLI-1042,Fixed Income,290929.63,86.08,86.08,1,1,SSI Mismatch
TRD-106947,17-12-2025,CLI-1015,OTC Derivatives,481038.95,134.36,134.36,1,0,Settled
TRD-106948,02-12-2025,CLI-1010,OTC Derivatives,1207631.95,149.78,149.78,0,0,Settled
TRD-106949,19-10-2025,CLI-1020,Equities,315845.47,48.49,48.49,1,0,Settled
TRD-106950,08-10-2025,CLI-1120,FX Options,2210280.89,671.86,671.86,0,0,Settled
TRD-106951,03-08-2025,CLI-1143,Equities,459240.22,89.05,89.05,0,0,Settled
TRD-106952,08-04-2025,CLI-1085,OTC Derivatives,97506.53,43.98,43.98,1,0,Settled
TRD-106953,11-04-2025,CLI-1100,Equities,115366.25,19.53,19.53,1,0,Settled
TRD-106954,09-01-2025,CLI-1097,Fixed Income,639586.04,69.11,69.11,0,0,Settled
TRD-106955,02-03-2025,CLI-1142,Fixed Income,35856.06,10,10,1,0,Settled
TRD-106956,05-11-2025,CLI-1064,Equities,337291.78,166.78,166.78,1,0,Settled
TRD-106957,26-05-2025,CLI-1115,Equities,90212.98,31.89,41.3,1,1,Margin Breach
TRD-106958,04-03-2025,CLI-1131,Equities,293890.82,71.01,71.01,5,0,Settled
TRD-106959,01-05-2025,CLI-1031,Equities,702982.05,75.04,75.04,0,0,Settled
TRD-106960,14-08-2025,CLI-1135,Equities,316995.14,93.19,93.19,2,0,Settled
TRD-106961,15-04-2025,CLI-1035,Fixed Income,99235.16,18.12,18.12,4,1,Margin Breach
TRD-106962,17-09-2025,CLI-1099,OTC Derivatives,155126.27,55.71,55.71,0,0,Settled
TRD-106963,15-12-2025,CLI-1055,Fixed Income,239068.83,79.66,102.99,2,0,Settled
TRD-106964,12-09-2025,CLI-1087,OTC Derivatives,46049.48,9.49,9.49,0,0,Settled
TRD-106965,26-07-2025,CLI-1130,Fixed Income,448940.99,57.26,57.26,0,0,Settled
TRD-106966,28-01-2025,CLI-1141,Fixed Income,477652.42,192.02,192.02,1,0,Settled
TRD-106967,19-06-2025,CLI-1094,Fixed Income,42083.66,14.06,14.06,0,0,Settled
TRD-106968,02-12-2025,CLI-1033,Fixed Income,267342.63,116.79,116.79,1,0,Settled
TRD-106969,17-03-2025,CLI-1035,Fixed Income,277218.33,56.53,56.53,0,0,Settled
TRD-106970,26-04-2025,CLI-1031,Equities,213097.36,76.96,76.96,2,0,Settled
TRD-106971,10-03-2025,CLI-1000,OTC Derivatives,417928.37,61.63,61.63,1,0,Settled
TRD-106972,20-12-2025,CLI-1051,OTC Derivatives,222291.46,48.18,48.18,1,0,Settled
TRD-106973,22-08-2025,CLI-1140,Equities,279277.68,101.27,101.27,1,0,Settled
TRD-106974,01-01-2025,CLI-1074,OTC Derivatives,808565.84,347.87,347.87,0,0,Settled
TRD-106975,16-06-2025,CLI-1074,Equities,98433.84,22.48,22.48,2,1,Custodian Delay
TRD-106976,18-12-2025,CLI-1063,Equities,492628.49,206.68,206.68,2,0,Settled
TRD-106977,06-08-2025,CLI-1132,Equities,362199.52,134.41,134.41,1,0,Settled
TRD-106978,30-09-2025,CLI-1124,OTC Derivatives,191973.26,45.97,45.97,4,1,SSI Mismatch
TRD-106979,08-09-2025,CLI-1075,OTC Derivatives,660121.93,297.42,398.68,1,1,Custodian Delay
TRD-106980,13-12-2025,CLI-1051,OTC Derivatives,410575.99,124.69,124.69,1,1,Custodian Delay
TRD-106981,10-12-2025,CLI-1019,Equities,334432.66,120.16,120.16,0,0,Settled
TRD-106982,23-06-2025,CLI-1051,Fixed Income,560812.38,167.26,167.26,0,0,Settled
TRD-106983,19-06-2025,CLI-1049,OTC Derivatives,820477.76,230.63,230.63,1,1,System Lag
TRD-106984,03-09-2025,CLI-1067,Equities,1809863,794.88,794.88,0,0,Settled
TRD-106985,31-03-2025,CLI-1040,Fixed Income,506249.03,110.3,110.3,1,0,Settled
TRD-106986,18-02-2025,CLI-1048,Equities,1047485.72,120.1,120.1,1,0,Settled
TRD-106987,21-10-2025,CLI-1070,Equities,10546.07,4.77,4.77,0,0,Settled
TRD-106988,30-05-2025,CLI-1046,Fixed Income,387762.09,166.74,166.74,0,0,Settled
TRD-106989,12-05-2025,CLI-1056,Fixed Income,130811.34,32.26,32.26,1,1,Custodian Delay
TRD-106990,28-02-2025,CLI-1066,Equities,59464.21,10.36,10.36,1,0,Settled
TRD-106991,20-11-2025,CLI-1045,Equities,389612.53,144.24,144.24,1,1,SSI Mismatch
TRD-106992,18-07-2025,CLI-1040,Equities,696840.14,91.64,111.46,1,0,Settled
TRD-106993,03-08-2025,CLI-1084,Equities,275745.96,74.31,74.31,0,0,Settled
TRD-106994,18-02-2025,CLI-1024,Equities,564494.14,75.84,75.84,0,0,Settled
TRD-106995,20-08-2025,CLI-1002,Equities,346397.11,117.49,117.49,1,1,Custodian Delay
TRD-106996,04-09-2025,CLI-1029,Fixed Income,297314.09,32.97,40.56,3,1,SSI Mismatch
TRD-106997,27-08-2025,CLI-1102,Fixed Income,181425.92,63.81,63.81,3,1,Custodian Delay
TRD-106998,17-06-2025,CLI-1085,OTC Derivatives,251113.83,92.73,92.73,3,1,SSI Mismatch
TRD-106999,17-02-2025,CLI-1001,OTC Derivatives,225234.28,66.41,66.41,3,0,Settled
TRD-107000,20-02-2025,CLI-1008,Equities,529493.64,90.02,90.02,3,0,Settled
TRD-107001,26-10-2025,CLI-1057,Equities,71659.58,10.07,10.07,0,0,Settled
TRD-107002,08-04-2025,CLI-1003,OTC Derivatives,58606,13.2,13.2,2,0,Settled
TRD-107003,04-08-2025,CLI-1146,Equities,549423.94,157.18,157.18,1,0,Settled
TRD-107004,26-06-2025,CLI-1084,Equities,405157.42,144.59,144.59,2,0,Settled
TRD-107005,21-03-2025,CLI-1013,Equities,291235.01,29.27,29.27,2,0,Settled
TRD-107006,04-07-2025,CLI-1128,Fixed Income,92698.52,35.64,44.7,1,0,Settled
TRD-107007,27-01-2025,CLI-1104,Fixed Income,274687.56,105.78,105.78,1,0,Settled
TRD-107008,14-07-2025,CLI-1019,FX Options,789685.62,219.39,219.39,2,0,Settled
TRD-107009,02-08-2025,CLI-1122,OTC Derivatives,1111918.76,263.93,346.4,2,1,Custodian Delay
TRD-107010,08-12-2025,CLI-1073,Fixed Income,616299.23,269.28,269.28,0,0,Settled
TRD-107011,24-04-2025,CLI-1065,Equities,40890.99,16.92,16.92,0,0,Settled
TRD-107012,30-08-2025,CLI-1064,Equities,564952.57,278.7,278.7,0,0,Settled
TRD-107013,04-05-2025,CLI-1135,Equities,147867.26,36.79,36.79,1,0,Settled
TRD-107014,01-11-2025,CLI-1008,Equities,199351.64,92.25,92.25,3,0,Settled
TRD-107015,17-03-2025,CLI-1038,Equities,118999.16,16.06,16.06,1,0,Settled
TRD-107016,07-11-2025,CLI-1063,Equities,757509.8,200.43,200.43,1,1,Custodian Delay
TRD-107017,08-11-2025,CLI-1122,Equities,532918.07,152.49,205.1,1,0,Settled
TRD-107018,15-07-2025,CLI-1056,Equities,483162.46,133.52,133.52,3,0,Settled
TRD-107019,17-12-2025,CLI-1142,FX Options,561268.91,196.47,196.47,1,1,SSI Mismatch
TRD-107020,13-02-2025,CLI-1105,Fixed Income,145099.41,24.39,24.39,3,0,Settled
TRD-107021,05-07-2025,CLI-1079,FX Options,304073.34,135.79,135.79,0,0,Settled
TRD-107022,09-12-2025,CLI-1084,Equities,511542.5,164.05,164.05,1,1,System Lag
TRD-107023,03-09-2025,CLI-1143,Fixed Income,516117.34,238.28,238.28,2,1,System Lag
TRD-107024,25-03-2025,CLI-1072,Equities,794752.63,80.31,80.31,1,0,Settled
TRD-107025,26-07-2025,CLI-1078,Equities,179209.84,63.08,76.02,0,0,Settled
TRD-107026,31-05-2025,CLI-1047,Equities,745569.22,197.56,197.56,2,0,Settled
TRD-107027,05-06-2025,CLI-1059,FX Options,300073.99,90.63,90.63,2,0,Settled
TRD-107028,16-01-2025,CLI-1060,FX Options,564593.04,224.44,224.44,3,0,Settled
TRD-107029,14-06-2025,CLI-1117,Equities,314145.16,59.96,59.96,0,0,Settled
TRD-107030,25-05-2025,CLI-1043,Equities,1494157.49,271.88,271.88,2,0,Settled
TRD-107031,06-02-2025,CLI-1023,Fixed Income,108800.2,41.47,41.47,2,0,Settled
TRD-107032,29-11-2025,CLI-1032,Equities,571972.88,176.48,176.48,1,0,Settled
TRD-107033,14-02-2025,CLI-1139,Equities,439642.21,85.05,85.05,2,0,Settled
TRD-107034,25-07-2025,CLI-1137,Equities,104812.71,30.77,30.77,1,0,Settled
TRD-107035,03-03-2025,CLI-1003,Fixed Income,44142.81,12.53,12.53,2,0,Settled
TRD-107036,22-12-2025,CLI-1101,Equities,812584.49,306,306,2,1,System Lag
TRD-107037,04-11-2025,CLI-1009,Equities,95661.93,9.67,9.67,0,0,Settled
TRD-107038,19-01-2025,CLI-1149,Equities,113208.78,37.89,37.89,0,0,Settled
TRD-107039,31-12-2025,CLI-1028,Fixed Income,1928323.83,660.01,815.4,2,0,Settled
TRD-107040,27-10-2025,CLI-1100,FX Options,641615.27,255.49,255.49,1,0,Settled
TRD-107041,07-01-2025,CLI-1050,Equities,154165.7,70.25,70.25,0,0,Settled
TRD-107042,06-09-2025,CLI-1132,OTC Derivatives,456957.67,126.16,126.16,2,1,Custodian Delay
TRD-107043,27-04-2025,CLI-1002,OTC Derivatives,391904.84,92.88,92.88,1,0,Settled
TRD-107044,09-03-2025,CLI-1113,FX Options,940468.82,132.54,132.54,2,1,Custodian Delay
TRD-107045,03-02-2025,CLI-1093,OTC Derivatives,663410.37,155.73,155.73,1,0,Settled
TRD-107046,13-07-2025,CLI-1046,Fixed Income,901066.35,114.79,114.79,0,0,Settled
TRD-107047,21-11-2025,CLI-1039,OTC Derivatives,128815.61,54.25,73.59,0,0,Settled
TRD-107048,24-02-2025,CLI-1007,Equities,521130.17,220.34,220.34,1,0,Settled
TRD-107049,23-09-2025,CLI-1107,Fixed Income,30536.46,8.15,8.15,1,0,Settled
TRD-107050,11-02-2025,CLI-1117,FX Options,45716.11,9.32,9.32,0,0,Settled
TRD-107051,24-10-2025,CLI-1083,OTC Derivatives,635055.55,93.49,125.36,2,0,Settled
TRD-107052,19-08-2025,CLI-1076,FX Options,22361.61,9.85,9.85,2,1,System Lag
TRD-107053,10-01-2025,CLI-1005,OTC Derivatives,443470.61,200,200,2,0,Settled
TRD-107054,24-12-2025,CLI-1073,OTC Derivatives,927558.27,191.56,191.56,2,1,SSI Mismatch
TRD-107055,08-05-2025,CLI-1052,OTC Derivatives,248970.97,86.82,86.82,2,0,Settled
TRD-107056,28-06-2025,CLI-1069,OTC Derivatives,32938.44,6.7,6.7,0,0,Settled
TRD-107057,12-07-2025,CLI-1126,Fixed Income,635615.11,120.8,120.8,2,0,Settled
TRD-107058,02-04-2025,CLI-1025,FX Options,1337395.39,145.08,145.08,3,0,Settled
TRD-107059,19-08-2025,CLI-1052,OTC Derivatives,641457.1,212.23,212.23,0,0,Settled
TRD-107060,19-03-2025,CLI-1060,OTC Derivatives,441905.17,70.69,70.69,1,0,Settled
TRD-107061,26-03-2025,CLI-1014,Fixed Income,140701.1,14.77,19.66,4,0,Settled
TRD-107062,30-01-2025,CLI-1012,Equities,17747.53,2.52,2.52,0,0,Settled
TRD-107063,01-08-2025,CLI-1078,Equities,603184.51,136.02,136.02,3,0,Settled
TRD-107064,18-02-2025,CLI-1055,FX Options,141349.17,51.97,51.97,2,0,Settled
TRD-107065,22-09-2025,CLI-1022,Fixed Income,986537.25,178.61,178.61,1,0,Settled
TRD-107066,25-05-2025,CLI-1038,Equities,324020.77,147.44,147.44,0,0,Settled
TRD-107067,10-03-2025,CLI-1096,Equities,388187.9,83.61,83.61,1,0,Settled
TRD-107068,27-02-2025,CLI-1020,OTC Derivatives,711082.91,165.32,165.32,2,1,Margin Breach
TRD-107069,04-07-2025,CLI-1141,OTC Derivatives,765771.46,143.35,143.35,0,0,Settled
TRD-107070,03-03-2025,CLI-1012,OTC Derivatives,524520.96,105.7,105.7,1,0,Settled
TRD-107071,04-11-2025,CLI-1031,Fixed Income,1403805.01,182.01,182.01,1,0,Settled
TRD-107072,23-10-2025,CLI-1139,Equities,2027051.15,441.71,441.71,0,0,Settled
TRD-107073,15-06-2025,CLI-1062,Equities,1477652.14,655.85,655.85,2,1,Custodian Delay
TRD-107074,20-06-2025,CLI-1051,Equities,879144.95,330,330,1,0,Settled
TRD-107075,04-03-2025,CLI-1073,OTC Derivatives,621450.78,279.72,279.72,0,0,Settled
TRD-107076,27-05-2025,CLI-1021,Equities,554319.88,78.68,78.68,0,0,Settled
TRD-107077,02-11-2025,CLI-1115,Fixed Income,64768.04,18.28,18.28,2,0,Settled
TRD-107078,10-06-2025,CLI-1092,Fixed Income,168373.08,32.28,32.28,0,0,Settled
TRD-107079,21-05-2025,CLI-1121,Fixed Income,12852.23,4.99,6.01,2,0,Settled
TRD-107080,30-11-2025,CLI-1034,FX Options,83907.82,40.95,40.95,2,0,Settled
TRD-107081,07-04-2025,CLI-1092,Equities,299221.75,127.51,151.7,1,0,Settled
TRD-107082,09-08-2025,CLI-1079,OTC Derivatives,89226.28,10.18,10.18,0,0,Settled
TRD-107083,12-02-2025,CLI-1071,Equities,1169679.57,265.12,265.12,2,0,Settled
TRD-107084,19-10-2025,CLI-1019,Equities,829173.86,92.4,92.4,1,0,Settled
TRD-107085,18-04-2025,CLI-1121,Fixed Income,47152.72,5.47,5.47,0,0,Settled
TRD-107086,23-09-2025,CLI-1146,Equities,153117.37,20.18,20.18,0,0,Settled
TRD-107087,05-04-2025,CLI-1015,OTC Derivatives,864827.74,182.07,182.07,0,0,Settled
TRD-107088,19-09-2025,CLI-1061,Fixed Income,822392.86,182.31,182.31,1,0,Settled
TRD-107089,09-11-2025,CLI-1028,Equities,1464323.83,380.99,380.99,1,0,Settled
TRD-107090,12-03-2025,CLI-1097,Equities,3015377.02,789.95,789.95,1,1,System Lag
TRD-107091,07-08-2025,CLI-1091,Fixed Income,1880508.94,768.31,768.31,0,1,System Lag
TRD-107092,21-01-2025,CLI-1033,OTC Derivatives,273933.32,42.89,42.89,2,1,Custodian Delay
TRD-107093,02-04-2025,CLI-1080,Fixed Income,154060.05,25.13,25.13,0,0,Settled
TRD-107094,07-05-2025,CLI-1003,Fixed Income,720257,252.55,252.55,1,0,Settled
TRD-107095,21-03-2025,CLI-1054,OTC Derivatives,187818.38,61.74,61.74,1,0,Settled
TRD-107096,08-11-2025,CLI-1051,Fixed Income,830981.48,134.29,134.29,5,0,Settled
TRD-107097,26-08-2025,CLI-1097,Equities,391736.25,172.72,172.72,1,0,Settled
TRD-107098,01-07-2025,CLI-1029,Fixed Income,799763.07,185.24,185.24,0,0,Settled
TRD-107099,25-01-2025,CLI-1063,Fixed Income,171398.99,42.3,42.3,3,0,Settled
TRD-107100,05-06-2025,CLI-1029,OTC Derivatives,364666.04,97.8,97.8,1,0,Settled
TRD-107101,05-01-2025,CLI-1042,Fixed Income,425083.8,97.38,97.38,1,1,Margin Breach
TRD-107102,30-04-2025,CLI-1095,FX Options,1443300.87,466.16,466.16,0,0,Settled
TRD-107103,04-10-2025,CLI-1055,Equities,165030.36,42.16,42.16,0,0,Settled
TRD-107104,18-01-2025,CLI-1133,FX Options,1389842.09,283.21,283.21,2,0,Settled
TRD-107105,17-07-2025,CLI-1002,Fixed Income,827016.24,381.91,381.91,2,0,Settled
TRD-107106,26-02-2025,CLI-1077,Fixed Income,666325.06,148.82,148.82,1,0,Settled
TRD-107107,03-04-2025,CLI-1114,Equities,782927.12,297.04,405.77,0,0,Settled
TRD-107108,19-01-2025,CLI-1037,Equities,474973.08,113.47,158.26,0,0,Settled
TRD-107109,19-12-2025,CLI-1144,OTC Derivatives,149909.87,41.09,53.44,1,0,Settled
TRD-107110,12-07-2025,CLI-1025,OTC Derivatives,115048.87,22.36,22.36,0,0,Settled
TRD-107111,25-08-2025,CLI-1099,Equities,1016233.38,407.44,407.44,2,0,Settled
TRD-107112,04-10-2025,CLI-1087,Fixed Income,655745.61,258.94,258.94,2,0,Settled
TRD-107113,15-08-2025,CLI-1148,Equities,129893.32,14.14,14.14,1,0,Settled
TRD-107114,21-08-2025,CLI-1064,FX Options,487377.24,60.47,60.47,1,0,Settled
TRD-107115,09-02-2025,CLI-1061,OTC Derivatives,306692.99,143.82,189.13,1,1,SSI Mismatch
TRD-107116,19-11-2025,CLI-1095,Equities,96376.84,43.9,43.9,0,0,Settled
TRD-107117,02-06-2025,CLI-1062,OTC Derivatives,389490.85,117.8,117.8,0,0,Settled
TRD-107118,07-05-2025,CLI-1057,FX Options,175308.07,52.13,71,0,0,Settled
TRD-107119,25-08-2025,CLI-1111,Equities,60598,25.75,25.75,1,0,Settled
TRD-107120,24-02-2025,CLI-1080,OTC Derivatives,324577.81,50.43,50.43,1,0,Settled
TRD-107121,21-06-2025,CLI-1061,Fixed Income,455931.46,164.81,164.81,0,0,Settled
TRD-107122,19-04-2025,CLI-1066,Fixed Income,34021.09,9.88,9.88,1,0,Settled
TRD-107123,20-12-2025,CLI-1100,Equities,267159.82,106.15,106.15,0,0,Settled
TRD-107124,03-07-2025,CLI-1028,Equities,158975.25,17.81,17.81,3,0,Settled
TRD-107125,17-07-2025,CLI-1146,Fixed Income,25565.07,8.62,8.62,0,0,Settled
TRD-107126,28-03-2025,CLI-1106,Equities,77144.44,24.89,32.67,1,0,Settled
TRD-107127,20-07-2025,CLI-1116,OTC Derivatives,84850.22,37.02,37.02,2,0,Settled
TRD-107128,03-12-2025,CLI-1096,Equities,110981.14,41.14,41.14,0,0,Settled
TRD-107129,18-11-2025,CLI-1110,Fixed Income,823235,372.16,513.99,3,1,System Lag
TRD-107130,02-10-2025,CLI-1132,OTC Derivatives,299455.76,136.23,185.65,1,0,Settled
TRD-107131,30-07-2025,CLI-1008,Fixed Income,89548.27,23.57,23.57,2,0,Settled
TRD-107132,28-04-2025,CLI-1115,Fixed Income,62845.27,9.74,9.74,0,0,Settled
TRD-107133,10-07-2025,CLI-1083,FX Options,186868.53,65.8,65.8,1,0,Settled
TRD-107134,11-02-2025,CLI-1074,OTC Derivatives,809782.2,364,364,3,0,Settled
TRD-107135,11-02-2025,CLI-1120,Equities,236640,30.76,30.76,1,0,Settled
TRD-107136,11-11-2025,CLI-1139,Fixed Income,97115.6,31.38,31.38,0,0,Settled
TRD-107137,03-10-2025,CLI-1064,FX Options,268854.78,39.25,39.25,2,0,Settled
TRD-107138,25-11-2025,CLI-1080,Equities,415190.69,46,46,2,0,Settled
TRD-107139,17-01-2025,CLI-1143,Equities,25015.31,9.3,9.3,1,0,Settled
TRD-107140,10-10-2025,CLI-1054,Equities,503949.49,187.84,238.65,1,0,Settled
TRD-107141,15-09-2025,CLI-1042,Equities,261346.68,88.93,88.93,0,0,Settled
TRD-107142,04-03-2025,CLI-1126,OTC Derivatives,14886.74,6.61,6.61,1,0,Settled
TRD-107143,03-03-2025,CLI-1135,OTC Derivatives,570259.34,75.47,75.47,2,0,Settled
TRD-107144,10-04-2025,CLI-1052,FX Options,633070.83,89.96,89.96,0,0,Settled
TRD-107145,19-01-2025,CLI-1060,OTC Derivatives,505560.74,225.39,225.39,0,0,Settled
TRD-107146,17-01-2025,CLI-1069,Equities,219222.15,66.05,66.05,1,1,Custodian Delay
TRD-107147,21-11-2025,CLI-1136,Equities,387091.1,80.99,80.99,1,1,Margin Breach
TRD-107148,03-09-2025,CLI-1099,FX Options,254823.82,100.72,100.72,1,0,Settled
TRD-107149,08-09-2025,CLI-1022,Equities,613023.69,280.62,280.62,2,0,Settled
TRD-107150,22-03-2025,CLI-1030,Equities,448030.68,168.39,168.39,1,0,Settled
TRD-107151,08-02-2025,CLI-1033,FX Options,52669.54,21.95,21.95,2,0,Settled
TRD-107152,05-02-2025,CLI-1034,Fixed Income,525140.8,111.85,111.85,0,0,Settled
TRD-107153,16-07-2025,CLI-1047,Equities,591157.04,127.4,127.4,0,1,SSI Mismatch
TRD-107154,07-06-2025,CLI-1020,OTC Derivatives,241575.33,107.66,107.66,0,0,Settled
TRD-107155,23-07-2025,CLI-1066,FX Options,1052873.82,364.24,364.24,2,0,Settled
TRD-107156,15-07-2025,CLI-1037,Equities,935800.45,181.23,181.23,1,1,Custodian Delay
TRD-107157,04-08-2025,CLI-1052,OTC Derivatives,106286.88,32.91,32.91,0,0,Settled
TRD-107158,12-10-2025,CLI-1034,Equities,1183092.49,442.88,442.88,0,0,Settled
TRD-107159,15-07-2025,CLI-1013,Fixed Income,300688.76,56.35,56.35,0,1,Custodian Delay
TRD-107160,03-11-2025,CLI-1079,FX Options,653223.88,236.44,236.44,1,0,Settled
TRD-107161,01-06-2025,CLI-1057,FX Options,851265.14,99.48,99.48,2,0,Settled
TRD-107162,14-01-2025,CLI-1067,Equities,361712.33,80.11,99.23,2,0,Settled
TRD-107163,21-11-2025,CLI-1072,Equities,264664.99,97.82,97.82,1,0,Settled
TRD-107164,26-05-2025,CLI-1037,Equities,1245214.2,198.91,198.91,1,0,Settled
TRD-107165,26-02-2025,CLI-1142,Fixed Income,141236.94,26.68,26.68,1,0,Settled
TRD-107166,30-07-2025,CLI-1064,Equities,158509.48,71.59,71.59,2,0,Settled
TRD-107167,25-09-2025,CLI-1009,Fixed Income,234411.03,86.67,86.67,3,0,Settled
TRD-107168,29-07-2025,CLI-1138,Equities,991152.12,296.92,296.92,3,0,Settled
TRD-107169,17-01-2025,CLI-1094,Fixed Income,1406708.17,259.34,259.34,1,0,Settled
TRD-107170,13-10-2025,CLI-1114,Equities,134274.09,31.76,31.76,3,1,SSI Mismatch
TRD-107171,10-12-2025,CLI-1056,OTC Derivatives,1007073.03,332.06,332.06,1,0,Settled
TRD-107172,22-07-2025,CLI-1037,Equities,159339.8,25.83,25.83,1,0,Settled
TRD-107173,09-04-2025,CLI-1080,Equities,1774082.27,519.27,519.27,1,0,Settled
TRD-107174,06-10-2025,CLI-1106,OTC Derivatives,464915.68,122.55,122.55,0,1,Custodian Delay
TRD-107175,28-07-2025,CLI-1036,OTC Derivatives,13555.85,3.94,3.94,3,1,System Lag
TRD-107176,09-05-2025,CLI-1017,Equities,27362.97,3.89,3.89,2,0,Settled
TRD-107177,01-12-2025,CLI-1038,Equities,89781.96,12.8,12.8,1,0,Settled
TRD-107178,15-10-2025,CLI-1039,OTC Derivatives,113864.7,55.3,55.3,2,0,Settled
TRD-107179,09-09-2025,CLI-1006,Equities,739688.77,363.74,363.74,0,0,Settled
TRD-107180,22-09-2025,CLI-1146,OTC Derivatives,136006.83,36.79,36.79,0,0,Settled
TRD-107181,28-09-2025,CLI-1036,Fixed Income,1749173.47,726.95,726.95,0,0,Settled
TRD-107182,07-07-2025,CLI-1007,Equities,515454.65,186.76,186.76,1,0,Settled
TRD-107183,02-08-2025,CLI-1070,Fixed Income,599668.57,88.01,112.35,2,0,Settled
TRD-107184,10-10-2025,CLI-1091,OTC Derivatives,132832.97,29.05,29.05,1,0,Settled
TRD-107185,30-07-2025,CLI-1127,FX Options,1126092.74,253.89,253.89,0,0,Settled
TRD-107186,31-12-2025,CLI-1042,Equities,561030.98,189.8,189.8,2,0,Settled
TRD-107187,17-03-2025,CLI-1081,Fixed Income,1009043.69,334.99,334.99,0,0,Settled
TRD-107188,28-05-2025,CLI-1053,Equities,1577279.94,740.38,740.38,2,0,Settled
TRD-107189,17-11-2025,CLI-1117,Fixed Income,77132.1,32.09,32.09,3,1,System Lag
TRD-107190,01-08-2025,CLI-1149,OTC Derivatives,60787.86,26.91,32.95,1,0,Settled
TRD-107191,19-04-2025,CLI-1019,Equities,823311.94,375.83,375.83,1,0,Settled
TRD-107192,09-05-2025,CLI-1029,FX Options,1015428.33,427,427,1,0,Settled
TRD-107193,10-01-2025,CLI-1130,Fixed Income,448248.34,104.51,104.51,0,0,Settled
TRD-107194,16-02-2025,CLI-1069,FX Options,237853.59,44.24,44.24,1,0,Settled
TRD-107195,11-11-2025,CLI-1079,OTC Derivatives,538681.87,177.07,177.07,2,1,SSI Mismatch
TRD-107196,06-04-2025,CLI-1076,Equities,192399.7,72.31,72.31,5,1,Margin Breach
TRD-107197,13-04-2025,CLI-1006,Equities,146157.5,37.22,37.22,2,0,Settled
TRD-107198,08-12-2025,CLI-1028,Equities,344857.15,151.51,151.51,1,0,Settled
TRD-107199,26-05-2025,CLI-1001,Equities,131771.24,63.81,63.81,1,0,Settled
TRD-107200,27-01-2025,CLI-1125,Fixed Income,340537.14,111.61,111.61,0,0,Settled
TRD-107201,08-08-2025,CLI-1053,Fixed Income,1578722.87,446.21,534.82,2,0,Settled
TRD-107202,18-01-2025,CLI-1114,FX Options,925616.3,404.64,404.64,0,0,Settled
TRD-107203,16-06-2025,CLI-1037,Fixed Income,1430484.49,156.94,156.94,2,0,Settled
TRD-107204,23-03-2025,CLI-1008,OTC Derivatives,830797.15,125.95,125.95,1,0,Settled
TRD-107205,13-03-2025,CLI-1099,FX Options,229059.45,100.39,100.39,2,0,Settled
TRD-107206,06-11-2025,CLI-1069,OTC Derivatives,845776.99,332.23,332.23,0,0,Settled
TRD-107207,11-09-2025,CLI-1053,Equities,1291428.11,344.11,344.11,0,0,Settled
TRD-107208,11-06-2025,CLI-1093,Fixed Income,1479069.42,673.78,673.78,3,0,Settled
TRD-107209,23-11-2025,CLI-1077,Equities,584738.92,140.68,140.68,1,0,Settled
TRD-107210,07-02-2025,CLI-1081,Equities,128726.88,45.51,45.51,0,0,Settled
TRD-107211,20-07-2025,CLI-1129,Equities,30269.95,10.71,10.71,1,0,Settled
TRD-107212,19-07-2025,CLI-1095,OTC Derivatives,89615.25,15.57,15.57,2,0,Settled
TRD-107213,12-09-2025,CLI-1089,Fixed Income,1694078.41,362.43,362.43,0,0,Settled
TRD-107214,28-06-2025,CLI-1030,Fixed Income,320038.35,149.27,149.27,3,1,Custodian Delay
TRD-107215,04-02-2025,CLI-1148,FX Options,975462.55,169.11,227.26,1,0,Settled
TRD-107216,23-03-2025,CLI-1077,Equities,322785.53,54.69,54.69,0,0,Settled
TRD-107217,08-08-2025,CLI-1063,Fixed Income,550608.61,160.69,160.69,2,0,Settled
TRD-107218,07-06-2025,CLI-1048,OTC Derivatives,22218.47,3.04,3.04,1,0,Settled
TRD-107219,04-01-2025,CLI-1128,Equities,153751.01,70.39,70.39,2,0,Settled
TRD-107220,16-06-2025,CLI-1062,Fixed Income,296589.29,41.54,41.54,0,1,System Lag
TRD-107221,23-07-2025,CLI-1075,Equities,507979.63,176.08,176.08,4,0,Settled
TRD-107222,13-07-2025,CLI-1047,OTC Derivatives,104082.01,24.55,24.55,2,0,Settled
TRD-107223,23-08-2025,CLI-1130,Equities,733131.46,309.17,309.17,4,0,Settled
TRD-107224,25-07-2025,CLI-1141,Equities,236596.62,79.48,79.48,3,1,System Lag
TRD-107225,30-05-2025,CLI-1085,Fixed Income,860325.24,219.66,219.66,1,0,Settled
TRD-107226,08-06-2025,CLI-1025,Equities,61553.25,30.38,30.38,2,0,Settled
TRD-107227,06-10-2025,CLI-1034,Equities,579336.95,73.28,73.28,0,0,Settled
TRD-107228,31-10-2025,CLI-1102,Fixed Income,183594.56,60.79,60.79,1,0,Settled
TRD-107229,15-06-2025,CLI-1003,Equities,803308.1,398.3,398.3,2,1,SSI Mismatch
TRD-107230,07-11-2025,CLI-1025,Fixed Income,267224.78,100.58,100.58,2,0,Settled
TRD-107231,09-03-2025,CLI-1106,Fixed Income,557334.49,220.65,220.65,2,1,SSI Mismatch
TRD-107232,29-03-2025,CLI-1089,Fixed Income,1371368.27,154.74,154.74,0,0,Settled
TRD-107233,05-08-2025,CLI-1114,Fixed Income,20421.17,2.22,2.22,2,1,System Lag
TRD-107234,01-01-2025,CLI-1123,Equities,15589.52,1.78,1.78,0,0,Settled
TRD-107235,15-05-2025,CLI-1095,Equities,745445.42,370.25,370.25,2,0,Settled
TRD-107236,04-07-2025,CLI-1060,OTC Derivatives,529784.65,260.55,260.55,1,0,Settled
TRD-107237,17-12-2025,CLI-1141,OTC Derivatives,183347.96,42.87,42.87,0,0,Settled
TRD-107238,20-05-2025,CLI-1021,Equities,351001.46,75.95,75.95,2,1,Custodian Delay
TRD-107239,16-04-2025,CLI-1093,Fixed Income,31420.17,4.98,4.98,1,0,Settled
TRD-107240,13-05-2025,CLI-1133,Fixed Income,116872.43,27.07,27.07,4,0,Settled
TRD-107241,18-04-2025,CLI-1004,Fixed Income,286254.88,71.01,71.01,1,1,Custodian Delay
TRD-107242,27-06-2025,CLI-1040,Fixed Income,908017.55,362.58,362.58,1,0,Settled
TRD-107243,25-10-2025,CLI-1099,Equities,336643.32,150.32,150.32,0,0,Settled
TRD-107244,24-12-2025,CLI-1085,OTC Derivatives,451382.65,179.96,179.96,1,0,Settled
TRD-107245,25-12-2025,CLI-1046,Equities,1044760.62,374.64,374.64,1,0,Settled
TRD-107246,26-05-2025,CLI-1022,Fixed Income,194676.71,79.11,79.11,1,0,Settled
TRD-107247,15-03-2025,CLI-1076,OTC Derivatives,613153.3,242.44,242.44,3,0,Settled
TRD-107248,18-04-2025,CLI-1107,Fixed Income,999046.66,290.02,290.02,0,0,Settled
TRD-107249,02-05-2025,CLI-1126,Equities,123209.27,28.87,28.87,1,0,Settled
TRD-107250,17-01-2025,CLI-1079,FX Options,230399.66,49.1,49.1,2,0,Settled
TRD-107251,15-07-2025,CLI-1013,OTC Derivatives,1961288.23,729.09,729.09,1,1,System Lag
TRD-107252,23-11-2025,CLI-1021,OTC Derivatives,2053741.03,993.44,993.44,0,0,Settled
TRD-107253,14-11-2025,CLI-1067,Fixed Income,136305.45,45.31,52.36,1,0,Settled
TRD-107254,24-10-2025,CLI-1080,Equities,44378.15,20.64,20.64,0,0,Settled
TRD-107255,09-09-2025,CLI-1130,FX Options,167987.01,17.75,17.75,0,0,Settled
TRD-107256,29-04-2025,CLI-1006,Fixed Income,263526.34,110.1,146.82,1,0,Settled
TRD-107257,11-06-2025,CLI-1140,OTC Derivatives,300807.91,132.79,132.79,1,1,Custodian Delay
TRD-107258,17-07-2025,CLI-1095,Equities,492223.83,173.46,173.46,1,0,Settled
TRD-107259,14-02-2025,CLI-1001,Equities,1158812.51,548.84,696.84,3,0,Settled
TRD-107260,10-11-2025,CLI-1107,FX Options,210498.56,70.72,70.72,0,0,Settled
TRD-107261,28-06-2025,CLI-1109,Fixed Income,958508.45,188.07,188.07,3,0,Settled
TRD-107262,13-02-2025,CLI-1092,Equities,59070.5,11,11,0,0,Settled
TRD-107263,28-09-2025,CLI-1147,Equities,31388.36,10.12,10.12,1,1,System Lag
TRD-107264,19-03-2025,CLI-1048,Fixed Income,360635.23,166.83,166.83,1,0,Settled
TRD-107265,22-11-2025,CLI-1138,Equities,40758.07,5.26,6.39,1,0,Settled
TRD-107266,27-06-2025,CLI-1049,Fixed Income,259193.16,88.58,88.58,1,0,Settled
TRD-107267,23-12-2025,CLI-1040,Fixed Income,1145437.2,467.25,467.25,3,1,Margin Breach
TRD-107268,03-01-2025,CLI-1118,OTC Derivatives,148195.06,21.66,21.66,0,0,Settled
TRD-107269,02-08-2025,CLI-1072,Equities,622046.56,91.26,91.26,1,0,Settled
TRD-107270,08-12-2025,CLI-1003,FX Options,190029.9,46.83,46.83,2,0,Settled
TRD-107271,15-03-2025,CLI-1042,Equities,32980.12,6.91,6.91,3,1,System Lag
TRD-107272,20-02-2025,CLI-1030,Fixed Income,416743.65,74.73,74.73,1,0,Settled
TRD-107273,08-03-2025,CLI-1129,Equities,910461.13,163.41,163.41,1,0,Settled
TRD-107274,28-11-2025,CLI-1011,OTC Derivatives,273366.11,41.62,41.62,1,0,Settled
TRD-107275,03-04-2025,CLI-1084,FX Options,490243.88,168.81,168.81,1,0,Settled
TRD-107276,25-06-2025,CLI-1111,OTC Derivatives,1161410.55,435.82,435.82,0,0,Settled
TRD-107277,25-05-2025,CLI-1113,Fixed Income,789597.05,300.97,300.97,2,0,Settled
TRD-107278,07-01-2025,CLI-1074,Fixed Income,117759.1,36.85,36.85,3,1,Custodian Delay
TRD-107279,26-09-2025,CLI-1035,OTC Derivatives,670972.85,322.85,322.85,0,0,Settled
TRD-107280,18-11-2025,CLI-1024,FX Options,358470.21,162.1,162.1,0,0,Settled
TRD-107281,04-01-2025,CLI-1070,FX Options,695145.17,335.79,335.79,2,0,Settled
TRD-107282,18-05-2025,CLI-1049,Equities,351119,89.72,89.72,2,1,System Lag
TRD-107283,19-08-2025,CLI-1071,FX Options,78458.94,35.39,35.39,1,0,Settled
TRD-107284,29-03-2025,CLI-1120,Equities,431879.75,174.98,174.98,2,0,Settled
TRD-107285,17-01-2025,CLI-1149,Equities,348768.82,82.31,82.31,1,1,Margin Breach
TRD-107286,21-02-2025,CLI-1035,Equities,374824.4,53.46,53.46,1,0,Settled
TRD-107287,14-05-2025,CLI-1101,Equities,1065579.44,397.51,535.73,3,0,Settled
TRD-107288,30-07-2025,CLI-1130,OTC Derivatives,1136122.1,175.62,175.62,0,0,Settled
TRD-107289,21-11-2025,CLI-1077,OTC Derivatives,312144.44,67.89,67.89,2,1,SSI Mismatch
TRD-107290,07-08-2025,CLI-1026,OTC Derivatives,314156.79,94.29,123.25,2,0,Settled
TRD-107291,24-07-2025,CLI-1089,Fixed Income,371995.97,138.37,138.37,1,0,Settled
TRD-107292,30-07-2025,CLI-1006,Fixed Income,376556.94,177.17,177.17,0,0,Settled
TRD-107293,04-10-2025,CLI-1043,OTC Derivatives,1511752.64,509.91,509.91,0,0,Settled
TRD-107294,24-01-2025,CLI-1071,Equities,534055.32,196.83,196.83,0,0,Settled
TRD-107295,04-01-2025,CLI-1103,OTC Derivatives,172489.17,38.64,38.64,2,0,Settled
TRD-107296,01-06-2025,CLI-1058,Fixed Income,389148.86,145.9,145.9,2,0,Settled
TRD-107297,16-09-2025,CLI-1131,Fixed Income,503388.23,138.49,138.49,0,1,Custodian Delay
TRD-107298,20-11-2025,CLI-1129,Fixed Income,520508.67,230.47,230.47,0,1,System Lag
TRD-107299,23-12-2025,CLI-1144,OTC Derivatives,450044.77,115.65,115.65,2,0,Settled
TRD-107300,17-06-2025,CLI-1106,Equities,107846.98,30.99,30.99,0,0,Settled
TRD-107301,25-06-2025,CLI-1129,Equities,27085.2,7.4,7.4,1,1,System Lag
TRD-107302,06-11-2025,CLI-1078,OTC Derivatives,216126.34,91.73,91.73,1,0,Settled
TRD-107303,18-10-2025,CLI-1103,Fixed Income,288890.62,139.09,139.09,3,0,Settled
TRD-107304,25-02-2025,CLI-1065,OTC Derivatives,41898.33,9.67,9.67,2,0,Settled
TRD-107305,18-04-2025,CLI-1148,Equities,853611.46,247.56,247.56,2,0,Settled
TRD-107306,23-10-2025,CLI-1092,Equities,220856.27,84.45,84.45,0,0,Settled
TRD-107307,20-11-2025,CLI-1132,OTC Derivatives,1234573.34,565.62,565.62,0,0,Settled
TRD-107308,29-10-2025,CLI-1064,Fixed Income,93860.4,27.92,27.92,1,0,Settled
TRD-107309,30-11-2025,CLI-1024,Fixed Income,39310.01,5.64,5.64,0,0,Settled
TRD-107310,21-05-2025,CLI-1024,Equities,339195.23,83.94,83.94,1,0,Settled
TRD-107311,04-06-2025,CLI-1047,Equities,114823.36,36.76,36.76,0,0,Settled
TRD-107312,19-09-2025,CLI-1010,Fixed Income,1395489.21,372.61,372.61,2,0,Settled
TRD-107313,30-09-2025,CLI-1018,Equities,15178.42,2.65,2.65,0,0,Settled
TRD-107314,20-08-2025,CLI-1017,OTC Derivatives,276041.38,31.69,31.69,0,0,Settled
TRD-107315,29-08-2025,CLI-1006,OTC Derivatives,1316923.3,493.8,493.8,0,0,Settled
TRD-107316,21-12-2025,CLI-1124,Equities,252593.73,125.56,125.56,3,0,Settled
TRD-107317,03-12-2025,CLI-1086,Fixed Income,58866.66,27.53,27.53,1,0,Settled
TRD-107318,15-09-2025,CLI-1003,Fixed Income,190409.58,71.08,71.08,0,0,Settled
TRD-107319,06-09-2025,CLI-1148,Equities,354587.93,154.82,154.82,2,0,Settled
TRD-107320,18-03-2025,CLI-1127,Equities,112376.65,22.73,28.08,0,0,Settled
TRD-107321,29-06-2025,CLI-1040,Fixed Income,324205.94,113.14,152.05,1,0,Settled
TRD-107322,07-03-2025,CLI-1076,Fixed Income,914991.85,113.68,157.21,2,0,Settled
TRD-107323,04-11-2025,CLI-1133,Fixed Income,1040282.3,398.3,398.3,0,0,Settled
TRD-107324,14-12-2025,CLI-1145,Fixed Income,35257.71,17.2,17.2,1,0,Settled
TRD-107325,20-06-2025,CLI-1026,OTC Derivatives,97714.7,43.42,43.42,0,0,Settled
TRD-107326,22-01-2025,CLI-1121,OTC Derivatives,170991.95,53.65,65.66,1,0,Settled
TRD-107327,17-04-2025,CLI-1045,Fixed Income,461768.52,191.86,191.86,2,1,SSI Mismatch
TRD-107328,19-11-2025,CLI-1084,OTC Derivatives,233921.31,111.71,111.71,1,0,Settled
TRD-107329,15-08-2025,CLI-1044,Equities,939080.79,175.05,175.05,2,1,Custodian Delay
TRD-107330,04-08-2025,CLI-1042,OTC Derivatives,640574.79,267.31,267.31,3,0,Settled
TRD-107331,10-03-2025,CLI-1049,Fixed Income,62933.67,13.09,13.09,1,0,Settled
TRD-107332,25-03-2025,CLI-1079,OTC Derivatives,499824.98,225.31,225.31,1,1,System Lag
TRD-107333,13-04-2025,CLI-1020,Fixed Income,69962.27,9.75,9.75,1,0,Settled
TRD-107334,08-02-2025,CLI-1127,Equities,157209.47,26.93,26.93,1,0,Settled
TRD-107335,13-01-2025,CLI-1032,Fixed Income,107928.76,41.9,41.9,0,0,Settled
TRD-107336,24-10-2025,CLI-1029,Equities,105012.75,17.84,17.84,2,1,System Lag
TRD-107337,09-11-2025,CLI-1125,Fixed Income,489071.63,79.83,79.83,3,0,Settled
TRD-107338,30-06-2025,CLI-1128,Fixed Income,424603.65,136.8,136.8,1,0,Settled
TRD-107339,25-09-2025,CLI-1032,OTC Derivatives,106809.46,46.35,59.08,2,0,Settled
TRD-107340,13-01-2025,CLI-1074,Fixed Income,2321300.89,481.41,481.41,4,0,Settled
TRD-107341,30-04-2025,CLI-1071,Fixed Income,283949.49,123.93,123.93,0,0,Settled
TRD-107342,19-12-2025,CLI-1094,Equities,61054.75,25.84,32.58,0,0,Settled
TRD-107343,26-02-2025,CLI-1088,FX Options,74240.1,24.62,24.62,0,1,System Lag
TRD-107344,09-02-2025,CLI-1145,OTC Derivatives,448407.28,160.81,160.81,2,0,Settled
TRD-107345,02-12-2025,CLI-1139,OTC Derivatives,1943271.62,225.76,225.76,2,0,Settled
TRD-107346,08-05-2025,CLI-1139,Equities,434258.92,107.2,107.2,1,0,Settled
TRD-107347,22-06-2025,CLI-1028,Fixed Income,1498371.62,307.7,307.7,3,0,Settled
TRD-107348,04-02-2025,CLI-1076,Equities,303612.98,48.58,48.58,0,0,Settled
TRD-107349,16-09-2025,CLI-1018,Fixed Income,296209.67,75.79,75.79,2,0,Settled
TRD-107350,05-01-2025,CLI-1083,Equities,356580.95,86.28,86.28,1,0,Settled
TRD-107351,06-08-2025,CLI-1001,Fixed Income,607713.81,237.95,237.95,2,0,Settled
TRD-107352,11-01-2025,CLI-1011,Fixed Income,239129.21,81.12,113.56,1,0,Settled
TRD-107353,23-11-2025,CLI-1073,Equities,1007131.37,468.56,468.56,1,0,Settled
TRD-107354,27-04-2025,CLI-1035,Fixed Income,24859.32,3.93,3.93,1,0,Settled
TRD-107355,03-07-2025,CLI-1144,OTC Derivatives,299698.75,37.13,37.13,1,1,Custodian Delay
TRD-107356,28-12-2025,CLI-1134,Equities,367688.06,115.4,115.4,1,0,Settled
TRD-107357,26-04-2025,CLI-1100,OTC Derivatives,477013.85,47.9,47.9,3,1,SSI Mismatch
TRD-107358,11-06-2025,CLI-1017,Equities,171531.61,71.2,71.2,1,0,Settled
TRD-107359,08-03-2025,CLI-1012,Equities,288853.78,87.35,87.35,0,0,Settled
TRD-107360,19-07-2025,CLI-1059,Equities,341345.6,100.77,100.77,1,0,Settled
TRD-107361,31-01-2025,CLI-1139,OTC Derivatives,590632.26,144.7,144.7,1,0,Settled
TRD-107362,16-03-2025,CLI-1078,Fixed Income,752602.71,188.14,188.14,3,0,Settled
TRD-107363,25-08-2025,CLI-1100,OTC Derivatives,679375.97,185.1,185.1,1,0,Settled
TRD-107364,23-11-2025,CLI-1066,Fixed Income,218958.44,23.3,23.3,2,1,SSI Mismatch
TRD-107365,07-03-2025,CLI-1137,Equities,3763271.81,502.09,502.09,1,0,Settled
TRD-107366,11-03-2025,CLI-1022,OTC Derivatives,954130.71,288.17,288.17,1,0,Settled
TRD-107367,24-10-2025,CLI-1131,Equities,160568.34,25.7,25.7,3,1,Margin Breach
TRD-107368,20-01-2025,CLI-1125,OTC Derivatives,118522.22,48.77,48.77,2,0,Settled
TRD-107369,14-08-2025,CLI-1024,Equities,198454.31,41.63,41.63,2,0,Settled
TRD-107370,18-07-2025,CLI-1068,Equities,311054.74,43.29,43.29,1,0,Settled
TRD-107371,08-02-2025,CLI-1046,OTC Derivatives,961231.71,186.56,186.56,1,0,Settled
TRD-107372,25-05-2025,CLI-1026,FX Options,763355.52,185.37,185.37,2,0,Settled
TRD-107373,14-02-2025,CLI-1124,Equities,962731.09,109.87,109.87,4,0,Settled
TRD-107374,22-11-2025,CLI-1070,OTC Derivatives,168697.66,26.43,34.98,1,0,Settled
TRD-107375,01-04-2025,CLI-1048,Equities,460037.98,105.6,105.6,2,0,Settled
TRD-107376,26-08-2025,CLI-1060,OTC Derivatives,176513.43,39.57,39.57,2,0,Settled
TRD-107377,11-03-2025,CLI-1087,Fixed Income,67718.42,28.45,28.45,0,0,Settled
TRD-107378,15-06-2025,CLI-1086,Equities,586319.52,256.4,256.4,1,0,Settled
TRD-107379,10-05-2025,CLI-1030,Equities,87157.25,15.46,15.46,2,0,Settled
TRD-107380,02-08-2025,CLI-1143,Equities,560855.18,83.89,83.89,2,0,Settled
TRD-107381,06-12-2025,CLI-1091,Equities,532011.35,188.15,188.15,2,0,Settled
TRD-107382,30-03-2025,CLI-1010,Equities,841019.83,354.78,354.78,1,0,Settled
TRD-107383,01-12-2025,CLI-1037,Fixed Income,85152.56,41.34,41.34,0,0,Settled
TRD-107384,09-09-2025,CLI-1095,FX Options,775036.52,79.61,79.61,0,0,Settled
TRD-107385,15-12-2025,CLI-1092,Equities,3625722.94,962.53,962.53,2,1,Margin Breach
TRD-107386,13-03-2025,CLI-1094,Fixed Income,962046.95,378.66,378.66,0,0,Settled
TRD-107387,14-06-2025,CLI-1058,Fixed Income,706784.53,304.92,304.92,0,0,Settled
TRD-107388,18-02-2025,CLI-1146,FX Options,552599.36,69.03,69.03,1,1,System Lag
TRD-107389,21-02-2025,CLI-1008,Fixed Income,283901.71,105.68,105.68,0,0,Settled
TRD-107390,16-10-2025,CLI-1095,Fixed Income,665593.76,143.49,143.49,4,0,Settled
TRD-107391,05-10-2025,CLI-1094,Fixed Income,653999.84,84.91,84.91,2,0,Settled
TRD-107392,24-04-2025,CLI-1022,Equities,509154.95,150.53,150.53,1,0,Settled
TRD-107393,27-08-2025,CLI-1109,Equities,805500.41,131.51,131.51,0,0,Settled
TRD-107394,13-05-2025,CLI-1084,Fixed Income,307796.02,121.52,121.52,0,1,SSI Mismatch
TRD-107395,01-10-2025,CLI-1019,Equities,74628.96,29.59,29.59,3,0,Settled
TRD-107396,15-06-2025,CLI-1140,Fixed Income,419432,183.22,183.22,0,0,Settled
TRD-107397,20-10-2025,CLI-1108,Equities,163972,41.16,41.16,1,0,Settled
TRD-107398,31-08-2025,CLI-1056,Fixed Income,252605.82,26.61,26.61,1,0,Settled
TRD-107399,16-11-2025,CLI-1147,Equities,18784.16,3.83,3.83,2,0,Settled
TRD-107400,18-05-2025,CLI-1123,FX Options,251273.45,72.15,72.15,1,0,Settled
TRD-107401,20-03-2025,CLI-1134,OTC Derivatives,837220.53,316.14,316.14,0,0,Settled
TRD-107402,19-06-2025,CLI-1115,Equities,401232.28,101.44,101.44,2,0,Settled
TRD-107403,03-05-2025,CLI-1080,Equities,14924.43,4.69,4.69,2,0,Settled
TRD-107404,25-06-2025,CLI-1062,Fixed Income,327291.82,101.36,101.36,0,0,Settled
TRD-107405,27-10-2025,CLI-1003,Equities,182268.49,30.26,36.61,4,1,Margin Breach
TRD-107406,23-03-2025,CLI-1038,Equities,334613.62,116.85,116.85,2,0,Settled
TRD-107407,28-03-2025,CLI-1035,Equities,269338.79,74.26,74.26,1,0,Settled
TRD-107408,13-08-2025,CLI-1142,FX Options,1353971.01,572.96,572.96,0,0,Settled
TRD-107409,16-01-2025,CLI-1074,OTC Derivatives,31024.55,11.67,13.95,0,0,Settled
TRD-107410,06-11-2025,CLI-1095,Fixed Income,585355.08,84.64,84.64,0,0,Settled
TRD-107411,24-12-2025,CLI-1018,Fixed Income,961993.74,284.27,284.27,0,0,Settled
TRD-107412,12-06-2025,CLI-1015,FX Options,1610009.67,613.41,799.35,0,0,Settled
TRD-107413,08-04-2025,CLI-1073,FX Options,107786.22,14.53,14.53,0,0,Settled
TRD-107414,05-06-2025,CLI-1133,FX Options,388901.31,162.17,194.47,0,0,Settled
TRD-107415,02-01-2025,CLI-1108,Equities,32284.07,6.1,6.1,0,0,Settled
TRD-107416,16-12-2025,CLI-1121,Equities,355757.78,107.17,107.17,0,0,Settled
TRD-107417,18-06-2025,CLI-1114,Fixed Income,77027.53,36.68,36.68,1,0,Settled
TRD-107418,11-11-2025,CLI-1013,Fixed Income,919760.67,302.17,302.17,1,0,Settled
TRD-107419,21-11-2025,CLI-1133,Equities,70445.81,18.99,18.99,3,0,Settled
TRD-107420,02-04-2025,CLI-1146,Equities,370041.72,38.01,38.01,0,0,Settled
TRD-107421,30-06-2025,CLI-1106,OTC Derivatives,378127.63,57.99,57.99,2,0,Settled
TRD-107422,19-08-2025,CLI-1005,OTC Derivatives,1791572.91,593.84,593.84,2,0,Settled
TRD-107423,28-10-2025,CLI-1004,Equities,542077.45,161.28,211.87,0,0,Settled
TRD-107424,28-05-2025,CLI-1047,OTC Derivatives,179726.54,44.13,44.13,1,0,Settled
TRD-107425,07-10-2025,CLI-1141,Fixed Income,147744.56,69.33,69.33,0,0,Settled
TRD-107426,08-07-2025,CLI-1077,OTC Derivatives,78625.27,18.32,18.32,1,0,Settled
TRD-107427,13-12-2025,CLI-1093,Fixed Income,716349.4,225.55,225.55,3,1,Margin Breach
TRD-107428,16-12-2025,CLI-1044,Equities,596813.4,195.45,195.45,0,0,Settled
TRD-107429,10-11-2025,CLI-1074,Fixed Income,480646.77,149.48,149.48,2,0,Settled
TRD-107430,08-05-2025,CLI-1077,Fixed Income,30848.92,8.98,8.98,1,0,Settled
TRD-107431,07-01-2025,CLI-1149,Fixed Income,729486.66,171.3,171.3,2,0,Settled
TRD-107432,16-02-2025,CLI-1130,Equities,523454.16,242.62,242.62,2,0,Settled
TRD-107433,22-02-2025,CLI-1047,FX Options,1670577.05,468.3,468.3,3,0,Settled
TRD-107434,06-07-2025,CLI-1007,Equities,452398.61,140.87,140.87,4,0,Settled
TRD-107435,07-02-2025,CLI-1134,Equities,191168.26,69.32,69.32,0,0,Settled
TRD-107436,14-08-2025,CLI-1132,Fixed Income,250245.66,31.8,31.8,0,0,Settled
TRD-107437,22-02-2025,CLI-1083,Fixed Income,106695.72,44.01,44.01,1,0,Settled
TRD-107438,12-08-2025,CLI-1063,Fixed Income,651714,198.77,198.77,2,0,Settled
TRD-107439,03-06-2025,CLI-1132,OTC Derivatives,625024.36,226.8,226.8,1,0,Settled
TRD-107440,17-02-2025,CLI-1014,Fixed Income,121978.2,49.87,49.87,1,0,Settled
TRD-107441,17-12-2025,CLI-1058,Fixed Income,96278.29,43.29,43.29,0,0,Settled
TRD-107442,27-05-2025,CLI-1089,OTC Derivatives,50065.69,12.86,12.86,1,0,Settled
TRD-107443,05-03-2025,CLI-1116,Equities,1225071.43,520.13,638.37,0,0,Settled
TRD-107444,15-12-2025,CLI-1108,Fixed Income,142679.76,29.04,29.04,1,0,Settled
TRD-107445,01-07-2025,CLI-1020,OTC Derivatives,220921.9,80.45,80.45,3,0,Settled
TRD-107446,05-05-2025,CLI-1084,Equities,174602.51,24.63,24.63,1,0,Settled
TRD-107447,28-06-2025,CLI-1008,Fixed Income,276897.54,29.91,29.91,0,0,Settled
TRD-107448,08-02-2025,CLI-1107,FX Options,635967.05,87.96,111.98,1,0,Settled
TRD-107449,17-09-2025,CLI-1055,Equities,1032406.58,235.13,318.02,0,0,Settled
TRD-107450,03-01-2025,CLI-1061,Fixed Income,110812.59,12.46,12.46,2,0,Settled
TRD-107451,05-03-2025,CLI-1088,FX Options,589838.18,207.74,207.74,1,1,Custodian Delay
TRD-107452,29-01-2025,CLI-1084,Equities,227366.23,51.53,51.53,1,1,Margin Breach
TRD-107453,11-01-2025,CLI-1105,Equities,1979367.52,780.96,780.96,1,0,Settled
TRD-107454,07-04-2025,CLI-1103,OTC Derivatives,187566.04,22.2,22.2,1,0,Settled
TRD-107455,24-12-2025,CLI-1143,OTC Derivatives,13609.48,2.54,2.54,0,0,Settled
TRD-107456,22-07-2025,CLI-1075,Fixed Income,372463.4,98.03,98.03,3,0,Settled
TRD-107457,21-01-2025,CLI-1053,Fixed Income,91689.7,23.2,23.2,2,1,Margin Breach
TRD-107458,08-02-2025,CLI-1022,OTC Derivatives,32757.34,4.99,6.5,1,0,Settled
TRD-107459,11-08-2025,CLI-1101,OTC Derivatives,609110.08,303.13,303.13,1,1,SSI Mismatch
TRD-107460,12-04-2025,CLI-1016,Equities,668868.12,142.99,142.99,0,0,Settled
TRD-107461,15-02-2025,CLI-1107,Equities,318740.72,123.8,123.8,1,0,Settled
TRD-107462,07-03-2025,CLI-1013,Fixed Income,574874.29,108.08,108.08,0,0,Settled
TRD-107463,01-04-2025,CLI-1096,OTC Derivatives,396354.4,178.81,178.81,1,0,Settled
TRD-107464,13-06-2025,CLI-1047,OTC Derivatives,506857.44,129.3,129.3,2,0,Settled
TRD-107465,21-04-2025,CLI-1005,FX Options,464042.21,213.63,213.63,0,0,Settled
TRD-107466,04-12-2025,CLI-1022,OTC Derivatives,558041.89,132.11,132.11,1,1,SSI Mismatch
TRD-107467,03-05-2025,CLI-1047,Fixed Income,121340.98,12.55,12.55,0,0,Settled
TRD-107468,12-07-2025,CLI-1060,Fixed Income,166470.28,51.07,51.07,1,0,Settled
TRD-107469,09-04-2025,CLI-1132,OTC Derivatives,299876.35,92.94,129.71,2,0,Settled
TRD-107470,18-10-2025,CLI-1066,OTC Derivatives,305410.84,45.18,45.18,0,0,Settled
TRD-107471,08-06-2025,CLI-1030,Fixed Income,754521.84,146.37,146.37,1,0,Settled
TRD-107472,13-04-2025,CLI-1016,Equities,238953.47,98.78,98.78,1,0,Settled
TRD-107473,08-10-2025,CLI-1021,FX Options,98670.09,11.32,15.1,3,0,Settled
TRD-107474,12-02-2025,CLI-1012,Fixed Income,154819.31,45.8,45.8,0,0,Settled
TRD-107475,25-03-2025,CLI-1043,Equities,130866.07,40.85,40.85,0,1,Custodian Delay
TRD-107476,10-07-2025,CLI-1005,Fixed Income,667750.26,250.73,250.73,1,0,Settled
TRD-107477,20-02-2025,CLI-1009,Fixed Income,327759.63,37.69,37.69,2,1,SSI Mismatch
TRD-107478,29-07-2025,CLI-1057,Equities,626581.87,209.44,209.44,1,0,Settled
TRD-107479,06-05-2025,CLI-1039,OTC Derivatives,279115.27,28.26,28.26,0,0,Settled
TRD-107480,10-03-2025,CLI-1013,Equities,1112437.09,229.24,229.24,0,1,Margin Breach
TRD-107481,22-09-2025,CLI-1070,Equities,2062813.21,618.58,618.58,2,0,Settled
TRD-107482,15-09-2025,CLI-1142,Fixed Income,564092.75,262.03,262.03,2,0,Settled
TRD-107483,07-07-2025,CLI-1132,OTC Derivatives,1006861.54,151.67,151.67,1,0,Settled
TRD-107484,18-08-2025,CLI-1040,FX Options,364570.47,61.14,61.14,0,0,Settled
TRD-107485,08-07-2025,CLI-1147,OTC Derivatives,1373775.87,505.14,505.14,4,1,SSI Mismatch
TRD-107486,10-01-2025,CLI-1127,FX Options,900666.46,225.12,225.12,1,0,Settled
TRD-107487,24-04-2025,CLI-1051,Equities,2410505.67,842.15,842.15,0,0,Settled
TRD-107488,17-03-2025,CLI-1009,Equities,497879.38,248.43,248.43,0,0,Settled
TRD-107489,13-06-2025,CLI-1120,Fixed Income,765264.25,378.61,378.61,1,0,Settled
TRD-107490,26-03-2025,CLI-1086,Equities,401391.7,96.93,96.93,2,0,Settled
TRD-107491,18-02-2025,CLI-1050,OTC Derivatives,159958.38,48.24,58.74,1,1,Margin Breach
TRD-107492,22-11-2025,CLI-1106,Fixed Income,229062.73,105.8,105.8,0,0,Settled
TRD-107493,26-06-2025,CLI-1109,FX Options,1132183.63,154.96,154.96,2,0,Settled
TRD-107494,06-08-2025,CLI-1059,Equities,38786.99,10.9,10.9,2,0,Settled
TRD-107495,08-07-2025,CLI-1124,Fixed Income,457607.06,114.87,114.87,4,0,Settled
TRD-107496,12-12-2025,CLI-1117,Fixed Income,242993.08,52.96,52.96,0,0,Settled
TRD-107497,18-08-2025,CLI-1005,Equities,254444.45,126.63,126.63,2,0,Settled
TRD-107498,12-09-2025,CLI-1111,Fixed Income,1089550.72,428.65,428.65,2,0,Settled
TRD-107499,24-08-2025,CLI-1027,Fixed Income,971466.39,248.21,248.21,1,0,Settled
TRD-107500,26-01-2025,CLI-1143,Fixed Income,466700.43,201.43,201.43,0,0,Settled
TRD-107501,13-03-2025,CLI-1016,Equities,169358.59,50.11,50.11,2,0,Settled
TRD-107502,18-09-2025,CLI-1110,Equities,332613.31,149.39,149.39,0,0,Settled
TRD-107503,11-09-2025,CLI-1009,Fixed Income,272372.18,56.26,56.26,0,0,Settled
TRD-107504,28-09-2025,CLI-1058,Equities,228182.33,43.23,43.23,4,0,Settled
TRD-107505,03-05-2025,CLI-1133,Equities,64230.2,12.78,12.78,0,0,Settled
TRD-107506,24-05-2025,CLI-1109,Equities,401660.56,126.68,126.68,3,1,Margin Breach
TRD-107507,14-09-2025,CLI-1083,Equities,189647.26,41.06,41.06,2,0,Settled
TRD-107508,24-05-2025,CLI-1104,Equities,550594.4,87.46,87.46,1,0,Settled
TRD-107509,16-09-2025,CLI-1148,Equities,202246.24,100.69,100.69,1,0,Settled
TRD-107510,16-02-2025,CLI-1143,Fixed Income,292081.11,134.41,134.41,3,0,Settled
TRD-107511,17-12-2025,CLI-1035,Fixed Income,36890.5,13.06,13.06,0,0,Settled
TRD-107512,13-01-2025,CLI-1106,Fixed Income,2458970.59,1122.81,1122.81,1,0,Settled
TRD-107513,27-07-2025,CLI-1071,OTC Derivatives,364242.49,172.72,228.57,2,0,Settled
TRD-107514,07-11-2025,CLI-1013,Fixed Income,22268.08,8.25,8.25,0,0,Settled
TRD-107515,23-08-2025,CLI-1048,Fixed Income,399603.86,122.87,122.87,4,0,Settled
TRD-107516,29-05-2025,CLI-1086,OTC Derivatives,1031473.81,467.05,467.05,0,1,SSI Mismatch
TRD-107517,18-11-2025,CLI-1075,Fixed Income,750417.11,245.48,245.48,2,0,Settled
TRD-107518,04-06-2025,CLI-1083,OTC Derivatives,613499.83,92.47,92.47,1,0,Settled
TRD-107519,15-06-2025,CLI-1059,Fixed Income,85100.29,21,21,2,0,Settled
TRD-107520,31-03-2025,CLI-1087,Fixed Income,546088.03,152.01,152.01,2,0,Settled
TRD-107521,05-07-2025,CLI-1031,OTC Derivatives,736855.05,349.38,349.38,1,0,Settled
TRD-107522,14-11-2025,CLI-1028,Equities,434805.84,158.13,158.13,0,0,Settled
TRD-107523,24-12-2025,CLI-1101,Equities,1126291.72,506.96,506.96,1,0,Settled
TRD-107524,23-06-2025,CLI-1125,Equities,172165.96,69.39,69.39,0,0,Settled
TRD-107525,05-08-2025,CLI-1085,Equities,148631.4,33.29,33.29,1,1,Margin Breach
TRD-107526,21-09-2025,CLI-1070,Equities,1028458.32,398.51,398.51,1,0,Settled
TRD-107527,07-04-2025,CLI-1103,Fixed Income,500945.9,89.23,89.23,2,0,Settled
TRD-107528,27-04-2025,CLI-1141,OTC Derivatives,10724.13,2.82,2.82,1,0,Settled
TRD-107529,18-07-2025,CLI-1129,OTC Derivatives,227806.05,96.23,96.23,0,0,Settled
TRD-107530,16-11-2025,CLI-1006,Equities,985457.28,339.76,339.76,1,0,Settled
TRD-107531,21-01-2025,CLI-1080,FX Options,23849.81,10.26,10.26,0,0,Settled
TRD-107532,19-07-2025,CLI-1021,Fixed Income,11626.61,2.35,2.35,1,0,Settled
TRD-107533,07-12-2025,CLI-1013,Equities,175127.31,70.03,70.03,1,0,Settled
TRD-107534,05-09-2025,CLI-1128,OTC Derivatives,1236704.21,223.76,223.76,0,0,Settled
TRD-107535,03-10-2025,CLI-1040,OTC Derivatives,1168735.58,371.8,371.8,0,0,Settled
TRD-107536,21-09-2025,CLI-1135,OTC Derivatives,375696.61,102.72,102.72,1,0,Settled
TRD-107537,27-02-2025,CLI-1028,Equities,412863.37,133.19,133.19,2,1,Custodian Delay
TRD-107538,29-10-2025,CLI-1080,Fixed Income,211739.55,32.65,42.19,4,0,Settled
TRD-107539,31-01-2025,CLI-1090,OTC Derivatives,149682.82,36.6,36.6,3,0,Settled
TRD-107540,06-09-2025,CLI-1044,Fixed Income,854299.69,313.32,313.32,2,0,Settled
TRD-107541,03-04-2025,CLI-1135,Fixed Income,66189.69,21.41,21.41,1,0,Settled
TRD-107542,22-09-2025,CLI-1116,Fixed Income,344085.23,109.97,109.97,1,0,Settled
TRD-107543,28-09-2025,CLI-1133,OTC Derivatives,513103.97,156.15,156.15,0,0,Settled
TRD-107544,04-04-2025,CLI-1022,Equities,64729.06,30.91,30.91,2,0,Settled
TRD-107545,03-06-2025,CLI-1059,Fixed Income,376575.48,178.43,178.43,2,1,SSI Mismatch
TRD-107546,12-10-2025,CLI-1040,Equities,440808.11,107.58,107.58,0,1,Custodian Delay
TRD-107547,21-03-2025,CLI-1013,Fixed Income,688360.13,165.73,165.73,1,0,Settled
TRD-107548,19-10-2025,CLI-1026,OTC Derivatives,143832.58,46.31,46.31,0,0,Settled
TRD-107549,25-03-2025,CLI-1139,Equities,183593.97,25.38,25.38,1,0,Settled
TRD-107550,31-12-2025,CLI-1106,Fixed Income,431428.54,95.43,95.43,0,0,Settled
TRD-107551,06-02-2025,CLI-1064,Fixed Income,2051002.8,394.5,394.5,2,0,Settled
TRD-107552,08-12-2025,CLI-1016,Equities,132626.32,25.11,25.11,1,0,Settled
TRD-107553,23-11-2025,CLI-1122,Fixed Income,2140925.97,760.89,760.89,2,0,Settled
TRD-107554,20-08-2025,CLI-1145,Equities,636480.93,161.5,161.5,1,1,System Lag
TRD-107555,03-04-2025,CLI-1009,Fixed Income,884585.88,149.02,149.02,0,0,Settled
TRD-107556,02-12-2025,CLI-1126,Equities,56958.27,25.92,25.92,0,0,Settled
TRD-107557,12-04-2025,CLI-1139,OTC Derivatives,188637.7,84.82,84.82,1,0,Settled
TRD-107558,15-06-2025,CLI-1016,OTC Derivatives,39735.04,17.68,17.68,2,0,Settled
TRD-107559,08-06-2025,CLI-1149,Fixed Income,242247.01,62.09,62.09,1,0,Settled
TRD-107560,14-01-2025,CLI-1105,Equities,1999339.48,245.5,245.5,2,0,Settled
TRD-107561,13-08-2025,CLI-1013,FX Options,65618.35,9.36,9.36,1,0,Settled
TRD-107562,14-03-2025,CLI-1040,Fixed Income,423193.92,89.05,89.05,3,0,Settled
TRD-107563,06-09-2025,CLI-1007,Equities,13044.56,2.45,2.45,1,0,Settled
TRD-107564,01-04-2025,CLI-1114,OTC Derivatives,633584.25,284.86,284.86,1,1,Custodian Delay
TRD-107565,04-08-2025,CLI-1144,Equities,119820.28,59.26,59.26,1,0,Settled
TRD-107566,31-03-2025,CLI-1133,Fixed Income,79392.32,33.87,46,1,0,Settled
TRD-107567,29-01-2025,CLI-1070,Fixed Income,215503.58,84.46,84.46,0,0,Settled
TRD-107568,01-11-2025,CLI-1049,Fixed Income,747113.37,250.62,250.62,2,0,Settled
TRD-107569,08-08-2025,CLI-1095,OTC Derivatives,66367.76,27.08,27.08,0,1,SSI Mismatch
TRD-107570,24-11-2025,CLI-1042,Fixed Income,140577.84,67.31,67.31,0,0,Settled
TRD-107571,03-08-2025,CLI-1122,Equities,14250.22,4.85,4.85,0,0,Settled
TRD-107572,09-08-2025,CLI-1136,FX Options,1737534.3,281.21,281.21,0,0,Settled
TRD-107573,11-02-2025,CLI-1083,FX Options,458422.52,75.89,75.89,3,1,Custodian Delay
TRD-107574,15-05-2025,CLI-1041,Fixed Income,646303.65,215.57,215.57,1,0,Settled
TRD-107575,11-02-2025,CLI-1044,Fixed Income,536890.94,125.3,125.3,0,0,Settled
TRD-107576,13-06-2025,CLI-1038,Equities,87955.44,40.82,40.82,3,0,Settled
TRD-107577,27-12-2025,CLI-1065,OTC Derivatives,461859.96,159.18,159.18,0,1,System Lag
TRD-107578,10-10-2025,CLI-1063,Equities,80445.26,29.81,29.81,1,0,Settled
TRD-107579,27-02-2025,CLI-1065,Equities,266444.25,27.26,27.26,2,0,Settled
TRD-107580,29-10-2025,CLI-1138,Fixed Income,430780.83,129.04,129.04,0,0,Settled
TRD-107581,18-11-2025,CLI-1002,Equities,419220.43,114.22,114.22,0,0,Settled
TRD-107582,25-01-2025,CLI-1136,Equities,73390.5,28.06,37.69,1,0,Settled
TRD-107583,14-03-2025,CLI-1108,Fixed Income,27521.43,6.96,6.96,3,0,Settled
TRD-107584,09-05-2025,CLI-1042,Equities,810324.11,397.57,397.57,2,0,Settled
TRD-107585,28-03-2025,CLI-1108,Equities,657172.07,241.89,336.56,0,0,Settled
TRD-107586,26-11-2025,CLI-1137,Equities,52680.32,19.17,19.17,0,0,Settled
TRD-107587,02-06-2025,CLI-1100,Equities,78147.9,36.55,36.55,1,0,Settled
TRD-107588,01-07-2025,CLI-1087,OTC Derivatives,1125522.03,560.6,560.6,0,0,Settled
TRD-107589,05-05-2025,CLI-1122,OTC Derivatives,742947.87,133.08,133.08,2,1,SSI Mismatch
TRD-107590,08-03-2025,CLI-1031,Fixed Income,2791180.03,1184.06,1184.06,2,0,Settled
TRD-107591,06-01-2025,CLI-1067,Fixed Income,156506.43,25.81,25.81,1,0,Settled
TRD-107592,05-05-2025,CLI-1102,Equities,344522.97,97.44,97.44,5,0,Settled
TRD-107593,10-11-2025,CLI-1134,Equities,144894.61,20.3,20.3,0,0,Settled
TRD-107594,22-11-2025,CLI-1045,Equities,497490.05,173.8,173.8,4,0,Settled
TRD-107595,22-02-2025,CLI-1059,Fixed Income,71317.91,20.5,20.5,4,0,Settled
TRD-107596,07-03-2025,CLI-1063,OTC Derivatives,78049.16,27.43,27.43,2,0,Settled
TRD-107597,10-11-2025,CLI-1105,Fixed Income,47301.37,17.56,17.56,1,0,Settled
TRD-107598,23-03-2025,CLI-1129,Equities,601409.21,209.15,209.15,0,0,Settled
TRD-107599,28-03-2025,CLI-1002,Equities,350681.03,76.31,76.31,0,0,Settled
TRD-107600,02-01-2025,CLI-1091,OTC Derivatives,490815.65,213.4,213.4,0,0,Settled
TRD-107601,23-07-2025,CLI-1067,Equities,1067227.91,342.23,342.23,1,0,Settled
TRD-107602,30-05-2025,CLI-1029,OTC Derivatives,684168.92,202.47,202.47,2,0,Settled
TRD-107603,20-10-2025,CLI-1030,Fixed Income,319690.91,158.19,158.19,0,0,Settled
TRD-107604,13-04-2025,CLI-1021,OTC Derivatives,2088833.54,445.76,445.76,2,0,Settled
TRD-107605,24-01-2025,CLI-1072,FX Options,314638.46,97.92,97.92,1,0,Settled
TRD-107606,31-07-2025,CLI-1008,FX Options,69645.59,25.97,25.97,1,0,Settled
TRD-107607,06-03-2025,CLI-1143,Fixed Income,2466850.53,370.25,370.25,0,0,Settled
TRD-107608,28-07-2025,CLI-1034,Fixed Income,21542.58,5.21,5.21,1,0,Settled
TRD-107609,08-09-2025,CLI-1149,Equities,409124.49,172.11,172.11,2,0,Settled
TRD-107610,27-04-2025,CLI-1117,FX Options,194876.83,37.94,37.94,0,0,Settled
TRD-107611,26-04-2025,CLI-1140,Fixed Income,360138.42,107.07,107.07,2,0,Settled
TRD-107612,25-08-2025,CLI-1124,Equities,419029.86,147.6,147.6,2,1,Margin Breach
TRD-107613,15-04-2025,CLI-1058,Fixed Income,147281.52,54.27,54.27,2,0,Settled
TRD-107614,16-09-2025,CLI-1127,Equities,416933.36,163.16,163.16,0,0,Settled
TRD-107615,15-02-2025,CLI-1070,Fixed Income,715418.77,319.36,416.18,2,1,System Lag
TRD-107616,07-11-2025,CLI-1064,Fixed Income,164970.55,42.42,42.42,1,1,SSI Mismatch
TRD-107617,27-11-2025,CLI-1049,Equities,251788.57,96.35,96.35,1,0,Settled
TRD-107618,04-08-2025,CLI-1034,Equities,166153.18,65.28,65.28,2,0,Settled
TRD-107619,28-10-2025,CLI-1062,FX Options,868956.44,191.27,191.27,0,0,Settled
TRD-107620,29-11-2025,CLI-1074,OTC Derivatives,655459.84,319.38,319.38,2,0,Settled
TRD-107621,24-01-2025,CLI-1097,OTC Derivatives,1034733.4,461.58,461.58,2,0,Settled
TRD-107622,04-02-2025,CLI-1030,Equities,103194.85,22.28,22.28,1,0,Settled
TRD-107623,24-01-2025,CLI-1059,OTC Derivatives,48213.6,17.84,17.84,1,1,System Lag
TRD-107624,28-01-2025,CLI-1015,Fixed Income,73566.53,28.48,28.48,1,0,Settled
TRD-107625,16-01-2025,CLI-1050,Equities,97783.21,26.66,33.34,2,1,System Lag
TRD-107626,28-02-2025,CLI-1109,Equities,390801.52,174.1,174.1,2,0,Settled
TRD-107627,31-08-2025,CLI-1054,Equities,1778715.99,668.96,668.96,4,1,SSI Mismatch
TRD-107628,26-07-2025,CLI-1036,Equities,230988.37,83.91,83.91,1,0,Settled
TRD-107629,28-09-2025,CLI-1024,FX Options,1601130.57,301.55,301.55,0,0,Settled
TRD-107630,06-09-2025,CLI-1027,Equities,29474.79,7.76,7.76,1,1,Margin Breach
TRD-107631,24-09-2025,CLI-1097,Fixed Income,1317773.36,360.5,451.11,1,1,SSI Mismatch
TRD-107632,12-07-2025,CLI-1020,Fixed Income,109928.77,43.25,43.25,4,1,Custodian Delay
TRD-107633,01-12-2025,CLI-1138,Equities,1227915.32,426.53,426.53,0,0,Settled
TRD-107634,06-08-2025,CLI-1052,Fixed Income,38935.03,5.23,5.23,2,0,Settled
TRD-107635,25-04-2025,CLI-1090,Equities,1490370.32,332.47,332.47,2,0,Settled
TRD-107636,09-03-2025,CLI-1072,OTC Derivatives,122070.94,35.31,35.31,2,1,Custodian Delay
TRD-107637,26-10-2025,CLI-1143,Equities,190279.85,75.1,75.1,2,0,Settled
TRD-107638,21-11-2025,CLI-1138,Fixed Income,347597,138.14,138.14,0,0,Settled
TRD-107639,16-03-2025,CLI-1013,OTC Derivatives,249599.59,73.94,73.94,1,0,Settled
TRD-107640,13-04-2025,CLI-1078,OTC Derivatives,560599.77,82.28,82.28,1,0,Settled
TRD-107641,24-10-2025,CLI-1105,OTC Derivatives,1850609.78,401.88,401.88,4,0,Settled
TRD-107642,27-06-2025,CLI-1041,Fixed Income,476243.71,96.14,96.14,3,0,Settled
TRD-107643,03-08-2025,CLI-1085,Equities,649142.42,267.71,313.95,2,1,Custodian Delay
TRD-107644,11-11-2025,CLI-1085,Fixed Income,56060.52,9.64,9.64,1,0,Settled
TRD-107645,08-02-2025,CLI-1102,OTC Derivatives,504178.66,144.18,144.18,3,0,Settled
TRD-107646,16-09-2025,CLI-1029,OTC Derivatives,312430.6,115.06,115.06,1,0,Settled
TRD-107647,23-07-2025,CLI-1064,Equities,1094824.75,531.99,531.99,2,0,Settled
TRD-107648,07-01-2025,CLI-1044,Equities,255684,127.76,127.76,2,0,Settled
TRD-107649,18-02-2025,CLI-1114,OTC Derivatives,578864.97,278.53,278.53,1,0,Settled
TRD-107650,26-01-2025,CLI-1130,Fixed Income,139484.94,54.02,54.02,2,0,Settled
TRD-107651,10-06-2025,CLI-1060,Equities,160128.76,63.82,63.82,2,0,Settled
TRD-107652,23-12-2025,CLI-1007,Fixed Income,245900.57,99.27,99.27,3,0,Settled
TRD-107653,25-06-2025,CLI-1031,Fixed Income,191248.46,85.11,85.11,1,0,Settled
TRD-107654,20-03-2025,CLI-1056,FX Options,156433.64,75.2,75.2,0,0,Settled
TRD-107655,02-01-2025,CLI-1069,Fixed Income,35472.31,9.87,9.87,1,0,Settled
TRD-107656,12-05-2025,CLI-1075,Equities,916225.02,244.27,244.27,0,0,Settled
TRD-107657,03-10-2025,CLI-1135,Equities,43231,12.29,12.29,1,0,Settled
TRD-107658,27-04-2025,CLI-1092,Equities,1101803.68,400.98,400.98,2,0,Settled
TRD-107659,13-06-2025,CLI-1147,Fixed Income,77031.7,31.6,31.6,0,0,Settled
TRD-107660,15-10-2025,CLI-1108,Fixed Income,43744.36,19.61,19.61,3,1,System Lag
TRD-107661,28-01-2025,CLI-1140,Equities,423916.49,119.75,147,2,0,Settled
TRD-107662,29-11-2025,CLI-1116,Fixed Income,359021.36,88.09,88.09,2,0,Settled
TRD-107663,01-01-2025,CLI-1135,OTC Derivatives,347884.11,171.63,171.63,2,0,Settled
TRD-107664,07-07-2025,CLI-1145,Equities,437250.25,84.28,112.25,2,1,Custodian Delay
TRD-107665,25-02-2025,CLI-1032,Equities,179176.63,33.83,40.91,2,0,Settled
TRD-107666,04-02-2025,CLI-1007,FX Options,553760.92,213.84,213.84,0,0,Settled
TRD-107667,22-04-2025,CLI-1111,Equities,358981.6,61.7,61.7,1,0,Settled
TRD-107668,13-10-2025,CLI-1065,OTC Derivatives,213791.27,55.54,55.54,2,1,System Lag
TRD-107669,06-11-2025,CLI-1143,Fixed Income,885790.76,192.18,192.18,1,0,Settled
TRD-107670,05-02-2025,CLI-1113,OTC Derivatives,660464.18,110.62,110.62,0,0,Settled
TRD-107671,05-08-2025,CLI-1106,OTC Derivatives,260116.25,86.33,86.33,0,0,Settled
TRD-107672,21-03-2025,CLI-1042,Fixed Income,950681.67,237.1,237.1,1,0,Settled
TRD-107673,10-11-2025,CLI-1138,OTC Derivatives,1274481,363.09,363.09,0,0,Settled
TRD-107674,24-03-2025,CLI-1107,FX Options,394869.71,70.42,70.42,0,0,Settled
TRD-107675,06-03-2025,CLI-1093,Fixed Income,131005.49,53.34,53.34,0,0,Settled
TRD-107676,21-11-2025,CLI-1043,Equities,1247233.6,281.73,281.73,1,0,Settled
TRD-107677,08-05-2025,CLI-1135,Equities,115039.4,27.27,27.27,0,0,Settled
TRD-107678,03-11-2025,CLI-1073,OTC Derivatives,34817.45,6.99,6.99,0,0,Settled
TRD-107679,22-01-2025,CLI-1069,Fixed Income,208366.93,57.04,57.04,0,0,Settled
TRD-107680,04-08-2025,CLI-1127,Equities,659080.11,188.12,188.12,1,0,Settled
TRD-107681,17-04-2025,CLI-1123,Equities,1293757.89,403.48,403.48,0,0,Settled
TRD-107682,19-04-2025,CLI-1064,Fixed Income,517069.83,251.83,335.55,1,0,Settled
TRD-107683,23-12-2025,CLI-1122,Equities,1526598.15,705.1,705.1,0,0,Settled
TRD-107684,30-06-2025,CLI-1104,Fixed Income,58459.7,20.1,20.1,1,0,Settled
TRD-107685,22-12-2025,CLI-1019,OTC Derivatives,41338.78,4.78,4.78,0,0,Settled
TRD-107686,13-06-2025,CLI-1098,Fixed Income,473412.95,163.28,163.28,0,0,Settled
TRD-107687,09-03-2025,CLI-1048,Equities,1702410.94,231.3,231.3,0,0,Settled
TRD-107688,19-10-2025,CLI-1142,Equities,359302.33,138.02,172.05,1,1,Custodian Delay
TRD-107689,29-06-2025,CLI-1004,Equities,36444.77,9.33,11.73,0,0,Settled
TRD-107690,30-06-2025,CLI-1052,Equities,135012.48,58.74,58.74,1,0,Settled
TRD-107691,18-06-2025,CLI-1084,Fixed Income,150381.64,71.73,71.73,0,0,Settled
TRD-107692,22-01-2025,CLI-1048,Fixed Income,216136.96,57.67,57.67,0,0,Settled
TRD-107693,07-03-2025,CLI-1100,Equities,32291.29,9.18,9.18,0,0,Settled
TRD-107694,21-01-2025,CLI-1075,Equities,1186374.78,398.69,398.69,0,0,Settled
TRD-107695,10-04-2025,CLI-1067,Equities,372384.92,66.6,66.6,3,0,Settled
TRD-107696,27-10-2025,CLI-1022,FX Options,565743.6,266.43,266.43,1,0,Settled
TRD-107697,13-04-2025,CLI-1025,Fixed Income,44767.67,12.23,12.23,2,0,Settled
TRD-107698,16-02-2025,CLI-1047,OTC Derivatives,37817.39,6.31,6.31,0,1,SSI Mismatch
TRD-107699,08-02-2025,CLI-1065,OTC Derivatives,451509.91,182.9,182.9,1,0,Settled
TRD-107700,12-10-2025,CLI-1143,Fixed Income,1101495.23,206.71,206.71,2,0,Settled
TRD-107701,06-11-2025,CLI-1074,OTC Derivatives,385899,60.75,76.37,0,0,Settled
TRD-107702,31-03-2025,CLI-1022,Equities,1061126.57,345.02,345.02,1,0,Settled
TRD-107703,26-03-2025,CLI-1117,Fixed Income,842981.05,310.72,310.72,2,0,Settled
TRD-107704,30-09-2025,CLI-1054,Equities,49442.49,16.21,16.21,1,0,Settled
TRD-107705,02-12-2025,CLI-1116,OTC Derivatives,122796.7,44.53,44.53,3,0,Settled
TRD-107706,07-07-2025,CLI-1093,Equities,546049.45,79.84,99.52,0,0,Settled
TRD-107707,08-06-2025,CLI-1102,OTC Derivatives,303045.3,88.01,88.01,1,0,Settled
TRD-107708,31-08-2025,CLI-1083,Equities,181738.22,44.13,58.31,2,0,Settled
TRD-107709,14-03-2025,CLI-1079,OTC Derivatives,281187.26,137.6,137.6,0,0,Settled
TRD-107710,18-02-2025,CLI-1112,Equities,304573.48,36.5,36.5,2,0,Settled
TRD-107711,11-04-2025,CLI-1010,Fixed Income,1217050.32,266.92,266.92,5,0,Settled
TRD-107712,02-01-2025,CLI-1057,Fixed Income,64605.23,30.8,30.8,1,0,Settled
TRD-107713,01-09-2025,CLI-1065,Equities,174065.09,85.88,85.88,0,1,Custodian Delay
TRD-107714,25-06-2025,CLI-1056,Fixed Income,395624.44,170.1,170.1,2,0,Settled
TRD-107715,26-08-2025,CLI-1078,FX Options,609139.4,79.43,79.43,2,0,Settled
TRD-107716,28-02-2025,CLI-1100,Equities,507988.08,164.86,164.86,3,0,Settled
TRD-107717,19-12-2025,CLI-1021,FX Options,1430585.73,372.02,372.02,0,0,Settled
TRD-107718,09-04-2025,CLI-1025,Fixed Income,803860.04,339.7,407.15,1,0,Settled
TRD-107719,25-12-2025,CLI-1067,OTC Derivatives,417179.49,50.9,50.9,2,1,Margin Breach
TRD-107720,02-01-2025,CLI-1005,Equities,130833.71,23.4,23.4,1,0,Settled
TRD-107721,31-08-2025,CLI-1021,Fixed Income,309713.89,91.58,91.58,1,0,Settled
TRD-107722,24-10-2025,CLI-1037,OTC Derivatives,601076.7,98.01,98.01,0,0,Settled
TRD-107723,30-07-2025,CLI-1022,Fixed Income,919962.74,346.91,346.91,0,0,Settled
TRD-107724,03-05-2025,CLI-1063,Fixed Income,1616151.54,692.21,692.21,2,0,Settled
TRD-107725,17-08-2025,CLI-1088,Equities,475008.21,181.36,181.36,2,0,Settled
TRD-107726,23-03-2025,CLI-1019,Equities,384244.72,106.1,106.1,2,0,Settled
TRD-107727,24-05-2025,CLI-1112,Fixed Income,18925.15,8.54,8.54,1,0,Settled
TRD-107728,20-05-2025,CLI-1019,OTC Derivatives,47415.15,7.35,7.35,3,1,Margin Breach
TRD-107729,29-01-2025,CLI-1127,Fixed Income,94863.6,19.37,19.37,0,0,Settled
TRD-107730,27-09-2025,CLI-1111,Equities,38158.17,11.29,11.29,1,1,System Lag
TRD-107731,04-09-2025,CLI-1024,Fixed Income,266132.7,33.14,33.14,0,0,Settled
TRD-107732,12-01-2025,CLI-1142,Equities,215398.56,29.78,29.78,0,0,Settled
TRD-107733,21-12-2025,CLI-1101,Fixed Income,517164.28,133.93,133.93,0,0,Settled
TRD-107734,03-12-2025,CLI-1106,OTC Derivatives,393574.62,187.95,187.95,2,0,Settled
TRD-107735,16-04-2025,CLI-1020,OTC Derivatives,463134.01,214.6,214.6,2,0,Settled
TRD-107736,01-02-2025,CLI-1078,Equities,329307.91,94.31,94.31,1,0,Settled
TRD-107737,15-03-2025,CLI-1025,OTC Derivatives,172683.07,27.09,27.09,3,0,Settled
TRD-107738,20-06-2025,CLI-1009,Fixed Income,1536948.93,263.19,263.19,0,0,Settled
TRD-107739,03-12-2025,CLI-1054,OTC Derivatives,55186.23,13.85,13.85,0,0,Settled
TRD-107740,10-03-2025,CLI-1068,Equities,1407548.06,259.03,259.03,0,0,Settled
TRD-107741,28-10-2025,CLI-1087,Fixed Income,196429.78,26.16,26.16,0,0,Settled
TRD-107742,28-12-2025,CLI-1103,Equities,369398.11,136.5,136.5,0,0,Settled
TRD-107743,17-05-2025,CLI-1031,Fixed Income,67616.95,22.49,22.49,1,0,Settled
TRD-107744,10-04-2025,CLI-1089,Equities,46786.17,10.13,10.13,1,0,Settled
TRD-107745,26-05-2025,CLI-1047,Equities,290660.89,119.63,119.63,2,0,Settled
TRD-107746,09-01-2025,CLI-1026,Equities,686811.71,281.85,281.85,0,0,Settled
TRD-107747,03-03-2025,CLI-1075,Equities,166920.48,49.48,49.48,0,0,Settled
TRD-107748,04-07-2025,CLI-1031,Equities,423165.48,58.66,58.66,1,1,Margin Breach
TRD-107749,29-01-2025,CLI-1102,Fixed Income,173315.65,81.01,81.01,0,0,Settled
TRD-107750,24-04-2025,CLI-1035,Equities,256012.62,94.08,94.08,1,0,Settled
TRD-107751,23-05-2025,CLI-1069,Fixed Income,1194609.94,237.51,237.51,1,0,Settled
TRD-107752,30-04-2025,CLI-1107,Equities,978414.44,336.75,336.75,0,0,Settled
TRD-107753,19-06-2025,CLI-1140,FX Options,372853.31,97.69,97.69,1,0,Settled
TRD-107754,06-06-2025,CLI-1145,FX Options,145973.68,51.7,51.7,1,1,Custodian Delay
TRD-107755,01-12-2025,CLI-1009,Equities,117329.77,33.97,33.97,0,0,Settled
TRD-107756,15-12-2025,CLI-1038,Fixed Income,1550507.33,456.14,456.14,0,0,Settled
TRD-107757,17-09-2025,CLI-1102,Equities,123272.54,48.61,48.61,0,0,Settled
TRD-107758,23-03-2025,CLI-1130,FX Options,835568.46,288.68,288.68,0,0,Settled
TRD-107759,30-08-2025,CLI-1081,Fixed Income,240201.1,31.7,31.7,0,0,Settled
TRD-107760,21-06-2025,CLI-1047,Equities,2132345.91,268.99,268.99,0,0,Settled
TRD-107761,19-08-2025,CLI-1127,Equities,239556.17,53.18,53.18,1,0,Settled
TRD-107762,27-07-2025,CLI-1074,Equities,226559.46,61.65,61.65,2,0,Settled
TRD-107763,16-03-2025,CLI-1117,Equities,517315.24,108.68,108.68,2,0,Settled
TRD-107764,27-09-2025,CLI-1122,Fixed Income,1638766.83,590.91,590.91,3,0,Settled
TRD-107765,24-04-2025,CLI-1104,Fixed Income,1879236.69,334.59,334.59,0,0,Settled
TRD-107766,03-03-2025,CLI-1007,Equities,624143.24,238.21,238.21,0,0,Settled
TRD-107767,28-12-2025,CLI-1107,Equities,712445.84,291.58,291.58,2,0,Settled
TRD-107768,16-11-2025,CLI-1087,Equities,424371.41,63.54,63.54,0,0,Settled
TRD-107769,12-04-2025,CLI-1017,Equities,714834.19,257.57,257.57,1,0,Settled
TRD-107770,28-12-2025,CLI-1021,OTC Derivatives,992270.1,480.83,563.76,2,1,System Lag
TRD-107771,29-07-2025,CLI-1116,Equities,342858.72,60.73,60.73,0,0,Settled
TRD-107772,12-09-2025,CLI-1049,Fixed Income,493610.81,228.9,228.9,1,0,Settled
TRD-107773,20-01-2025,CLI-1073,Equities,395356.23,135.38,135.38,3,0,Settled
TRD-107774,27-02-2025,CLI-1128,Equities,423305.7,142.39,142.39,2,0,Settled
TRD-107775,22-04-2025,CLI-1130,Fixed Income,1113855.28,134.52,134.52,1,1,Custodian Delay
TRD-107776,09-11-2025,CLI-1107,Fixed Income,229730.87,91.74,91.74,3,0,Settled
TRD-107777,15-07-2025,CLI-1134,Fixed Income,126713.13,36.91,36.91,0,0,Settled
TRD-107778,19-12-2025,CLI-1014,Fixed Income,314660.54,122.24,122.24,2,0,Settled
TRD-107779,02-04-2025,CLI-1086,Fixed Income,126650.73,53.66,53.66,2,0,Settled
TRD-107780,21-02-2025,CLI-1109,Equities,354976.57,109.87,109.87,2,1,Margin Breach
TRD-107781,20-10-2025,CLI-1076,Fixed Income,1179148.13,242.27,242.27,3,1,SSI Mismatch
TRD-107782,08-01-2025,CLI-1048,Fixed Income,490426.42,76.81,76.81,3,1,System Lag
TRD-107783,27-10-2025,CLI-1083,Equities,977005.6,160.43,160.43,2,0,Settled
TRD-107784,08-04-2025,CLI-1111,Fixed Income,100875.41,45.07,45.07,1,0,Settled
TRD-107785,24-08-2025,CLI-1120,Equities,1165679.7,174.19,174.19,1,0,Settled
TRD-107786,10-03-2025,CLI-1052,Equities,470384.33,119.42,119.42,0,0,Settled
TRD-107787,14-02-2025,CLI-1104,Fixed Income,26137.54,6.11,6.11,1,1,System Lag
TRD-107788,17-05-2025,CLI-1091,OTC Derivatives,511358.81,228.16,228.16,1,0,Settled
TRD-107789,22-08-2025,CLI-1075,OTC Derivatives,1522034.56,443.03,532.61,2,0,Settled
TRD-107790,01-02-2025,CLI-1035,Equities,51238.29,25.55,25.55,1,0,Settled
TRD-107791,16-10-2025,CLI-1137,Fixed Income,446682.83,176.36,176.36,3,1,Custodian Delay
TRD-107792,06-05-2025,CLI-1089,Fixed Income,1245375.28,548.43,548.43,2,0,Settled
TRD-107793,08-03-2025,CLI-1079,Equities,14871.24,2.07,2.07,1,0,Settled
TRD-107794,30-01-2025,CLI-1123,OTC Derivatives,508361.35,102.3,102.3,1,0,Settled
TRD-107795,24-04-2025,CLI-1141,OTC Derivatives,332085.46,51.2,51.2,1,1,Margin Breach
TRD-107796,23-07-2025,CLI-1114,FX Options,223080.9,63.68,63.68,0,0,Settled
TRD-107797,29-01-2025,CLI-1024,Equities,503808.1,195.13,195.13,2,0,Settled
TRD-107798,11-05-2025,CLI-1079,Equities,37070.83,6.21,6.21,1,0,Settled
TRD-107799,04-07-2025,CLI-1096,OTC Derivatives,709311.11,107.86,107.86,4,1,SSI Mismatch
TRD-107800,10-09-2025,CLI-1129,Fixed Income,12244.77,4.23,4.23,0,0,Settled
TRD-107801,13-10-2025,CLI-1142,OTC Derivatives,193316.28,37.14,37.14,2,0,Settled
TRD-107802,03-03-2025,CLI-1114,Equities,360547.98,105.18,105.18,2,0,Settled
TRD-107803,03-01-2025,CLI-1043,Fixed Income,246622.24,29.7,29.7,2,0,Settled
TRD-107804,09-03-2025,CLI-1062,Fixed Income,193706.15,72.11,72.11,1,0,Settled
TRD-107805,25-01-2025,CLI-1105,Equities,898440.78,284.38,384.75,2,0,Settled
TRD-107806,28-06-2025,CLI-1110,Fixed Income,1375397.77,493.73,493.73,3,1,Margin Breach
TRD-107807,21-05-2025,CLI-1004,Fixed Income,1044597.84,219.54,219.54,0,0,Settled
TRD-107808,19-08-2025,CLI-1031,Equities,379523.64,80.25,80.25,0,0,Settled
TRD-107809,27-10-2025,CLI-1022,Equities,1087790.7,457.46,457.46,0,0,Settled
TRD-107810,12-06-2025,CLI-1096,Fixed Income,1278278.31,495.24,495.24,3,0,Settled
TRD-107811,07-11-2025,CLI-1032,Fixed Income,273171.36,90.66,90.66,3,0,Settled
TRD-107812,10-05-2025,CLI-1019,OTC Derivatives,176650.74,62.05,62.05,0,0,Settled
TRD-107813,03-09-2025,CLI-1129,Equities,61717.41,8.49,8.49,0,0,Settled
TRD-107814,24-10-2025,CLI-1086,Equities,336090.84,148.71,148.71,2,1,Margin Breach
TRD-107815,21-06-2025,CLI-1114,FX Options,1472142.47,600.58,600.58,0,0,Settled
TRD-107816,05-03-2025,CLI-1053,FX Options,421522.62,141.71,141.71,1,0,Settled
TRD-107817,31-01-2025,CLI-1129,Equities,560651.1,262.07,262.07,3,0,Settled
TRD-107818,16-02-2025,CLI-1096,OTC Derivatives,69889.66,11.7,11.7,0,0,Settled
TRD-107819,10-05-2025,CLI-1073,Equities,87461.96,32.77,32.77,1,0,Settled
TRD-107820,18-12-2025,CLI-1014,Equities,322252.23,156.35,156.35,1,0,Settled
TRD-107821,29-11-2025,CLI-1081,Equities,1520676.85,340.64,340.64,1,0,Settled
TRD-107822,20-04-2025,CLI-1100,Equities,233756.93,24.81,24.81,0,0,Settled
TRD-107823,10-03-2025,CLI-1051,OTC Derivatives,1059756.99,417.49,530.14,1,0,Settled
TRD-107824,27-02-2025,CLI-1107,OTC Derivatives,74080.69,7.61,7.61,1,0,Settled
TRD-107825,16-04-2025,CLI-1013,FX Options,489882.61,219.96,219.96,2,0,Settled
TRD-107826,27-10-2025,CLI-1030,OTC Derivatives,468912.17,57.45,57.45,2,1,Custodian Delay
TRD-107827,26-11-2025,CLI-1072,Fixed Income,992609.31,358.44,358.44,2,0,Settled
TRD-107828,13-09-2025,CLI-1045,Fixed Income,11661.11,2.93,2.93,0,0,Settled
TRD-107829,08-11-2025,CLI-1039,FX Options,115318.34,20.91,20.91,1,0,Settled
TRD-107830,20-06-2025,CLI-1025,OTC Derivatives,134030.48,61.56,61.56,2,0,Settled
TRD-107831,11-06-2025,CLI-1090,OTC Derivatives,1507527.13,600.75,600.75,2,1,SSI Mismatch
TRD-107832,13-10-2025,CLI-1015,FX Options,93436.94,22.07,22.07,1,1,Custodian Delay
TRD-107833,12-03-2025,CLI-1129,Equities,28831.39,6.16,6.16,1,0,Settled
TRD-107834,12-09-2025,CLI-1062,OTC Derivatives,392280.23,154.72,154.72,1,0,Settled
TRD-107835,24-02-2025,CLI-1127,OTC Derivatives,385980.09,167.76,167.76,1,0,Settled
TRD-107836,19-11-2025,CLI-1040,FX Options,939100.19,362.81,362.81,1,1,SSI Mismatch
TRD-107837,03-01-2025,CLI-1054,Equities,1496590.73,532.78,532.78,2,1,System Lag
TRD-107838,26-01-2025,CLI-1098,Fixed Income,396685.85,75.83,75.83,0,0,Settled
TRD-107839,09-11-2025,CLI-1002,Fixed Income,1339588.47,590.92,590.92,0,0,Settled
TRD-107840,06-05-2025,CLI-1141,Equities,655781.54,262.22,262.22,3,0,Settled
TRD-107841,22-02-2025,CLI-1032,Fixed Income,163642.57,50.22,50.22,0,0,Settled
TRD-107842,17-07-2025,CLI-1084,Equities,1328474.75,404.7,404.7,5,1,System Lag
TRD-107843,26-10-2025,CLI-1137,Equities,560472.27,183.65,183.65,0,0,Settled
TRD-107844,07-07-2025,CLI-1023,Fixed Income,277299.61,119.6,119.6,0,0,Settled
TRD-107845,05-07-2025,CLI-1137,Fixed Income,580095.54,230.24,230.24,1,0,Settled
TRD-107846,01-11-2025,CLI-1048,Fixed Income,266508.03,117.93,117.93,3,0,Settled
TRD-107847,25-10-2025,CLI-1105,Fixed Income,70622.88,21.39,21.39,1,0,Settled
TRD-107848,23-07-2025,CLI-1012,Equities,644662.49,225.54,225.54,1,0,Settled
TRD-107849,11-01-2025,CLI-1092,Equities,878884.6,388.32,388.32,0,0,Settled
TRD-107850,25-12-2025,CLI-1026,Equities,662460.79,127.81,127.81,3,0,Settled
TRD-107851,20-12-2025,CLI-1074,Equities,140107.82,38.9,38.9,5,0,Settled
TRD-107852,26-05-2025,CLI-1073,Fixed Income,1579051.46,549.92,549.92,2,0,Settled
TRD-107853,26-03-2025,CLI-1028,OTC Derivatives,22789.47,10.62,10.62,1,0,Settled
TRD-107854,10-04-2025,CLI-1039,Equities,212246.76,22.57,22.57,3,0,Settled
TRD-107855,14-04-2025,CLI-1088,Equities,160615.01,29.72,29.72,0,0,Settled
TRD-107856,15-02-2025,CLI-1134,OTC Derivatives,34661.42,6.72,6.72,1,0,Settled
TRD-107857,13-02-2025,CLI-1100,Equities,270210.5,62.32,62.32,2,0,Settled
TRD-107858,05-10-2025,CLI-1085,FX Options,497907.38,105.91,105.91,1,0,Settled
TRD-107859,30-06-2025,CLI-1076,OTC Derivatives,1080883.47,363.24,363.24,0,0,Settled
TRD-107860,06-07-2025,CLI-1038,Equities,2297306.73,1043.55,1252.61,1,0,Settled
TRD-107861,24-04-2025,CLI-1024,Equities,835363.31,296.38,296.38,1,0,Settled
TRD-107862,12-09-2025,CLI-1079,Fixed Income,326195.89,64.13,64.13,1,0,Settled
TRD-107863,30-01-2025,CLI-1070,Equities,653142.03,290.98,290.98,1,0,Settled
TRD-107864,21-09-2025,CLI-1048,Equities,937745.28,330.85,330.85,0,0,Settled
TRD-107865,08-04-2025,CLI-1142,Equities,323031.45,60.6,60.6,0,0,Settled
TRD-107866,09-11-2025,CLI-1124,OTC Derivatives,778685.23,190.52,190.52,2,1,Margin Breach
TRD-107867,25-11-2025,CLI-1001,Fixed Income,339520.16,141.24,141.24,1,0,Settled
TRD-107868,25-04-2025,CLI-1139,Equities,254284.24,100.59,100.59,0,0,Settled
TRD-107869,03-10-2025,CLI-1077,Fixed Income,383369.81,126.75,126.75,1,0,Settled
TRD-107870,08-10-2025,CLI-1114,Fixed Income,573281.76,90.53,90.53,1,0,Settled
TRD-107871,02-10-2025,CLI-1059,Fixed Income,658925.77,277.62,347.29,0,0,Settled
TRD-107872,18-09-2025,CLI-1065,Equities,230600.24,51.43,51.43,1,0,Settled
TRD-107873,27-11-2025,CLI-1033,Fixed Income,433522.57,177.15,177.15,1,0,Settled
TRD-107874,26-07-2025,CLI-1004,FX Options,1213255.95,435.59,435.59,5,0,Settled
TRD-107875,24-11-2025,CLI-1015,Equities,1881412.34,386.95,386.95,1,1,SSI Mismatch
TRD-107876,30-07-2025,CLI-1037,Equities,138898.61,25.69,25.69,1,0,Settled
TRD-107877,03-08-2025,CLI-1098,Equities,117111.21,17.84,17.84,3,0,Settled
TRD-107878,09-02-2025,CLI-1125,Equities,574565.08,113.06,113.06,2,0,Settled
TRD-107879,26-01-2025,CLI-1004,Equities,277801.61,45.32,45.32,2,0,Settled
TRD-107880,27-01-2025,CLI-1119,OTC Derivatives,22260.26,7.72,7.72,2,0,Settled
TRD-107881,09-07-2025,CLI-1064,FX Options,222983.32,75.71,75.71,1,0,Settled
TRD-107882,24-03-2025,CLI-1028,Equities,831871.7,278.24,278.24,2,0,Settled
TRD-107883,19-06-2025,CLI-1001,Fixed Income,808327.31,288.38,288.38,0,0,Settled
TRD-107884,16-06-2025,CLI-1062,Fixed Income,351286.79,149.62,149.62,1,0,Settled
TRD-107885,07-07-2025,CLI-1080,Fixed Income,329877.08,153.53,153.53,1,0,Settled
TRD-107886,18-06-2025,CLI-1113,Fixed Income,443164.25,85.15,85.15,1,0,Settled
TRD-107887,16-10-2025,CLI-1118,Equities,133844.11,44.85,44.85,2,1,System Lag
TRD-107888,17-08-2025,CLI-1087,Fixed Income,383320,50.34,50.34,1,0,Settled
TRD-107889,07-04-2025,CLI-1145,Fixed Income,15553.91,2.3,2.3,2,1,System Lag
TRD-107890,16-01-2025,CLI-1007,OTC Derivatives,332711.7,120.35,120.35,0,0,Settled
TRD-107891,06-10-2025,CLI-1027,OTC Derivatives,214775,63.28,63.28,3,0,Settled
TRD-107892,15-05-2025,CLI-1131,Equities,571764.48,230.61,230.61,0,0,Settled
TRD-107893,26-01-2025,CLI-1081,Equities,518544.15,140.15,140.15,2,0,Settled
TRD-107894,18-12-2025,CLI-1120,FX Options,249692.45,37.71,37.71,2,0,Settled
TRD-107895,12-01-2025,CLI-1071,Fixed Income,13649.78,6.13,7.32,0,0,Settled
TRD-107896,13-03-2025,CLI-1057,OTC Derivatives,155359.09,20.69,20.69,0,0,Settled
TRD-107897,13-05-2025,CLI-1019,Equities,511670.85,89.84,89.84,2,0,Settled
TRD-107898,16-04-2025,CLI-1108,Fixed Income,47562.97,10.03,10.03,1,0,Settled
TRD-107899,08-08-2025,CLI-1036,Fixed Income,66944.18,33.35,33.35,1,0,Settled
TRD-107900,26-06-2025,CLI-1123,OTC Derivatives,530693.22,141.56,141.56,2,0,Settled
TRD-107901,09-10-2025,CLI-1034,Equities,714817.12,214.93,214.93,1,0,Settled
TRD-107902,13-05-2025,CLI-1145,Equities,203972.03,83.2,83.2,1,0,Settled
TRD-107903,22-01-2025,CLI-1107,Fixed Income,346351.86,122.8,122.8,3,1,Margin Breach
TRD-107904,26-09-2025,CLI-1019,OTC Derivatives,1466720.19,640.32,640.32,1,0,Settled
TRD-107905,10-06-2025,CLI-1110,FX Options,1465177.1,431.6,431.6,4,0,Settled
TRD-107906,17-04-2025,CLI-1067,FX Options,193725.52,94.71,124.57,2,0,Settled
TRD-107907,06-10-2025,CLI-1012,FX Options,840333.7,351.87,351.87,3,0,Settled
TRD-107908,19-12-2025,CLI-1148,Equities,460632.16,120.02,120.02,3,0,Settled
TRD-107909,23-08-2025,CLI-1103,Equities,1864224.72,470.73,470.73,1,0,Settled
TRD-107910,18-01-2025,CLI-1087,Equities,334673.84,157.9,157.9,1,0,Settled
TRD-107911,30-08-2025,CLI-1099,Equities,755176.46,282.26,282.26,1,0,Settled
TRD-107912,27-04-2025,CLI-1041,OTC Derivatives,740804.58,258.22,258.22,3,1,Margin Breach
TRD-107913,13-10-2025,CLI-1082,OTC Derivatives,354013.03,142.71,142.71,0,0,Settled
TRD-107914,09-10-2025,CLI-1098,Equities,803911.88,260.74,260.74,0,1,System Lag
TRD-107915,24-05-2025,CLI-1022,Fixed Income,161255.97,26.39,26.39,0,0,Settled
TRD-107916,24-07-2025,CLI-1025,FX Options,75198.46,17.12,17.12,2,0,Settled
TRD-107917,08-02-2025,CLI-1075,Fixed Income,286835.03,92.7,92.7,0,0,Settled
TRD-107918,03-06-2025,CLI-1113,Equities,1447914.91,155.31,155.31,2,0,Settled
TRD-107919,25-06-2025,CLI-1050,Fixed Income,357318.75,98.24,98.24,1,0,Settled
TRD-107920,29-08-2025,CLI-1073,Equities,514284.07,206.91,206.91,1,0,Settled
TRD-107921,14-05-2025,CLI-1089,Fixed Income,499299.15,82.73,82.73,1,0,Settled
TRD-107922,15-02-2025,CLI-1039,Fixed Income,81111.88,10.21,10.21,3,0,Settled
TRD-107923,19-02-2025,CLI-1026,Equities,257391.57,111.81,111.81,1,0,Settled
TRD-107924,15-06-2025,CLI-1064,FX Options,623687.2,216.36,272.92,2,0,Settled
TRD-107925,16-04-2025,CLI-1055,Fixed Income,1797598.6,306.73,418.21,1,0,Settled
TRD-107926,04-08-2025,CLI-1111,Fixed Income,101972.08,43.09,43.09,2,0,Settled
TRD-107927,26-05-2025,CLI-1051,FX Options,274190.99,99.6,99.6,1,1,Margin Breach
TRD-107928,13-03-2025,CLI-1100,Equities,59961.99,14.01,14.01,0,0,Settled
TRD-107929,26-11-2025,CLI-1013,Equities,148784.33,37.27,37.27,1,0,Settled
TRD-107930,30-09-2025,CLI-1048,OTC Derivatives,246411.27,40.01,40.01,2,0,Settled
TRD-107931,04-09-2025,CLI-1141,Equities,398964.07,173.19,173.19,0,0,Settled
TRD-107932,05-07-2025,CLI-1132,OTC Derivatives,141050.62,42.82,42.82,0,1,System Lag
TRD-107933,11-03-2025,CLI-1094,Equities,139102.19,44.9,44.9,0,0,Settled
TRD-107934,30-05-2025,CLI-1031,Equities,762156.17,345.56,345.56,0,0,Settled
TRD-107935,03-09-2025,CLI-1149,Fixed Income,1653599.59,175.83,175.83,0,0,Settled
TRD-107936,19-09-2025,CLI-1060,Equities,205494.92,26.05,26.05,1,0,Settled
TRD-107937,26-01-2025,CLI-1148,OTC Derivatives,592363.26,97.52,97.52,0,1,System Lag
TRD-107938,20-05-2025,CLI-1032,Fixed Income,159257.24,17.84,17.84,1,1,System Lag
TRD-107939,09-04-2025,CLI-1050,FX Options,1325213.13,481.4,481.4,3,0,Settled
TRD-107940,05-10-2025,CLI-1142,OTC Derivatives,568748.28,201.08,201.08,1,1,SSI Mismatch
TRD-107941,20-02-2025,CLI-1002,Equities,821456.28,151.41,151.41,1,0,Settled
TRD-107942,31-05-2025,CLI-1055,OTC Derivatives,35306.79,5.64,5.64,3,0,Settled
TRD-107943,14-04-2025,CLI-1061,Fixed Income,466281.31,73.8,73.8,1,0,Settled
TRD-107944,30-03-2025,CLI-1017,Fixed Income,384977.65,185.29,185.29,1,0,Settled
TRD-107945,21-05-2025,CLI-1104,OTC Derivatives,183360.12,69.2,69.2,2,0,Settled
TRD-107946,01-08-2025,CLI-1071,Fixed Income,162197.13,54.2,54.2,1,0,Settled
TRD-107947,21-08-2025,CLI-1082,Fixed Income,443779.81,101.62,101.62,1,0,Settled
TRD-107948,02-07-2025,CLI-1090,Fixed Income,622914.35,170.19,170.19,1,0,Settled
TRD-107949,08-09-2025,CLI-1132,Equities,26867.73,3.65,3.65,2,0,Settled
TRD-107950,09-01-2025,CLI-1141,Equities,428972.71,214.17,214.17,1,0,Settled
TRD-107951,20-03-2025,CLI-1040,Fixed Income,103441.69,41.59,41.59,1,0,Settled
TRD-107952,21-02-2025,CLI-1049,Equities,85622.38,29.85,29.85,3,0,Settled
TRD-107953,26-09-2025,CLI-1062,Equities,497913.54,166.85,166.85,0,0,Settled
TRD-107954,14-08-2025,CLI-1064,Equities,196162.76,59.19,59.19,0,0,Settled
TRD-107955,20-02-2025,CLI-1017,Fixed Income,300695.79,61.03,61.03,1,0,Settled
TRD-107956,05-07-2025,CLI-1017,Equities,233142.62,44.43,44.43,1,0,Settled
TRD-107957,03-02-2025,CLI-1106,OTC Derivatives,532540.01,170.31,170.31,1,0,Settled
TRD-107958,18-10-2025,CLI-1120,Equities,327552.14,41.95,41.95,1,0,Settled
TRD-107959,18-08-2025,CLI-1074,Fixed Income,1664655.56,216.05,216.05,0,0,Settled
TRD-107960,11-05-2025,CLI-1069,Fixed Income,227227.72,73.7,73.7,3,0,Settled
TRD-107961,30-04-2025,CLI-1035,Fixed Income,684083.93,320.1,320.1,1,0,Settled
TRD-107962,22-11-2025,CLI-1132,Equities,158726.54,73.92,73.92,2,0,Settled
TRD-107963,04-09-2025,CLI-1110,FX Options,365404.21,38.12,38.12,0,0,Settled
TRD-107964,11-07-2025,CLI-1033,FX Options,412117.31,58.92,58.92,0,0,Settled
TRD-107965,19-11-2025,CLI-1014,OTC Derivatives,209574.51,69.84,69.84,2,0,Settled
TRD-107966,29-07-2025,CLI-1121,FX Options,329121.71,144.61,144.61,3,1,Margin Breach
TRD-107967,13-04-2025,CLI-1136,Fixed Income,173751.34,83.71,83.71,2,0,Settled
TRD-107968,25-11-2025,CLI-1100,Fixed Income,13009.43,5.78,5.78,0,0,Settled
TRD-107969,13-05-2025,CLI-1138,OTC Derivatives,131448.88,48.77,48.77,1,0,Settled
TRD-107970,19-11-2025,CLI-1115,Fixed Income,612093.37,110.31,110.31,1,1,System Lag
TRD-107971,19-05-2025,CLI-1041,OTC Derivatives,746935.91,96.39,96.39,1,0,Settled
TRD-107972,01-05-2025,CLI-1140,OTC Derivatives,174392.93,20.75,20.75,3,1,SSI Mismatch
TRD-107973,04-04-2025,CLI-1134,FX Options,272160.64,93.85,93.85,1,0,Settled
TRD-107974,09-05-2025,CLI-1114,Equities,29040.82,3.32,3.32,0,0,Settled
TRD-107975,01-04-2025,CLI-1057,OTC Derivatives,145289.85,57.49,57.49,0,0,Settled
TRD-107976,02-04-2025,CLI-1114,Fixed Income,765292.65,294.63,294.63,0,0,Settled
TRD-107977,04-03-2025,CLI-1120,Fixed Income,475684.76,62.72,62.72,3,0,Settled
TRD-107978,29-01-2025,CLI-1044,Equities,125191.42,57.92,57.92,0,0,Settled
TRD-107979,29-07-2025,CLI-1084,OTC Derivatives,158827.15,49.04,49.04,0,0,Settled
TRD-107980,12-01-2025,CLI-1070,FX Options,858593.93,396.48,396.48,3,0,Settled
TRD-107981,29-11-2025,CLI-1149,Equities,127281.88,58.63,58.63,2,0,Settled
TRD-107982,24-10-2025,CLI-1112,Fixed Income,213351.23,38.15,48.85,2,0,Settled
TRD-107983,10-05-2025,CLI-1003,Equities,555856.11,140.2,140.2,1,0,Settled
TRD-107984,20-10-2025,CLI-1119,FX Options,421755.95,64.89,64.89,1,0,Settled
TRD-107985,22-06-2025,CLI-1109,Fixed Income,318899.47,130.75,130.75,0,0,Settled
TRD-107986,27-07-2025,CLI-1084,Equities,1159999.67,349.91,349.91,1,0,Settled
TRD-107987,24-01-2025,CLI-1040,Equities,134045.11,63.21,63.21,1,0,Settled
TRD-107988,09-04-2025,CLI-1127,Fixed Income,686274.87,125.78,145.97,0,0,Settled
TRD-107989,22-12-2025,CLI-1133,Equities,96619.77,36.27,36.27,3,0,Settled
TRD-107990,19-05-2025,CLI-1065,Fixed Income,488209.91,242,242,1,0,Settled
TRD-107991,10-11-2025,CLI-1126,FX Options,1032514.51,378.06,378.06,1,0,Settled
TRD-107992,23-06-2025,CLI-1114,OTC Derivatives,316154.04,40.31,40.31,1,1,Margin Breach
TRD-107993,29-01-2025,CLI-1090,Equities,654211.02,219.4,273.06,0,0,Settled
TRD-107994,23-05-2025,CLI-1008,FX Options,868493.06,149.33,149.33,2,1,Custodian Delay
TRD-107995,12-11-2025,CLI-1000,Fixed Income,83106.55,9.32,9.32,0,0,Settled
TRD-107996,17-12-2025,CLI-1014,Equities,621793.45,145.49,145.49,3,0,Settled
TRD-107997,11-02-2025,CLI-1144,Equities,1271871.71,262.57,262.57,0,0,Settled
TRD-107998,26-10-2025,CLI-1057,Equities,439448.14,182.59,182.59,0,0,Settled
TRD-107999,27-07-2025,CLI-1070,OTC Derivatives,112972.55,28.18,28.18,4,0,Settled
TRD-108000,26-11-2025,CLI-1103,Equities,77876.95,30.62,30.62,3,0,Settled
TRD-108001,11-07-2025,CLI-1097,Equities,160373.75,17.08,17.08,2,0,Settled
TRD-108002,09-06-2025,CLI-1082,OTC Derivatives,64635.89,6.85,6.85,0,0,Settled
TRD-108003,05-03-2025,CLI-1029,Fixed Income,370150.33,41.36,41.36,2,1,SSI Mismatch
TRD-108004,31-08-2025,CLI-1009,OTC Derivatives,46126.6,8.66,8.66,1,1,SSI Mismatch
TRD-108005,15-09-2025,CLI-1054,OTC Derivatives,136417.91,34.05,34.05,2,1,Margin Breach
TRD-108006,01-06-2025,CLI-1127,Equities,299829.29,102.88,102.88,1,0,Settled
TRD-108007,03-08-2025,CLI-1110,OTC Derivatives,331146,163.71,163.71,0,0,Settled
TRD-108008,18-11-2025,CLI-1022,Equities,426662.86,103.15,103.15,0,0,Settled
TRD-108009,15-06-2025,CLI-1131,Fixed Income,621433.36,75.98,75.98,0,0,Settled
TRD-108010,31-01-2025,CLI-1064,Fixed Income,34190.16,6.08,6.08,2,0,Settled
TRD-108011,20-08-2025,CLI-1137,Equities,52028.39,23.89,23.89,2,0,Settled
TRD-108012,09-10-2025,CLI-1110,FX Options,41394.91,15.72,15.72,0,0,Settled
TRD-108013,29-01-2025,CLI-1013,Fixed Income,285086.78,118.62,118.62,2,1,System Lag
TRD-108014,14-07-2025,CLI-1091,Equities,31374.4,4.7,4.7,1,1,Custodian Delay
TRD-108015,30-11-2025,CLI-1110,FX Options,695370.51,107.08,107.08,0,0,Settled
TRD-108016,13-09-2025,CLI-1035,Fixed Income,136157.58,19.73,19.73,1,0,Settled
TRD-108017,08-10-2025,CLI-1027,Fixed Income,1410185.5,624.53,624.53,1,0,Settled
TRD-108018,31-10-2025,CLI-1058,Fixed Income,343158.92,63.14,63.14,1,0,Settled
TRD-108019,17-11-2025,CLI-1003,OTC Derivatives,305589.38,109.18,109.18,0,0,Settled
TRD-108020,19-11-2025,CLI-1121,Equities,768289.67,235.46,235.46,1,0,Settled
TRD-108021,12-12-2025,CLI-1068,Equities,634404.87,201.59,201.59,3,0,Settled
TRD-108022,21-10-2025,CLI-1115,Fixed Income,477366.17,85.05,85.05,2,0,Settled
TRD-108023,28-03-2025,CLI-1144,Equities,1377813.79,487.88,487.88,1,0,Settled
TRD-108024,29-05-2025,CLI-1119,OTC Derivatives,284315.03,33.33,45.42,3,1,Margin Breach
TRD-108025,06-09-2025,CLI-1097,Equities,836516.45,416.07,416.07,2,0,Settled
TRD-108026,17-11-2025,CLI-1121,Equities,249092.86,27.58,27.58,2,1,SSI Mismatch
TRD-108027,10-10-2025,CLI-1113,Equities,921147.51,110.6,110.6,0,0,Settled
TRD-108028,28-12-2025,CLI-1035,OTC Derivatives,160197.69,36.82,36.82,2,0,Settled
TRD-108029,17-07-2025,CLI-1127,OTC Derivatives,180729.27,78.19,78.19,2,0,Settled
TRD-108030,13-02-2025,CLI-1085,Equities,576399.32,116.94,116.94,0,0,Settled
TRD-108031,22-12-2025,CLI-1027,Fixed Income,129581.4,37.42,37.42,4,0,Settled
TRD-108032,28-01-2025,CLI-1107,Equities,140133.45,15.02,15.02,3,1,Custodian Delay
TRD-108033,17-01-2025,CLI-1127,Fixed Income,192110.55,25.27,25.27,0,0,Settled
TRD-108034,07-05-2025,CLI-1021,Equities,578046.14,198.38,198.38,1,0,Settled
TRD-108035,17-06-2025,CLI-1034,Fixed Income,1110863.77,197.45,197.45,0,0,Settled
TRD-108036,01-09-2025,CLI-1081,Fixed Income,571300.34,215.78,215.78,0,0,Settled
TRD-108037,17-03-2025,CLI-1116,FX Options,889590.71,368.43,368.43,4,1,SSI Mismatch
TRD-108038,19-08-2025,CLI-1068,Equities,402149.66,177,177,1,0,Settled
TRD-108039,23-07-2025,CLI-1010,OTC Derivatives,45706.77,7.02,7.02,1,0,Settled
TRD-108040,05-09-2025,CLI-1037,Fixed Income,62939.33,17.76,17.76,0,0,Settled
TRD-108041,29-10-2025,CLI-1118,FX Options,414157.79,198.31,198.31,0,0,Settled
TRD-108042,02-08-2025,CLI-1043,Equities,208600.4,85.28,85.28,2,0,Settled
TRD-108043,03-08-2025,CLI-1024,Equities,134594.96,19.76,19.76,2,0,Settled
TRD-108044,07-06-2025,CLI-1015,OTC Derivatives,323920.35,97.5,97.5,1,1,Margin Breach
TRD-108045,10-03-2025,CLI-1123,Equities,559051.32,262.17,262.17,0,0,Settled
TRD-108046,26-03-2025,CLI-1147,Equities,253059.96,69.85,69.85,1,0,Settled
TRD-108047,24-09-2025,CLI-1140,Equities,821115.34,357.16,448.56,0,0,Settled
TRD-108048,10-03-2025,CLI-1139,OTC Derivatives,680704.95,203.08,203.08,0,0,Settled
TRD-108049,09-04-2025,CLI-1003,Equities,673852.15,96.18,96.18,1,0,Settled
TRD-108050,13-12-2025,CLI-1035,OTC Derivatives,2116215.85,336.78,336.78,2,0,Settled
TRD-108051,04-08-2025,CLI-1093,Fixed Income,184941.87,21.95,21.95,1,0,Settled
TRD-108052,10-06-2025,CLI-1081,Equities,527432.4,93.95,93.95,3,1,SSI Mismatch
TRD-108053,04-04-2025,CLI-1092,Fixed Income,977162.94,447,447,1,0,Settled
TRD-108054,23-06-2025,CLI-1136,Equities,443184.45,159.58,159.58,0,0,Settled
TRD-108055,14-06-2025,CLI-1009,Fixed Income,789139.98,312.14,312.14,1,0,Settled
TRD-108056,25-04-2025,CLI-1007,Fixed Income,277603.72,96.79,96.79,2,0,Settled
TRD-108057,08-08-2025,CLI-1119,Fixed Income,456398.62,116.21,116.21,3,0,Settled
TRD-108058,31-01-2025,CLI-1058,Equities,38637.89,7.22,7.22,3,0,Settled
TRD-108059,11-01-2025,CLI-1146,Fixed Income,2136117.32,1004.5,1004.5,3,0,Settled
TRD-108060,09-12-2025,CLI-1043,OTC Derivatives,814765.16,249.26,249.26,1,0,Settled
TRD-108061,10-05-2025,CLI-1033,OTC Derivatives,1025550.77,299.91,299.91,0,0,Settled
TRD-108062,15-04-2025,CLI-1052,OTC Derivatives,602566.17,300.34,300.34,2,0,Settled
TRD-108063,27-01-2025,CLI-1002,Equities,112928.19,28.64,28.64,1,0,Settled
TRD-108064,15-08-2025,CLI-1086,OTC Derivatives,25760.01,11.38,11.38,2,0,Settled
TRD-108065,02-01-2025,CLI-1001,Equities,1009970.04,449.37,449.37,0,1,Custodian Delay
TRD-108066,25-12-2025,CLI-1014,Equities,262364.34,50.65,50.65,3,0,Settled
TRD-108067,11-04-2025,CLI-1098,OTC Derivatives,163170.79,22.51,22.51,1,0,Settled
TRD-108068,21-01-2025,CLI-1111,FX Options,422394.99,207.08,207.08,0,0,Settled
TRD-108069,27-02-2025,CLI-1122,Fixed Income,283138.78,76.55,76.55,1,0,Settled
TRD-108070,29-06-2025,CLI-1127,Equities,537296.74,54.21,67.39,0,1,Margin Breach
TRD-108071,07-12-2025,CLI-1006,Equities,340623.94,102.05,102.05,1,0,Settled
TRD-108072,15-12-2025,CLI-1034,Fixed Income,607396.11,211.2,211.2,1,1,SSI Mismatch
TRD-108073,20-01-2025,CLI-1068,OTC Derivatives,970103.12,398.16,398.16,2,0,Settled
TRD-108074,12-09-2025,CLI-1094,Equities,118802.59,56.69,56.69,0,0,Settled
TRD-108075,13-11-2025,CLI-1001,OTC Derivatives,209815.74,97.79,97.79,3,0,Settled
TRD-108076,07-02-2025,CLI-1109,Equities,297074.07,141.42,141.42,1,0,Settled
TRD-108077,28-05-2025,CLI-1012,OTC Derivatives,1645854.2,185.73,185.73,0,0,Settled
TRD-108078,25-01-2025,CLI-1034,FX Options,237327.9,91.3,91.3,2,0,Settled
TRD-108079,01-05-2025,CLI-1097,Fixed Income,249905.66,47.57,47.57,0,0,Settled
TRD-108080,26-01-2025,CLI-1043,Equities,539896.58,94.49,94.49,0,0,Settled
TRD-108081,18-06-2025,CLI-1134,OTC Derivatives,281674.16,118.34,118.34,1,0,Settled
TRD-108082,19-11-2025,CLI-1038,Fixed Income,1520255.84,405.68,558.3,1,0,Settled
TRD-108083,13-08-2025,CLI-1084,Fixed Income,1134374.13,529.34,529.34,1,0,Settled
TRD-108084,01-01-2025,CLI-1140,Fixed Income,370165.44,43.3,43.3,4,0,Settled
TRD-108085,03-11-2025,CLI-1097,Equities,527502.27,222.01,263.17,0,0,Settled
TRD-108086,18-09-2025,CLI-1089,OTC Derivatives,39891.22,6.17,6.17,0,0,Settled
TRD-108087,13-01-2025,CLI-1003,Equities,604920.77,103.22,103.22,2,0,Settled
TRD-108088,17-02-2025,CLI-1097,FX Options,624134.24,181.59,181.59,1,1,SSI Mismatch
TRD-108089,09-11-2025,CLI-1083,Equities,232518.39,60.04,60.04,2,0,Settled
TRD-108090,18-10-2025,CLI-1018,OTC Derivatives,134027.44,39.47,39.47,1,0,Settled
TRD-108091,28-11-2025,CLI-1120,Equities,1243013.41,591.69,591.69,0,0,Settled
TRD-108092,04-04-2025,CLI-1030,Equities,288177.34,104.6,104.6,2,1,Margin Breach
TRD-108093,18-09-2025,CLI-1042,Equities,540233.73,116.76,116.76,0,1,SSI Mismatch
TRD-108094,05-10-2025,CLI-1063,OTC Derivatives,26948.43,4.56,4.56,3,1,System Lag
TRD-108095,25-12-2025,CLI-1001,Fixed Income,277275.06,74.31,74.31,1,0,Settled
TRD-108096,24-07-2025,CLI-1021,OTC Derivatives,859842.2,241.32,241.32,3,0,Settled
TRD-108097,04-07-2025,CLI-1080,Equities,255165.21,86.89,86.89,1,0,Settled
TRD-108098,24-06-2025,CLI-1087,Fixed Income,472112.51,97.44,97.44,4,0,Settled
TRD-108099,05-11-2025,CLI-1075,OTC Derivatives,127769.91,52,52,1,0,Settled
TRD-108100,10-03-2025,CLI-1021,Equities,279377.39,38.94,38.94,1,1,Custodian Delay
TRD-108101,14-04-2025,CLI-1066,Fixed Income,1323035.04,428.9,428.9,0,0,Settled
TRD-108102,03-09-2025,CLI-1014,Fixed Income,427876.09,149.51,149.51,2,0,Settled
TRD-108103,10-06-2025,CLI-1042,Equities,1171044.32,213.99,213.99,1,0,Settled
TRD-108104,19-07-2025,CLI-1013,Equities,1171492.38,504.22,504.22,0,0,Settled
TRD-108105,04-08-2025,CLI-1111,Fixed Income,1452523.19,502.82,502.82,1,0,Settled
TRD-108106,31-07-2025,CLI-1073,Equities,1138766,408.01,408.01,1,1,SSI Mismatch
TRD-108107,16-01-2025,CLI-1126,OTC Derivatives,11643.26,3.48,3.48,1,1,System Lag
TRD-108108,28-11-2025,CLI-1019,FX Options,1369163.1,635.07,635.07,0,0,Settled
TRD-108109,24-07-2025,CLI-1022,Fixed Income,83936.55,31.69,31.69,2,0,Settled
TRD-108110,31-12-2025,CLI-1053,Fixed Income,30372.59,7.68,9.81,0,0,Settled
TRD-108111,08-02-2025,CLI-1102,Equities,38490.79,7.52,7.52,0,0,Settled
TRD-108112,30-03-2025,CLI-1061,OTC Derivatives,224558.46,28.84,28.84,1,0,Settled
TRD-108113,13-09-2025,CLI-1061,Equities,494851.14,82.22,110.58,0,0,Settled
TRD-108114,11-09-2025,CLI-1073,Fixed Income,267342.53,132.89,132.89,1,0,Settled
TRD-108115,04-08-2025,CLI-1060,FX Options,22943.23,6.03,6.03,2,1,Margin Breach
TRD-108116,30-10-2025,CLI-1052,Fixed Income,333592.54,153.28,153.28,1,0,Settled
TRD-108117,21-06-2025,CLI-1130,OTC Derivatives,301815.32,50.77,50.77,3,0,Settled
TRD-108118,17-05-2025,CLI-1139,Fixed Income,717036.86,193.7,193.7,2,1,System Lag
TRD-108119,27-06-2025,CLI-1123,Equities,173983.29,84.24,84.24,2,0,Settled
TRD-108120,18-03-2025,CLI-1019,OTC Derivatives,132650.6,18.1,18.1,1,1,SSI Mismatch
TRD-108121,07-07-2025,CLI-1024,Equities,157816.1,53.28,53.28,1,0,Settled
TRD-108122,15-01-2025,CLI-1027,OTC Derivatives,191015.94,89.33,89.33,1,0,Settled
TRD-108123,19-10-2025,CLI-1015,Equities,467102.55,224.15,224.15,2,0,Settled
TRD-108124,15-11-2025,CLI-1020,OTC Derivatives,328880.35,144.18,144.18,3,0,Settled
TRD-108125,21-11-2025,CLI-1070,Equities,215410.64,95.29,95.29,0,1,Margin Breach
TRD-108126,02-08-2025,CLI-1075,Fixed Income,244453.44,88.22,88.22,0,0,Settled
TRD-108127,27-07-2025,CLI-1105,Fixed Income,241751.33,45.49,45.49,2,0,Settled
TRD-108128,18-06-2025,CLI-1081,Fixed Income,1805091.05,708.09,708.09,2,0,Settled
TRD-108129,26-11-2025,CLI-1138,Equities,142632.28,70.08,84.83,2,0,Settled
TRD-108130,07-10-2025,CLI-1120,Fixed Income,862043.45,267.56,352.77,4,0,Settled
TRD-108131,01-11-2025,CLI-1096,Equities,625861.89,127.85,127.85,0,0,Settled
TRD-108132,26-05-2025,CLI-1017,Fixed Income,12792.79,4.21,4.21,2,0,Settled
TRD-108133,20-09-2025,CLI-1133,Equities,2503670.72,941.99,941.99,1,0,Settled
TRD-108134,04-01-2025,CLI-1005,Fixed Income,716194.69,131.29,131.29,1,0,Settled
TRD-108135,31-03-2025,CLI-1014,Equities,583559.35,226.23,226.23,1,0,Settled
TRD-108136,01-03-2025,CLI-1101,FX Options,269869.87,90.4,90.4,3,0,Settled
TRD-108137,07-11-2025,CLI-1093,Fixed Income,415068.74,143.17,143.17,0,0,Settled
TRD-108138,16-01-2025,CLI-1117,Equities,156026.4,34.7,34.7,0,0,Settled
TRD-108139,15-08-2025,CLI-1029,Fixed Income,28064.12,4.55,4.55,1,0,Settled
TRD-108140,29-01-2025,CLI-1144,OTC Derivatives,914010.46,319.34,319.34,1,0,Settled
TRD-108141,31-05-2025,CLI-1113,Equities,1144016.93,382.67,382.67,0,0,Settled
TRD-108142,02-09-2025,CLI-1083,Fixed Income,98649.48,23.2,23.2,0,0,Settled
TRD-108143,27-09-2025,CLI-1104,Fixed Income,783363.25,171.05,171.05,2,0,Settled
TRD-108144,20-03-2025,CLI-1007,Equities,685758.43,163.83,163.83,0,0,Settled
TRD-108145,16-10-2025,CLI-1144,OTC Derivatives,108235.6,32.03,32.03,2,0,Settled
TRD-108146,02-06-2025,CLI-1056,Equities,283942.63,139.11,139.11,1,0,Settled
TRD-108147,04-10-2025,CLI-1095,Equities,284746.78,115.44,115.44,0,0,Settled
TRD-108148,06-10-2025,CLI-1026,OTC Derivatives,723483.72,318.84,318.84,1,0,Settled
TRD-108149,26-02-2025,CLI-1057,Fixed Income,919033.98,277.79,277.79,3,1,Margin Breach
TRD-108150,05-07-2025,CLI-1100,OTC Derivatives,59785.94,18.56,18.56,1,0,Settled
TRD-108151,03-04-2025,CLI-1056,Fixed Income,423875.84,77.03,77.03,1,0,Settled
TRD-108152,03-10-2025,CLI-1049,OTC Derivatives,727214.21,282.46,392.26,0,0,Settled
TRD-108153,07-06-2025,CLI-1089,OTC Derivatives,781335.14,209.89,209.89,0,0,Settled
TRD-108154,02-10-2025,CLI-1028,Equities,90080.58,35.76,35.76,0,0,Settled
TRD-108155,30-06-2025,CLI-1023,OTC Derivatives,382752.25,100.9,100.9,4,1,System Lag
TRD-108156,25-12-2025,CLI-1067,Fixed Income,984412.67,141.17,141.17,0,0,Settled
TRD-108157,18-03-2025,CLI-1076,Equities,201743.14,34.14,34.14,0,0,Settled
TRD-108158,31-05-2025,CLI-1007,Fixed Income,286794.28,121.78,121.78,0,0,Settled
TRD-108159,26-08-2025,CLI-1012,Equities,825735.72,167.99,167.99,3,0,Settled
TRD-108160,16-10-2025,CLI-1128,OTC Derivatives,56781.59,11.68,11.68,1,0,Settled
TRD-108161,19-08-2025,CLI-1026,Fixed Income,991250.02,467.62,467.62,3,1,Custodian Delay
TRD-108162,18-01-2025,CLI-1080,FX Options,196370.74,71.29,71.29,0,0,Settled
TRD-108163,14-03-2025,CLI-1136,Equities,10725.68,1.56,1.56,1,0,Settled
TRD-108164,08-07-2025,CLI-1026,Fixed Income,143390.45,22.57,22.57,2,0,Settled
TRD-108165,17-01-2025,CLI-1089,Equities,56881.04,11.89,11.89,0,0,Settled
TRD-108166,19-01-2025,CLI-1112,Fixed Income,58467.45,19.74,19.74,0,1,SSI Mismatch
TRD-108167,07-08-2025,CLI-1148,OTC Derivatives,600186.3,240.75,240.75,2,0,Settled
TRD-108168,22-11-2025,CLI-1106,OTC Derivatives,130384.19,27.35,27.35,4,0,Settled
TRD-108169,30-04-2025,CLI-1045,OTC Derivatives,1374706.1,616.22,616.22,4,0,Settled
TRD-108170,11-04-2025,CLI-1067,OTC Derivatives,373294.64,53.63,73.08,1,0,Settled
TRD-108171,03-02-2025,CLI-1141,Equities,318184.06,58.24,58.24,1,0,Settled
TRD-108172,25-03-2025,CLI-1061,Equities,294831.12,143.93,143.93,1,0,Settled
TRD-108173,15-07-2025,CLI-1003,Fixed Income,599782.62,92.31,92.31,0,0,Settled
TRD-108174,26-11-2025,CLI-1058,Fixed Income,310979.8,141.57,141.57,2,0,Settled
TRD-108175,21-07-2025,CLI-1132,Equities,78827.29,30.08,30.08,0,0,Settled
TRD-108176,10-12-2025,CLI-1031,Fixed Income,1070849.7,138.39,138.39,2,1,Custodian Delay
TRD-108177,07-12-2025,CLI-1079,Fixed Income,289653.85,85.01,85.01,2,1,SSI Mismatch
TRD-108178,11-01-2025,CLI-1091,Equities,48442.99,14.9,14.9,1,0,Settled
TRD-108179,13-12-2025,CLI-1065,OTC Derivatives,386837.27,182.92,182.92,2,0,Settled
TRD-108180,06-08-2025,CLI-1034,Fixed Income,531135.15,142.58,142.58,0,0,Settled
TRD-108181,10-09-2025,CLI-1007,Equities,171193.67,47.71,47.71,0,0,Settled
TRD-108182,10-08-2025,CLI-1056,Equities,815570.7,118.25,136.48,0,1,Custodian Delay
TRD-108183,21-03-2025,CLI-1144,OTC Derivatives,563991.8,200.59,200.59,0,0,Settled
TRD-108184,07-01-2025,CLI-1063,FX Options,535398.68,98.71,98.71,1,0,Settled
TRD-108185,29-09-2025,CLI-1109,Fixed Income,283075.26,37.09,37.09,2,0,Settled
TRD-108186,15-08-2025,CLI-1084,Equities,1643971.34,819.96,819.96,3,0,Settled
TRD-108187,16-01-2025,CLI-1132,FX Options,170232.93,35.38,35.38,4,0,Settled
TRD-108188,12-01-2025,CLI-1047,Fixed Income,441026.17,68.99,68.99,0,0,Settled
TRD-108189,18-10-2025,CLI-1038,OTC Derivatives,194847.64,74,74,1,0,Settled
TRD-108190,29-08-2025,CLI-1099,OTC Derivatives,692863.18,297.01,297.01,1,0,Settled
TRD-108191,21-01-2025,CLI-1056,Equities,34485.62,4.33,4.33,4,0,Settled
TRD-108192,27-06-2025,CLI-1071,Fixed Income,33490.18,4.76,4.76,1,0,Settled
TRD-108193,16-08-2025,CLI-1002,Equities,842636.46,114.66,114.66,0,0,Settled
TRD-108194,30-09-2025,CLI-1131,Equities,294817.55,35.02,35.02,2,0,Settled
TRD-108195,15-10-2025,CLI-1088,OTC Derivatives,218652.5,79.54,102.89,0,0,Settled
TRD-108196,24-10-2025,CLI-1090,OTC Derivatives,477643.59,160.17,160.17,1,1,Custodian Delay
TRD-108197,14-05-2025,CLI-1143,OTC Derivatives,615162.04,224.61,224.61,0,0,Settled
TRD-108198,10-10-2025,CLI-1022,Fixed Income,122323.18,36.97,36.97,1,0,Settled
TRD-108199,02-06-2025,CLI-1025,Equities,112548.22,48.06,48.06,3,0,Settled
TRD-108200,07-03-2025,CLI-1114,Equities,1596840.67,508.86,508.86,1,0,Settled
TRD-108201,17-05-2025,CLI-1025,Equities,455389.84,212.89,212.89,1,0,Settled
TRD-108202,02-04-2025,CLI-1125,Fixed Income,257243.64,75.7,75.7,0,0,Settled
TRD-108203,13-11-2025,CLI-1118,Fixed Income,818336.25,340.64,340.64,0,0,Settled
TRD-108204,16-09-2025,CLI-1076,Equities,382387.59,100.55,100.55,2,0,Settled
TRD-108205,13-04-2025,CLI-1043,FX Options,148313.58,40.65,40.65,0,0,Settled
TRD-108206,24-02-2025,CLI-1000,Equities,125799.16,55.3,55.3,0,0,Settled
TRD-108207,14-09-2025,CLI-1094,OTC Derivatives,262802.36,37.6,37.6,1,0,Settled
TRD-108208,11-04-2025,CLI-1114,Fixed Income,992684.64,323.58,323.58,2,0,Settled
TRD-108209,17-07-2025,CLI-1021,Equities,41708.46,16.29,16.29,1,0,Settled
TRD-108210,28-10-2025,CLI-1099,OTC Derivatives,133286.7,53.34,53.34,0,0,Settled
TRD-108211,14-08-2025,CLI-1132,OTC Derivatives,1128173.16,379.74,379.74,2,0,Settled
TRD-108212,25-08-2025,CLI-1116,Fixed Income,74903.21,20.91,20.91,2,0,Settled
TRD-108213,26-01-2025,CLI-1146,Fixed Income,506620.61,103.51,103.51,1,0,Settled
TRD-108214,01-05-2025,CLI-1111,Equities,130088.51,60.33,82.42,1,0,Settled
TRD-108215,01-07-2025,CLI-1060,Fixed Income,475533.24,117.89,117.89,0,0,Settled
TRD-108216,18-07-2025,CLI-1085,FX Options,251527.55,105.54,105.54,1,0,Settled
TRD-108217,29-10-2025,CLI-1056,Equities,63612.74,7.17,7.17,0,0,Settled
TRD-108218,12-09-2025,CLI-1094,Equities,446705.51,86.16,86.16,3,0,Settled
TRD-108219,02-05-2025,CLI-1148,FX Options,584494.18,139.25,139.25,1,0,Settled
TRD-108220,31-01-2025,CLI-1066,Equities,580143.29,213.86,213.86,2,0,Settled
TRD-108221,11-11-2025,CLI-1052,Fixed Income,516723.62,117.67,117.67,0,0,Settled
TRD-108222,12-10-2025,CLI-1060,Fixed Income,356798.42,41.58,41.58,0,0,Settled
TRD-108223,16-04-2025,CLI-1074,Fixed Income,376435.53,63.82,63.82,1,0,Settled
TRD-108224,12-08-2025,CLI-1011,Fixed Income,514806.6,104.85,104.85,0,0,Settled
TRD-108225,30-09-2025,CLI-1041,Equities,596009.99,101.57,101.57,4,0,Settled
TRD-108226,20-08-2025,CLI-1127,Equities,541926.82,98.35,98.35,2,0,Settled
TRD-108227,13-09-2025,CLI-1084,OTC Derivatives,452087.95,184.26,184.26,1,0,Settled
TRD-108228,24-01-2025,CLI-1022,OTC Derivatives,94706.01,25.08,25.08,4,0,Settled
TRD-108229,19-04-2025,CLI-1042,Fixed Income,128251.53,33.61,33.61,2,0,Settled
TRD-108230,10-07-2025,CLI-1068,Fixed Income,160703.93,78.21,78.21,3,1,System Lag
TRD-108231,13-12-2025,CLI-1039,Equities,1270754.14,354.13,354.13,1,0,Settled
TRD-108232,25-01-2025,CLI-1055,Equities,722299.54,340.25,340.25,1,0,Settled
TRD-108233,06-07-2025,CLI-1068,OTC Derivatives,412449.39,90.58,119.06,0,0,Settled
TRD-108234,15-10-2025,CLI-1065,Fixed Income,155214.21,40.39,40.39,0,0,Settled
TRD-108235,26-04-2025,CLI-1069,Equities,68768.01,17.78,17.78,2,0,Settled
TRD-108236,04-12-2025,CLI-1080,Equities,1155126.85,367.83,367.83,3,0,Settled
TRD-108237,06-02-2025,CLI-1132,Equities,1125904.98,375.71,375.71,0,0,Settled
TRD-108238,09-10-2025,CLI-1077,Equities,68657.85,13.68,13.68,0,0,Settled
TRD-108239,17-05-2025,CLI-1059,OTC Derivatives,807808.6,337.21,337.21,0,0,Settled
TRD-108240,15-08-2025,CLI-1046,FX Options,305877.83,91.34,91.34,1,0,Settled
TRD-108241,16-11-2025,CLI-1091,OTC Derivatives,205756.64,21.16,21.16,0,0,Settled
TRD-108242,24-11-2025,CLI-1075,FX Options,681817.74,229.46,229.46,1,0,Settled
TRD-108243,01-07-2025,CLI-1096,FX Options,486386,203.9,203.9,4,0,Settled
TRD-108244,28-12-2025,CLI-1039,Fixed Income,767132.3,153.57,153.57,2,0,Settled
TRD-108245,27-03-2025,CLI-1023,Equities,48618.12,5.6,7.68,3,0,Settled
TRD-108246,22-02-2025,CLI-1017,OTC Derivatives,201793.36,85.33,85.33,1,0,Settled
TRD-108247,14-12-2025,CLI-1121,Equities,202329.18,99.24,99.24,1,0,Settled
TRD-108248,21-12-2025,CLI-1074,Equities,210054.56,27.44,27.44,2,0,Settled
TRD-108249,23-08-2025,CLI-1082,Equities,359059.63,170.63,170.63,1,0,Settled
TRD-108250,24-09-2025,CLI-1006,Fixed Income,176349.34,42.98,42.98,4,1,SSI Mismatch
TRD-108251,14-10-2025,CLI-1014,Equities,303838.58,144.8,144.8,1,0,Settled
TRD-108252,10-04-2025,CLI-1111,Equities,239257.02,86.02,86.02,1,0,Settled
TRD-108253,28-03-2025,CLI-1078,Fixed Income,674571.62,307.67,307.67,1,0,Settled
TRD-108254,15-01-2025,CLI-1104,OTC Derivatives,472540.62,195.79,195.79,1,0,Settled
TRD-108255,11-04-2025,CLI-1058,Fixed Income,540123.04,60.06,60.06,3,1,Margin Breach
TRD-108256,14-06-2025,CLI-1070,OTC Derivatives,128230.86,16.18,16.18,1,1,Custodian Delay
TRD-108257,29-01-2025,CLI-1028,Equities,206893.41,64.2,64.2,2,1,Margin Breach
TRD-108258,24-04-2025,CLI-1020,Equities,20696.32,3.14,3.14,1,0,Settled
TRD-108259,17-04-2025,CLI-1011,Fixed Income,67354.66,19.16,19.16,2,0,Settled
TRD-108260,30-12-2025,CLI-1007,Fixed Income,163979.28,79.01,79.01,1,0,Settled
TRD-108261,10-05-2025,CLI-1084,Fixed Income,43852.42,9.56,9.56,0,0,Settled
TRD-108262,25-03-2025,CLI-1023,OTC Derivatives,471446.74,139.34,139.34,2,0,Settled
TRD-108263,28-09-2025,CLI-1001,OTC Derivatives,3150939.42,799.41,799.41,0,0,Settled
TRD-108264,01-09-2025,CLI-1012,FX Options,63133.36,22.22,22.22,1,0,Settled
TRD-108265,02-08-2025,CLI-1088,Equities,870828.2,154.61,154.61,0,0,Settled
TRD-108266,02-11-2025,CLI-1006,Equities,73244.55,14.94,14.94,0,0,Settled
TRD-108267,15-06-2025,CLI-1039,Fixed Income,564201.05,250.23,250.23,3,0,Settled
TRD-108268,06-10-2025,CLI-1058,Equities,525230.53,222.98,222.98,0,0,Settled
TRD-108269,28-02-2025,CLI-1099,Equities,1175065.18,488.45,488.45,0,0,Settled
TRD-108270,31-03-2025,CLI-1138,Equities,70488.47,28.79,39.67,1,1,Margin Breach
TRD-108271,27-11-2025,CLI-1016,Equities,199492.75,56.61,56.61,0,0,Settled
TRD-108272,13-07-2025,CLI-1140,Equities,57583.96,22.55,22.55,0,0,Settled
TRD-108273,03-05-2025,CLI-1008,Equities,271603.75,69.23,69.23,3,0,Settled
TRD-108274,16-05-2025,CLI-1136,Fixed Income,1222903.05,171.55,171.55,2,0,Settled
TRD-108275,19-05-2025,CLI-1020,Fixed Income,770537.61,198.3,198.3,1,0,Settled
TRD-108276,17-08-2025,CLI-1077,OTC Derivatives,651688.59,106.53,106.53,2,0,Settled
TRD-108277,01-10-2025,CLI-1054,Fixed Income,390742.46,100.16,100.16,2,1,System Lag
TRD-108278,19-02-2025,CLI-1034,Equities,1084870.82,237.55,237.55,2,1,Margin Breach
TRD-108279,28-04-2025,CLI-1088,Equities,308411.3,104.76,104.76,1,0,Settled
TRD-108280,21-07-2025,CLI-1011,Equities,91074.6,22.28,22.28,0,0,Settled
TRD-108281,10-07-2025,CLI-1132,OTC Derivatives,918800.93,351.2,351.2,2,0,Settled
TRD-108282,30-12-2025,CLI-1146,OTC Derivatives,174000.94,53.05,70.49,1,0,Settled
TRD-108283,19-11-2025,CLI-1045,Equities,37562.7,17.57,17.57,1,0,Settled
TRD-108284,30-06-2025,CLI-1038,Equities,77359.21,10.55,10.55,0,0,Settled
TRD-108285,19-03-2025,CLI-1110,FX Options,479599.21,179.89,179.89,1,0,Settled
TRD-108286,16-03-2025,CLI-1110,Fixed Income,477077.12,176.02,176.02,3,0,Settled
TRD-108287,22-10-2025,CLI-1088,OTC Derivatives,160676.33,77.16,102.6,1,0,Settled
TRD-108288,08-10-2025,CLI-1017,Equities,659471.79,163.96,189.73,1,1,System Lag
TRD-108289,21-01-2025,CLI-1086,Equities,752814.66,167.26,167.26,1,0,Settled
TRD-108290,20-06-2025,CLI-1064,OTC Derivatives,1276015.65,215.59,215.59,1,0,Settled
TRD-108291,15-01-2025,CLI-1104,Fixed Income,449663.08,92.68,92.68,0,0,Settled
TRD-108292,30-07-2025,CLI-1054,Fixed Income,765755.04,230.31,230.31,2,0,Settled
TRD-108293,17-02-2025,CLI-1044,Fixed Income,709385.29,308.64,308.64,0,0,Settled
TRD-108294,27-03-2025,CLI-1083,Fixed Income,159074.36,34,34,1,0,Settled
TRD-108295,29-05-2025,CLI-1066,OTC Derivatives,195695.58,31.92,31.92,1,0,Settled
TRD-108296,07-07-2025,CLI-1016,Equities,335506.12,70.07,70.07,1,0,Settled
TRD-108297,02-11-2025,CLI-1090,Equities,19611.27,2.75,2.75,1,0,Settled
TRD-108298,31-05-2025,CLI-1081,OTC Derivatives,186482.18,87.77,87.77,0,0,Settled
TRD-108299,21-05-2025,CLI-1019,Equities,331115.71,148.69,148.69,0,0,Settled
TRD-108300,10-03-2025,CLI-1135,Fixed Income,67183.42,15.01,15.01,1,0,Settled
TRD-108301,17-09-2025,CLI-1102,OTC Derivatives,77495.31,15.41,19.3,0,0,Settled
TRD-108302,30-11-2025,CLI-1117,FX Options,321099.07,148.4,148.4,1,0,Settled
TRD-108303,09-01-2025,CLI-1059,Fixed Income,666456.96,67.12,67.12,2,0,Settled
TRD-108304,01-05-2025,CLI-1006,Fixed Income,907128.08,308.63,308.63,1,0,Settled
TRD-108305,11-04-2025,CLI-1131,OTC Derivatives,405174.86,188.97,188.97,1,0,Settled
TRD-108306,29-05-2025,CLI-1018,OTC Derivatives,331939.51,100.72,100.72,2,0,Settled
TRD-108307,26-05-2025,CLI-1133,OTC Derivatives,252481.94,25.55,25.55,3,0,Settled
TRD-108308,19-12-2025,CLI-1121,Fixed Income,117184.2,21.98,21.98,2,0,Settled
TRD-108309,31-08-2025,CLI-1025,Equities,89241.19,41.85,41.85,2,1,Custodian Delay
TRD-108310,29-08-2025,CLI-1039,Fixed Income,794859.75,84.9,84.9,1,0,Settled
TRD-108311,03-12-2025,CLI-1117,OTC Derivatives,322750.46,83.24,83.24,1,0,Settled
TRD-108312,12-02-2025,CLI-1146,OTC Derivatives,791086.95,329.01,387.64,4,0,Settled
TRD-108313,05-04-2025,CLI-1092,Equities,618838.2,269.34,269.34,3,0,Settled
TRD-108314,14-08-2025,CLI-1148,Fixed Income,117771.2,34.28,34.28,3,1,Margin Breach
TRD-108315,06-01-2025,CLI-1004,Fixed Income,366988.58,70.83,70.83,0,0,Settled
TRD-108316,02-08-2025,CLI-1144,FX Options,303508.45,103.16,103.16,0,1,System Lag
TRD-108317,25-07-2025,CLI-1061,Fixed Income,285714.02,58.72,58.72,0,0,Settled
TRD-108318,08-03-2025,CLI-1115,Fixed Income,401066.85,81.06,81.06,0,0,Settled
TRD-108319,10-04-2025,CLI-1006,Equities,2020971.98,854.95,854.95,0,0,Settled
TRD-108320,12-01-2025,CLI-1117,Fixed Income,848057.62,137.14,137.14,1,0,Settled
TRD-108321,25-08-2025,CLI-1097,Equities,1180208.03,120.63,120.63,2,1,Custodian Delay
TRD-108322,18-11-2025,CLI-1025,OTC Derivatives,25043.86,5.88,5.88,1,0,Settled
TRD-108323,15-09-2025,CLI-1030,OTC Derivatives,85607.05,25.37,25.37,0,0,Settled
TRD-108324,03-12-2025,CLI-1011,Fixed Income,54286.48,20.74,20.74,4,0,Settled
TRD-108325,15-05-2025,CLI-1142,Fixed Income,162740.44,67.12,67.12,3,1,SSI Mismatch
TRD-108326,10-08-2025,CLI-1057,OTC Derivatives,301601.83,110.21,110.21,1,0,Settled
TRD-108327,05-06-2025,CLI-1128,Equities,523685.52,183.61,213.05,0,0,Settled
TRD-108328,22-05-2025,CLI-1058,Equities,357405.55,130.92,130.92,1,0,Settled
TRD-108329,07-06-2025,CLI-1036,FX Options,1177471.07,245.63,245.63,1,0,Settled
TRD-108330,22-11-2025,CLI-1005,OTC Derivatives,1415506.45,358.04,358.04,0,0,Settled
TRD-108331,10-12-2025,CLI-1023,OTC Derivatives,99276.9,34.41,34.41,0,1,Custodian Delay
TRD-108332,19-09-2025,CLI-1046,Equities,968365.24,122.24,122.24,4,0,Settled
TRD-108333,10-10-2025,CLI-1121,Equities,338621.95,73.86,73.86,0,0,Settled
TRD-108334,04-12-2025,CLI-1035,Equities,311954.49,81.91,81.91,0,0,Settled
TRD-108335,10-12-2025,CLI-1082,Equities,778417.6,243.94,243.94,1,0,Settled
TRD-108336,17-08-2025,CLI-1055,OTC Derivatives,58883.88,17.35,17.35,0,0,Settled
TRD-108337,07-10-2025,CLI-1081,Equities,1080629.23,418.48,418.48,0,0,Settled
TRD-108338,24-12-2025,CLI-1079,OTC Derivatives,565641.14,163.68,163.68,3,1,Margin Breach
TRD-108339,17-10-2025,CLI-1016,Equities,1050768.3,485.09,485.09,3,0,Settled
TRD-108340,17-06-2025,CLI-1010,Equities,2609469.35,657.92,657.92,0,0,Settled
TRD-108341,16-02-2025,CLI-1003,FX Options,374910.2,116.28,116.28,0,0,Settled
TRD-108342,22-07-2025,CLI-1121,Equities,58950.98,5.97,5.97,2,0,Settled
TRD-108343,02-08-2025,CLI-1079,Equities,101075.1,22.66,22.66,0,1,Margin Breach
TRD-108344,03-09-2025,CLI-1136,Equities,205498.82,91.78,91.78,1,0,Settled
TRD-108345,24-01-2025,CLI-1073,Equities,64658.02,15.09,17.82,2,0,Settled
TRD-108346,17-11-2025,CLI-1108,Fixed Income,854624.44,172.01,172.01,1,0,Settled
TRD-108347,01-10-2025,CLI-1066,Equities,186105.21,59.07,71.04,1,0,Settled
TRD-108348,13-02-2025,CLI-1083,Fixed Income,1872485.25,246.22,246.22,2,0,Settled
TRD-108349,28-11-2025,CLI-1080,OTC Derivatives,616324.22,192.69,192.69,1,0,Settled
TRD-108350,09-11-2025,CLI-1109,Fixed Income,105235.56,23.31,23.31,2,1,System Lag
TRD-108351,29-12-2025,CLI-1027,Equities,333172.49,84.37,84.37,1,0,Settled
TRD-108352,05-06-2025,CLI-1128,Fixed Income,324508.33,135.17,135.17,1,0,Settled
TRD-108353,18-07-2025,CLI-1035,Equities,349140.77,127.36,127.36,0,0,Settled
TRD-108354,11-06-2025,CLI-1096,Fixed Income,393602.68,109.6,109.6,3,0,Settled
TRD-108355,22-08-2025,CLI-1049,Fixed Income,25834.65,8.55,8.55,0,0,Settled
TRD-108356,12-06-2025,CLI-1084,Equities,589660.88,239.84,239.84,3,0,Settled
TRD-108357,26-04-2025,CLI-1076,OTC Derivatives,343926.67,136.99,136.99,1,0,Settled
TRD-108358,03-04-2025,CLI-1127,FX Options,792627.74,138.02,138.02,0,0,Settled
TRD-108359,11-02-2025,CLI-1127,OTC Derivatives,854645.41,188.34,188.34,1,1,Margin Breach
TRD-108360,11-10-2025,CLI-1133,Equities,141029.98,33.75,33.75,2,0,Settled
TRD-108361,29-07-2025,CLI-1137,Fixed Income,34817.31,6.09,6.09,0,0,Settled
TRD-108362,25-07-2025,CLI-1015,FX Options,617405.42,64.74,64.74,1,0,Settled
TRD-108363,08-08-2025,CLI-1021,Equities,1912994.1,324.42,324.42,2,0,Settled
TRD-108364,07-10-2025,CLI-1065,OTC Derivatives,305889.5,129.48,129.48,2,0,Settled
TRD-108365,16-05-2025,CLI-1089,Equities,160291,51.03,51.03,3,0,Settled
TRD-108366,16-04-2025,CLI-1004,Equities,95199.59,22.53,22.53,0,0,Settled
TRD-108367,28-04-2025,CLI-1085,OTC Derivatives,179449.51,61.61,61.61,1,1,Margin Breach
TRD-108368,25-08-2025,CLI-1092,OTC Derivatives,208688.62,82.63,107.95,0,0,Settled
TRD-108369,05-11-2025,CLI-1146,OTC Derivatives,285715.09,69.08,69.08,0,0,Settled
TRD-108370,10-04-2025,CLI-1003,FX Options,542695.81,155.44,155.44,0,0,Settled
TRD-108371,18-09-2025,CLI-1026,Equities,169526.56,21.31,21.31,0,0,Settled
TRD-108372,01-11-2025,CLI-1054,Equities,36161,12.25,12.25,0,0,Settled
TRD-108373,20-12-2025,CLI-1092,FX Options,243626.6,59.09,59.09,1,0,Settled
TRD-108374,13-10-2025,CLI-1096,Equities,977686.59,267.31,267.31,1,0,Settled
TRD-108375,24-11-2025,CLI-1006,Fixed Income,354927.81,95.49,95.49,3,0,Settled
TRD-108376,13-04-2025,CLI-1067,Fixed Income,1683123.94,594.08,594.08,0,0,Settled
TRD-108377,04-03-2025,CLI-1025,Equities,360208.3,118.5,118.5,1,0,Settled
TRD-108378,24-06-2025,CLI-1058,Equities,171412.07,46.08,46.08,1,0,Settled
TRD-108379,09-10-2025,CLI-1076,Fixed Income,117410.39,12.54,12.54,1,0,Settled
TRD-108380,20-10-2025,CLI-1038,OTC Derivatives,602942.84,210.06,210.06,2,0,Settled
TRD-108381,14-08-2025,CLI-1033,OTC Derivatives,394346.4,178.18,178.18,4,0,Settled
TRD-108382,07-01-2025,CLI-1024,Fixed Income,473169.18,192.97,192.97,2,0,Settled
TRD-108383,07-05-2025,CLI-1122,Fixed Income,713507.35,351.51,351.51,1,0,Settled
TRD-108384,02-04-2025,CLI-1084,Equities,657137.46,102.27,102.27,1,0,Settled
TRD-108385,09-07-2025,CLI-1095,Equities,32165.79,6.08,6.08,1,0,Settled
TRD-108386,25-12-2025,CLI-1096,Fixed Income,821190.42,259.26,259.26,0,0,Settled
TRD-108387,22-02-2025,CLI-1133,Equities,390395.45,75.87,75.87,1,0,Settled
TRD-108388,30-08-2025,CLI-1140,Equities,258550.56,29.43,29.43,1,1,SSI Mismatch
TRD-108389,12-05-2025,CLI-1144,Fixed Income,395575.36,103.21,103.21,3,0,Settled
TRD-108390,30-12-2025,CLI-1079,Fixed Income,483957.07,104.08,104.08,2,0,Settled
TRD-108391,22-04-2025,CLI-1037,Equities,90969.14,18.69,18.69,2,0,Settled
TRD-108392,07-01-2025,CLI-1085,Fixed Income,280140.43,134.82,134.82,0,0,Settled
TRD-108393,18-08-2025,CLI-1040,Fixed Income,214425.07,41.89,41.89,2,0,Settled
TRD-108394,05-06-2025,CLI-1001,Equities,225706.13,34.26,34.26,1,0,Settled
TRD-108395,16-07-2025,CLI-1128,FX Options,57889.36,8.69,8.69,1,0,Settled
TRD-108396,19-11-2025,CLI-1018,Equities,97083.54,41.02,41.02,1,0,Settled
TRD-108397,30-12-2025,CLI-1143,OTC Derivatives,98268.4,37.93,37.93,3,1,SSI Mismatch
TRD-108398,11-08-2025,CLI-1033,Equities,243583.62,36.97,36.97,0,0,Settled
TRD-108399,07-09-2025,CLI-1010,OTC Derivatives,1134482.09,213.17,213.17,0,0,Settled
TRD-108400,24-03-2025,CLI-1067,Equities,125353.15,50.01,50.01,0,0,Settled
TRD-108401,28-08-2025,CLI-1129,OTC Derivatives,279091.99,58.57,58.57,0,0,Settled
TRD-108402,26-12-2025,CLI-1147,Equities,196699.45,96.9,96.9,2,0,Settled
TRD-108403,19-11-2025,CLI-1076,OTC Derivatives,784132.16,247.96,247.96,0,0,Settled
TRD-108404,20-09-2025,CLI-1145,Fixed Income,35713.19,6.31,6.31,2,1,Margin Breach
TRD-108405,08-07-2025,CLI-1013,Equities,119416.05,52.96,52.96,3,0,Settled
TRD-108406,17-10-2025,CLI-1067,OTC Derivatives,128267.37,29.22,29.22,0,0,Settled
TRD-108407,28-12-2025,CLI-1126,Equities,2488272.48,536.28,536.28,1,0,Settled
TRD-108408,27-02-2025,CLI-1089,FX Options,432887.03,99.99,99.99,1,0,Settled
TRD-108409,09-01-2025,CLI-1075,Equities,84806.15,34.54,34.54,1,0,Settled
TRD-108410,31-10-2025,CLI-1115,Fixed Income,168863.91,28.59,28.59,0,0,Settled
TRD-108411,25-04-2025,CLI-1057,OTC Derivatives,101854.52,25.74,25.74,0,0,Settled
TRD-108412,29-07-2025,CLI-1133,Equities,76539.79,8.6,8.6,2,1,SSI Mismatch
TRD-108413,10-02-2025,CLI-1131,Equities,807723.2,347.85,347.85,1,0,Settled
TRD-108414,31-10-2025,CLI-1071,OTC Derivatives,352344.16,83.25,83.25,2,1,SSI Mismatch
TRD-108415,22-06-2025,CLI-1094,OTC Derivatives,508764.14,101.38,101.38,3,0,Settled
TRD-108416,22-08-2025,CLI-1003,FX Options,211173.42,70.1,70.1,0,0,Settled
TRD-108417,08-10-2025,CLI-1027,Equities,413376.45,157.91,157.91,1,0,Settled
TRD-108418,19-03-2025,CLI-1134,Fixed Income,158912.69,67.56,87.64,0,0,Settled
TRD-108419,18-04-2025,CLI-1136,Equities,194110.87,46.41,46.41,0,0,Settled
TRD-108420,08-10-2025,CLI-1052,Equities,538118.39,228.66,228.66,2,0,Settled
TRD-108421,08-02-2025,CLI-1147,OTC Derivatives,91465.46,26.15,26.15,1,0,Settled
TRD-108422,29-04-2025,CLI-1018,Equities,490149.86,68.84,68.84,0,0,Settled
TRD-108423,01-12-2025,CLI-1143,Fixed Income,966065.43,423.64,423.64,1,0,Settled
TRD-108424,02-12-2025,CLI-1130,Fixed Income,74157.21,23.66,23.66,0,0,Settled
TRD-108425,27-01-2025,CLI-1005,OTC Derivatives,1148757.4,391.71,391.71,0,0,Settled
TRD-108426,14-04-2025,CLI-1101,FX Options,51389.63,24.41,24.41,0,0,Settled
TRD-108427,15-03-2025,CLI-1113,Fixed Income,224553.11,72.68,72.68,1,0,Settled
TRD-108428,10-07-2025,CLI-1053,Fixed Income,481457.66,49.22,49.22,1,0,Settled
TRD-108429,20-11-2025,CLI-1097,OTC Derivatives,419825.67,188.19,188.19,2,0,Settled
TRD-108430,27-05-2025,CLI-1025,Fixed Income,60679.31,12.98,12.98,1,0,Settled
TRD-108431,12-09-2025,CLI-1033,Equities,812009.23,244.18,244.18,0,0,Settled
TRD-108432,11-10-2025,CLI-1008,Equities,1818806.06,330.94,387.55,2,0,Settled
TRD-108433,01-08-2025,CLI-1119,Equities,109974.99,24.06,24.06,0,0,Settled
TRD-108434,03-05-2025,CLI-1059,Fixed Income,1137521.52,426.18,426.18,1,0,Settled
TRD-108435,25-07-2025,CLI-1146,OTC Derivatives,416877.72,113.32,113.32,2,0,Settled
TRD-108436,28-08-2025,CLI-1038,Equities,1383918.95,485.55,485.55,2,0,Settled
TRD-108437,05-12-2025,CLI-1005,Equities,106844.54,45.88,45.88,0,0,Settled
TRD-108438,13-10-2025,CLI-1022,FX Options,795160.03,187.92,187.92,0,0,Settled
TRD-108439,22-01-2025,CLI-1056,OTC Derivatives,40821.53,13.36,13.36,1,0,Settled
TRD-108440,16-09-2025,CLI-1108,Fixed Income,1083630.89,445.41,445.41,1,0,Settled
TRD-108441,23-12-2025,CLI-1136,Equities,570673.52,220.31,220.31,2,1,System Lag
TRD-108442,15-04-2025,CLI-1009,Equities,241219.98,76.21,76.21,1,0,Settled
TRD-108443,15-09-2025,CLI-1069,Equities,115648.76,29.3,29.3,0,0,Settled
TRD-108444,23-07-2025,CLI-1013,Equities,857860.5,225.62,270.85,2,0,Settled
TRD-108445,06-11-2025,CLI-1016,Equities,472213.52,129.03,129.03,1,1,System Lag
TRD-108446,19-09-2025,CLI-1123,Fixed Income,233468.54,55.92,55.92,0,0,Settled
TRD-108447,17-04-2025,CLI-1110,Equities,303345.87,115.16,115.16,0,0,Settled
TRD-108448,08-09-2025,CLI-1077,Equities,885911.78,133.03,133.03,0,0,Settled
TRD-108449,09-08-2025,CLI-1023,Equities,216945.65,105.65,105.65,2,1,Margin Breach
TRD-108450,10-08-2025,CLI-1012,Fixed Income,56953.56,23.44,23.44,1,0,Settled
TRD-108451,15-09-2025,CLI-1058,Fixed Income,1221147.21,267.76,267.76,0,0,Settled
TRD-108452,20-07-2025,CLI-1037,Fixed Income,254975.63,29.84,29.84,2,1,Custodian Delay
TRD-108453,15-09-2025,CLI-1096,Equities,224152.62,86.19,86.19,2,0,Settled
TRD-108454,15-12-2025,CLI-1144,Equities,124329.13,48.95,48.95,0,0,Settled
TRD-108455,13-08-2025,CLI-1141,Equities,1148568.68,557.57,557.57,0,0,Settled
TRD-108456,21-07-2025,CLI-1143,Equities,132634.09,26.72,26.72,1,0,Settled
TRD-108457,14-08-2025,CLI-1070,OTC Derivatives,516225.83,68.7,68.7,1,0,Settled
TRD-108458,24-08-2025,CLI-1075,FX Options,1073329.52,500.23,500.23,1,0,Settled
TRD-108459,02-07-2025,CLI-1022,Fixed Income,27768.83,5.65,7.62,1,0,Settled
TRD-108460,19-07-2025,CLI-1111,FX Options,892437.18,346.81,346.81,1,0,Settled
TRD-108461,23-12-2025,CLI-1133,Fixed Income,274324.61,34.09,34.09,0,0,Settled
TRD-108462,03-09-2025,CLI-1029,Equities,546435.1,220.89,220.89,3,0,Settled
TRD-108463,19-12-2025,CLI-1021,FX Options,242929.76,36.64,36.64,2,1,SSI Mismatch
TRD-108464,21-04-2025,CLI-1000,Equities,604568.79,228.67,228.67,2,0,Settled
TRD-108465,06-01-2025,CLI-1123,Fixed Income,156712.54,49.04,62.16,1,0,Settled
TRD-108466,24-08-2025,CLI-1103,Equities,21087.3,10.17,10.17,3,0,Settled
TRD-108467,07-05-2025,CLI-1039,Equities,1486216.82,170.57,222.58,3,0,Settled
TRD-108468,14-04-2025,CLI-1000,Fixed Income,18251.6,3.96,3.96,1,0,Settled
TRD-108469,25-08-2025,CLI-1099,Fixed Income,878917.79,112.33,112.33,1,0,Settled
TRD-108470,04-06-2025,CLI-1101,Equities,102645.54,46.36,46.36,0,0,Settled
TRD-108471,14-09-2025,CLI-1108,Equities,258971.34,87.42,87.42,1,0,Settled
TRD-108472,23-08-2025,CLI-1038,Equities,874370.86,274.54,274.54,1,0,Settled
TRD-108473,16-10-2025,CLI-1043,FX Options,125293.18,19.12,19.12,0,0,Settled
TRD-108474,09-02-2025,CLI-1060,OTC Derivatives,1013867.9,299.71,299.71,3,1,Margin Breach
TRD-108475,15-10-2025,CLI-1111,Fixed Income,354337.54,91.94,91.94,1,1,Custodian Delay
TRD-108476,16-07-2025,CLI-1074,Equities,237974.2,53.85,53.85,4,0,Settled
TRD-108477,30-09-2025,CLI-1109,OTC Derivatives,553002.67,226.11,226.11,2,1,SSI Mismatch
TRD-108478,21-09-2025,CLI-1125,Equities,218811.65,27.24,27.24,1,0,Settled
TRD-108479,26-02-2025,CLI-1018,Equities,223309.92,80.1,80.1,2,0,Settled
TRD-108480,25-10-2025,CLI-1020,Equities,671240.03,288.09,288.09,2,0,Settled
TRD-108481,08-04-2025,CLI-1074,OTC Derivatives,195410.28,90.46,90.46,0,0,Settled
TRD-108482,17-05-2025,CLI-1018,Equities,122054.91,48.62,48.62,0,0,Settled
TRD-108483,28-03-2025,CLI-1089,Equities,834209.26,177.67,177.67,0,0,Settled
TRD-108484,30-08-2025,CLI-1018,Fixed Income,828330.13,281.8,281.8,0,0,Settled
TRD-108485,18-07-2025,CLI-1142,Equities,354165.1,55.45,55.45,1,0,Settled
TRD-108486,06-11-2025,CLI-1004,Fixed Income,383966.04,56.38,74,0,0,Settled
TRD-108487,25-03-2025,CLI-1011,Fixed Income,605489.83,215.22,215.22,3,0,Settled
TRD-108488,30-08-2025,CLI-1022,Fixed Income,365934.97,161.17,161.17,2,0,Settled
TRD-108489,08-10-2025,CLI-1048,Equities,279818.32,35.51,35.51,1,0,Settled
TRD-108490,19-11-2025,CLI-1080,Equities,2648688.41,377.18,377.18,2,0,Settled
TRD-108491,09-09-2025,CLI-1010,OTC Derivatives,89873.4,29.32,29.32,1,0,Settled
TRD-108492,09-07-2025,CLI-1094,OTC Derivatives,459136.98,85.99,85.99,2,0,Settled
TRD-108493,01-06-2025,CLI-1040,Equities,1095178.01,377.54,377.54,0,0,Settled
TRD-108494,29-10-2025,CLI-1057,Equities,591119.68,109.84,135.07,0,0,Settled
TRD-108495,05-10-2025,CLI-1111,Equities,1073993.72,157.44,157.44,2,0,Settled
TRD-108496,19-05-2025,CLI-1149,Fixed Income,214988.68,68.42,68.42,0,0,Settled
TRD-108497,25-06-2025,CLI-1095,OTC Derivatives,168722.29,75.06,75.06,2,0,Settled
TRD-108498,08-01-2025,CLI-1009,Equities,962819.37,360.14,360.14,1,0,Settled
TRD-108499,22-10-2025,CLI-1101,Fixed Income,260532.19,111.37,111.37,1,1,Margin Breach
TRD-108500,23-08-2025,CLI-1044,OTC Derivatives,628389.76,129.78,129.78,1,1,Custodian Delay
TRD-108501,12-06-2025,CLI-1118,FX Options,89936.85,40.87,40.87,2,0,Settled
TRD-108502,18-02-2025,CLI-1118,Equities,714961.93,179.32,179.32,2,0,Settled
TRD-108503,29-10-2025,CLI-1069,Equities,408124.73,179.97,179.97,1,1,Custodian Delay
TRD-108504,07-02-2025,CLI-1017,Equities,166405.34,48,48,0,0,Settled
TRD-108505,16-05-2025,CLI-1040,OTC Derivatives,351107.54,72.73,72.73,0,0,Settled
TRD-108506,06-11-2025,CLI-1102,OTC Derivatives,606918.22,123.87,123.87,1,1,Custodian Delay
TRD-108507,07-08-2025,CLI-1045,Fixed Income,15978.81,5.23,6.14,3,0,Settled
TRD-108508,14-12-2025,CLI-1067,Equities,517319.97,68.08,68.08,3,1,SSI Mismatch
TRD-108509,23-10-2025,CLI-1046,Equities,399996.5,188.81,188.81,0,0,Settled
TRD-108510,03-02-2025,CLI-1028,Equities,134414.15,28.04,28.04,4,0,Settled
TRD-108511,18-12-2025,CLI-1023,Fixed Income,709145.16,166.12,166.12,3,1,Margin Breach
TRD-108512,20-03-2025,CLI-1105,Equities,190815.74,36.89,36.89,2,0,Settled
TRD-108513,24-08-2025,CLI-1084,Equities,172076.86,17.41,17.41,1,0,Settled
TRD-108514,30-09-2025,CLI-1057,OTC Derivatives,328589.85,123.88,123.88,1,0,Settled
TRD-108515,10-06-2025,CLI-1026,Equities,573736.92,192.9,192.9,2,1,System Lag
TRD-108516,24-06-2025,CLI-1047,Fixed Income,1331454.2,564.35,564.35,1,0,Settled
TRD-108517,04-11-2025,CLI-1040,Equities,86201.16,10.03,10.03,2,1,System Lag
TRD-108518,09-08-2025,CLI-1073,OTC Derivatives,262478.21,123.75,123.75,3,0,Settled
TRD-108519,09-01-2025,CLI-1138,Fixed Income,44669.46,10.38,10.38,1,0,Settled
TRD-108520,16-10-2025,CLI-1130,FX Options,720547.98,335.22,335.22,3,0,Settled
TRD-108521,23-04-2025,CLI-1048,Fixed Income,306861.73,43.84,43.84,3,1,SSI Mismatch
TRD-108522,24-07-2025,CLI-1133,FX Options,623670.42,247.95,247.95,2,0,Settled
TRD-108523,05-07-2025,CLI-1047,OTC Derivatives,204447.4,67.82,90.92,2,1,System Lag
TRD-108524,07-12-2025,CLI-1070,Fixed Income,939967.47,228.67,228.67,1,0,Settled
TRD-108525,16-07-2025,CLI-1120,FX Options,392674.11,51.7,51.7,3,1,SSI Mismatch
TRD-108526,23-09-2025,CLI-1082,Equities,1447712.41,494.97,494.97,2,0,Settled
TRD-108527,19-09-2025,CLI-1093,Equities,51047,5.64,5.64,1,0,Settled
TRD-108528,05-09-2025,CLI-1085,Equities,371058.21,111.51,111.51,3,1,System Lag
TRD-108529,25-04-2025,CLI-1065,Fixed Income,737190.78,251.89,251.89,1,0,Settled
TRD-108530,01-05-2025,CLI-1028,OTC Derivatives,468336.21,184.06,184.06,2,1,SSI Mismatch
TRD-108531,21-05-2025,CLI-1013,OTC Derivatives,21733.68,10.79,10.79,2,0,Settled
TRD-108532,06-03-2025,CLI-1072,Equities,1803860.09,368.06,368.06,3,0,Settled
TRD-108533,03-10-2025,CLI-1108,Fixed Income,187098.79,42.84,42.84,0,0,Settled
TRD-108534,09-11-2025,CLI-1089,Equities,153359.85,36.26,36.26,1,0,Settled
TRD-108535,27-08-2025,CLI-1028,Fixed Income,342435.26,134.45,134.45,2,0,Settled
TRD-108536,29-10-2025,CLI-1132,Equities,400615.68,189.38,189.38,2,0,Settled
TRD-108537,10-01-2025,CLI-1092,FX Options,736833.14,360.85,360.85,0,0,Settled
TRD-108538,21-08-2025,CLI-1076,Equities,259838.71,124.29,124.29,0,0,Settled
TRD-108539,14-07-2025,CLI-1145,Equities,299873.87,135.47,135.47,0,0,Settled
TRD-108540,12-01-2025,CLI-1070,OTC Derivatives,392815.84,194.99,194.99,2,0,Settled
TRD-108541,26-06-2025,CLI-1108,Fixed Income,260757.14,65.29,65.29,4,0,Settled
TRD-108542,26-06-2025,CLI-1111,Equities,1239900.69,594.32,594.32,0,0,Settled
TRD-108543,05-08-2025,CLI-1047,Fixed Income,962750.73,389.34,389.34,1,0,Settled
TRD-108544,11-01-2025,CLI-1084,Equities,313460.61,52.47,52.47,3,1,SSI Mismatch
TRD-108545,28-04-2025,CLI-1043,FX Options,10097.44,1.19,1.19,1,1,Margin Breach
TRD-108546,13-06-2025,CLI-1118,Fixed Income,1165986.99,216.63,216.63,1,0,Settled
TRD-108547,08-02-2025,CLI-1130,Equities,76386.74,31.43,31.43,0,0,Settled
TRD-108548,22-02-2025,CLI-1117,Fixed Income,150195.97,52.97,52.97,0,0,Settled
TRD-108549,06-08-2025,CLI-1044,Equities,92650.39,17.58,22,2,0,Settled
TRD-108550,25-07-2025,CLI-1085,OTC Derivatives,109113.02,43.29,43.29,0,1,Custodian Delay
TRD-108551,08-11-2025,CLI-1106,FX Options,821965.05,128.66,128.66,1,0,Settled
TRD-108552,26-12-2025,CLI-1113,OTC Derivatives,443157.11,190,190,0,0,Settled
TRD-108553,25-02-2025,CLI-1140,Equities,1572865.39,656.93,656.93,3,0,Settled
TRD-108554,28-04-2025,CLI-1040,Equities,141627.11,69.26,88.03,1,0,Settled
TRD-108555,10-09-2025,CLI-1100,Equities,342410.99,54.82,54.82,1,0,Settled
TRD-108556,13-10-2025,CLI-1132,Fixed Income,1905530.72,881.58,881.58,3,0,Settled
TRD-108557,25-09-2025,CLI-1007,Fixed Income,885626.08,209.4,209.4,2,0,Settled
TRD-108558,18-10-2025,CLI-1043,Fixed Income,662109.65,176.4,176.4,0,0,Settled
TRD-108559,29-11-2025,CLI-1104,FX Options,114728.32,32.97,32.97,3,0,Settled
TRD-108560,29-06-2025,CLI-1080,Equities,743547.05,260.81,260.81,2,0,Settled
TRD-108561,24-12-2025,CLI-1131,Equities,223521.97,111.29,111.29,0,0,Settled
TRD-108562,23-08-2025,CLI-1018,Equities,388082.79,131.94,172.13,1,0,Settled
TRD-108563,09-12-2025,CLI-1080,Equities,479730.06,225.8,225.8,1,0,Settled
TRD-108564,15-07-2025,CLI-1088,Equities,479989.18,96.96,96.96,1,0,Settled
TRD-108565,04-11-2025,CLI-1132,Fixed Income,658269.74,170.73,170.73,3,1,SSI Mismatch
TRD-108566,21-03-2025,CLI-1115,Equities,551914.19,166.57,204.55,2,0,Settled
TRD-108567,15-05-2025,CLI-1080,Equities,45410.24,10.41,10.41,0,0,Settled
TRD-108568,22-01-2025,CLI-1138,OTC Derivatives,315642.63,154.9,154.9,1,0,Settled
TRD-108569,27-11-2025,CLI-1057,Equities,555354.21,216.74,216.74,0,0,Settled
TRD-108570,13-08-2025,CLI-1143,Fixed Income,185483.48,54.08,54.08,3,0,Settled
TRD-108571,27-02-2025,CLI-1079,Equities,197751.75,79.2,79.2,0,0,Settled
TRD-108572,03-04-2025,CLI-1081,Fixed Income,76518.64,21.96,21.96,0,0,Settled
TRD-108573,11-07-2025,CLI-1117,FX Options,281171.03,30.05,30.05,1,0,Settled
TRD-108574,13-04-2025,CLI-1002,Equities,2174923.37,690.05,690.05,0,0,Settled
TRD-108575,07-01-2025,CLI-1017,Fixed Income,177959.75,62.3,62.3,2,1,Custodian Delay
TRD-108576,08-05-2025,CLI-1115,OTC Derivatives,389042.24,191.6,191.6,1,1,System Lag
TRD-108577,24-02-2025,CLI-1109,Fixed Income,689801.39,80.24,80.24,3,0,Settled
TRD-108578,19-08-2025,CLI-1134,Equities,16794.59,5.12,5.12,0,0,Settled
TRD-108579,28-12-2025,CLI-1046,Equities,1163495.19,162.03,162.03,0,0,Settled
TRD-108580,03-03-2025,CLI-1142,Fixed Income,254328.41,40.59,40.59,0,0,Settled
TRD-108581,28-08-2025,CLI-1100,OTC Derivatives,1026721.87,353.38,353.38,3,0,Settled
TRD-108582,31-03-2025,CLI-1061,Equities,29863.2,5.75,5.75,1,1,Margin Breach
TRD-108583,20-08-2025,CLI-1077,Equities,88715.1,35.46,35.46,1,0,Settled
TRD-108584,21-08-2025,CLI-1022,Equities,204694.6,62.57,62.57,1,0,Settled
TRD-108585,20-12-2025,CLI-1144,Equities,221912.64,41.56,41.56,0,0,Settled
TRD-108586,29-11-2025,CLI-1021,Equities,951260.94,283.02,283.02,3,0,Settled
TRD-108587,19-10-2025,CLI-1023,Equities,15632.16,1.57,1.57,1,0,Settled
TRD-108588,11-12-2025,CLI-1016,Equities,522372.15,232.51,232.51,1,0,Settled
TRD-108589,01-06-2025,CLI-1070,Equities,80385.88,8.45,8.45,3,1,Custodian Delay
TRD-108590,25-05-2025,CLI-1127,FX Options,876412.33,90.1,90.1,1,1,System Lag
TRD-108591,10-05-2025,CLI-1124,Equities,763831.76,263.22,263.22,1,0,Settled
TRD-108592,21-05-2025,CLI-1128,Equities,356494.62,174.47,174.47,1,0,Settled
TRD-108593,03-04-2025,CLI-1062,Equities,129564.84,57.32,57.32,1,0,Settled
TRD-108594,24-04-2025,CLI-1121,FX Options,513238.19,103.06,103.06,3,1,Margin Breach
TRD-108595,11-10-2025,CLI-1049,OTC Derivatives,94954.45,16.97,16.97,2,0,Settled
TRD-108596,23-05-2025,CLI-1090,OTC Derivatives,115375.2,40.43,40.43,1,0,Settled
TRD-108597,11-08-2025,CLI-1126,Equities,502672.92,215.67,215.67,0,0,Settled
TRD-108598,20-08-2025,CLI-1097,OTC Derivatives,2378120.65,582.24,582.24,1,0,Settled
TRD-108599,02-02-2025,CLI-1108,Fixed Income,1118482.85,305.28,305.28,1,0,Settled
TRD-108600,03-10-2025,CLI-1126,Equities,459602.95,67.19,67.19,2,1,Margin Breach
TRD-108601,19-06-2025,CLI-1142,Fixed Income,396676.45,63.92,63.92,0,0,Settled
TRD-108602,20-05-2025,CLI-1109,OTC Derivatives,3224173.01,1055.4,1055.4,1,0,Settled
TRD-108603,23-12-2025,CLI-1055,OTC Derivatives,406370.12,57.32,57.32,2,0,Settled
TRD-108604,20-07-2025,CLI-1055,OTC Derivatives,282464.05,51.07,71.09,0,0,Settled
TRD-108605,23-01-2025,CLI-1028,FX Options,1211509.64,234.88,234.88,1,0,Settled
TRD-108606,12-08-2025,CLI-1042,Equities,143406.87,39.81,39.81,0,0,Settled
TRD-108607,27-09-2025,CLI-1085,Fixed Income,61307.69,7.25,7.25,0,0,Settled
TRD-108608,13-12-2025,CLI-1147,Equities,512683.99,153.76,153.76,1,0,Settled
TRD-108609,02-06-2025,CLI-1011,OTC Derivatives,60379.8,28.47,28.47,1,0,Settled
TRD-108610,29-11-2025,CLI-1123,Equities,243522.83,26.74,26.74,3,0,Settled
TRD-108611,26-03-2025,CLI-1108,OTC Derivatives,285457.09,100.59,100.59,0,1,Margin Breach
TRD-108612,19-04-2025,CLI-1013,Equities,406525.82,176.57,176.57,3,0,Settled
TRD-108613,31-01-2025,CLI-1099,Equities,2403318.8,540.71,540.71,2,1,SSI Mismatch
TRD-108614,17-08-2025,CLI-1075,Equities,134860.39,20.58,20.58,1,1,System Lag
TRD-108615,28-08-2025,CLI-1008,Equities,245607.28,28.82,28.82,1,0,Settled
TRD-108616,29-12-2025,CLI-1096,OTC Derivatives,80920.12,28.93,28.93,0,1,System Lag
TRD-108617,06-11-2025,CLI-1124,Equities,477754.01,153.31,153.31,2,0,Settled
TRD-108618,21-05-2025,CLI-1135,Fixed Income,660376.2,126.61,126.61,0,1,Margin Breach
TRD-108619,05-06-2025,CLI-1078,Equities,338964.18,146.65,146.65,2,1,Margin Breach
TRD-108620,26-10-2025,CLI-1019,Equities,151069.58,59.55,59.55,3,1,SSI Mismatch
TRD-108621,11-12-2025,CLI-1057,Equities,494962.16,104.22,104.22,0,0,Settled
TRD-108622,09-04-2025,CLI-1078,Equities,397349.71,159.47,159.47,0,0,Settled
TRD-108623,16-02-2025,CLI-1069,OTC Derivatives,103879.59,20.57,20.57,0,1,Custodian Delay
TRD-108624,23-11-2025,CLI-1101,Fixed Income,270170.29,99.99,99.99,1,0,Settled
TRD-108625,08-03-2025,CLI-1110,Equities,295639.22,43.58,43.58,0,0,Settled
TRD-108626,03-03-2025,CLI-1138,Fixed Income,2036152.96,767.42,767.42,2,0,Settled
TRD-108627,19-04-2025,CLI-1130,Equities,956185.08,186.94,186.94,3,0,Settled
TRD-108628,16-06-2025,CLI-1109,Equities,672826.94,221.35,221.35,0,0,Settled
TRD-108629,06-02-2025,CLI-1048,Fixed Income,1108109.16,187.25,187.25,3,0,Settled
TRD-108630,29-04-2025,CLI-1066,Equities,674927.54,263.48,263.48,1,1,SSI Mismatch
TRD-108631,27-03-2025,CLI-1119,Fixed Income,1178597.87,146.56,146.56,3,0,Settled
TRD-108632,21-02-2025,CLI-1010,Fixed Income,38048.78,6.32,6.32,0,0,Settled
TRD-108633,01-04-2025,CLI-1100,OTC Derivatives,314463.87,54.61,54.61,4,1,Custodian Delay
TRD-108634,16-10-2025,CLI-1108,FX Options,696982.02,81.22,105.82,2,0,Settled
TRD-108635,03-12-2025,CLI-1106,Equities,447689.33,178.18,178.18,2,0,Settled
TRD-108636,25-10-2025,CLI-1049,Equities,106286.66,52.33,52.33,1,0,Settled
TRD-108637,23-07-2025,CLI-1142,Equities,218130.65,89.73,89.73,3,0,Settled
TRD-108638,26-08-2025,CLI-1131,Equities,201197.42,89.38,89.38,1,0,Settled
TRD-108639,04-06-2025,CLI-1031,OTC Derivatives,161463.45,16.53,16.53,0,0,Settled
TRD-108640,28-08-2025,CLI-1061,OTC Derivatives,220138.8,32.39,32.39,1,0,Settled
TRD-108641,16-05-2025,CLI-1097,Fixed Income,371651.97,120.27,120.27,1,0,Settled
TRD-108642,28-12-2025,CLI-1093,Fixed Income,975059.33,478.9,478.9,0,0,Settled
TRD-108643,05-03-2025,CLI-1040,Equities,687461.15,250.43,250.43,0,0,Settled
TRD-108644,03-05-2025,CLI-1144,Fixed Income,911662.15,227.6,227.6,1,0,Settled
TRD-108645,11-09-2025,CLI-1132,OTC Derivatives,1085377.46,171.99,171.99,4,1,SSI Mismatch
TRD-108646,24-04-2025,CLI-1071,Fixed Income,279055.98,44.97,44.97,2,0,Settled
TRD-108647,20-01-2025,CLI-1125,Equities,222344.06,54.5,67.64,2,0,Settled
TRD-108648,16-01-2025,CLI-1068,Fixed Income,39675.14,15.3,20.95,1,0,Settled
TRD-108649,25-05-2025,CLI-1080,Equities,1343153.99,151.41,151.41,2,0,Settled
TRD-108650,27-07-2025,CLI-1038,Fixed Income,44044.69,19.42,19.42,0,0,Settled
TRD-108651,19-01-2025,CLI-1031,Fixed Income,685725.29,326.83,439.07,2,0,Settled
TRD-108652,15-06-2025,CLI-1134,Equities,247494.66,112.74,112.74,2,0,Settled
TRD-108653,07-02-2025,CLI-1085,OTC Derivatives,1495820.16,695.87,695.87,2,0,Settled
TRD-108654,30-06-2025,CLI-1075,OTC Derivatives,282020.62,29.93,29.93,1,1,SSI Mismatch
TRD-108655,15-12-2025,CLI-1087,Equities,858065.63,421.41,421.41,1,0,Settled
TRD-108656,15-04-2025,CLI-1048,FX Options,176099.07,43.42,43.42,1,0,Settled
TRD-108657,10-04-2025,CLI-1144,Fixed Income,187686.98,84.03,113.15,0,0,Settled
TRD-108658,31-03-2025,CLI-1019,OTC Derivatives,462575.76,80.82,80.82,0,0,Settled
TRD-108659,27-10-2025,CLI-1044,OTC Derivatives,3112981.22,867.31,867.31,0,0,Settled
TRD-108660,28-11-2025,CLI-1123,Fixed Income,374462.23,44.06,44.06,4,0,Settled
TRD-108661,20-03-2025,CLI-1135,OTC Derivatives,1386853.15,160.92,160.92,0,0,Settled
TRD-108662,14-03-2025,CLI-1043,Equities,781473.68,373.01,373.01,1,1,Margin Breach
TRD-108663,25-06-2025,CLI-1061,Equities,804485.19,341.3,341.3,0,0,Settled
TRD-108664,06-04-2025,CLI-1107,Fixed Income,296315.04,92.43,92.43,4,1,System Lag
TRD-108665,11-12-2025,CLI-1082,OTC Derivatives,254321.94,78.89,78.89,0,1,Margin Breach
TRD-108666,13-04-2025,CLI-1082,OTC Derivatives,116548.23,46.56,46.56,2,1,Custodian Delay
TRD-108667,12-08-2025,CLI-1021,Fixed Income,1671303.1,395.54,395.54,0,0,Settled
TRD-108668,06-01-2025,CLI-1005,Fixed Income,1611914.95,652.42,652.42,0,0,Settled
TRD-108669,02-05-2025,CLI-1139,Equities,697316.78,205.01,205.01,1,0,Settled
TRD-108670,24-08-2025,CLI-1096,FX Options,185667.79,65.94,65.94,1,0,Settled
TRD-108671,26-04-2025,CLI-1049,Equities,150637.68,73.2,73.2,2,0,Settled
TRD-108672,12-06-2025,CLI-1120,OTC Derivatives,2247520.39,648.47,648.47,2,1,System Lag
TRD-108673,14-08-2025,CLI-1060,Fixed Income,44430.09,11.88,11.88,1,0,Settled
TRD-108674,18-08-2025,CLI-1049,Fixed Income,937555.08,433.43,433.43,1,0,Settled
TRD-108675,01-07-2025,CLI-1075,Equities,229607.65,105.86,105.86,0,0,Settled
TRD-108676,06-09-2025,CLI-1115,FX Options,281390.16,139.84,139.84,0,0,Settled
TRD-108677,14-11-2025,CLI-1121,Fixed Income,901829.13,288.9,288.9,0,0,Settled
TRD-108678,29-07-2025,CLI-1099,FX Options,57486.78,13.66,13.66,1,0,Settled
TRD-108679,24-05-2025,CLI-1060,Equities,228609.23,44.84,58.47,1,0,Settled
TRD-108680,11-12-2025,CLI-1091,Fixed Income,1528530.09,173.7,173.7,0,0,Settled
TRD-108681,06-04-2025,CLI-1010,OTC Derivatives,610432.01,238.49,238.49,2,0,Settled
TRD-108682,12-12-2025,CLI-1079,OTC Derivatives,713124.4,137.91,137.91,1,1,SSI Mismatch
TRD-108683,01-09-2025,CLI-1066,FX Options,718387.71,246.16,246.16,2,0,Settled
TRD-108684,27-03-2025,CLI-1057,Equities,41241.03,19.24,19.24,1,0,Settled
TRD-108685,03-07-2025,CLI-1048,Equities,123580.55,59.33,59.33,0,0,Settled
TRD-108686,01-05-2025,CLI-1098,Fixed Income,347912.3,35.4,35.4,1,0,Settled
TRD-108687,28-11-2025,CLI-1083,Equities,239551.81,54.34,54.34,3,1,SSI Mismatch
TRD-108688,02-04-2025,CLI-1092,FX Options,274590.1,119.43,119.43,1,0,Settled
TRD-108689,11-03-2025,CLI-1028,Equities,770364.23,242.34,242.34,0,0,Settled
TRD-108690,13-05-2025,CLI-1141,Fixed Income,17394.02,7.36,7.36,2,1,SSI Mismatch
TRD-108691,06-10-2025,CLI-1128,Equities,550128.78,242.79,242.79,4,0,Settled
TRD-108692,17-05-2025,CLI-1017,Fixed Income,10055.12,2.79,2.79,0,0,Settled
TRD-108693,10-11-2025,CLI-1014,Equities,42567.23,10.37,10.37,2,0,Settled
TRD-108694,06-07-2025,CLI-1115,Equities,272366.04,76.85,76.85,0,0,Settled
TRD-108695,09-08-2025,CLI-1088,Equities,929263.68,335.57,335.57,0,0,Settled
TRD-108696,15-02-2025,CLI-1012,Equities,88324.43,21.8,21.8,1,0,Settled
TRD-108697,05-10-2025,CLI-1119,FX Options,414415.3,169.91,169.91,0,0,Settled
TRD-108698,11-07-2025,CLI-1023,Equities,577387,266.52,266.52,3,1,Margin Breach
TRD-108699,08-01-2025,CLI-1138,Fixed Income,140379.15,29.89,29.89,2,0,Settled
TRD-108700,03-10-2025,CLI-1046,FX Options,369058.43,179.36,179.36,0,0,Settled
TRD-108701,28-06-2025,CLI-1024,OTC Derivatives,1221852.81,426.54,426.54,4,1,Margin Breach
TRD-108702,30-11-2025,CLI-1104,FX Options,368954.14,166.5,166.5,1,0,Settled
TRD-108703,08-02-2025,CLI-1064,FX Options,95585.81,13.53,13.53,0,0,Settled
TRD-108704,20-10-2025,CLI-1028,Fixed Income,504181.17,101.14,101.14,1,0,Settled
TRD-108705,27-06-2025,CLI-1021,Fixed Income,458489.43,104.72,104.72,0,0,Settled
TRD-108706,11-06-2025,CLI-1075,Equities,23662.35,5.23,5.23,1,0,Settled
TRD-108707,27-11-2025,CLI-1128,Fixed Income,57482.04,9.7,9.7,3,0,Settled
TRD-108708,14-04-2025,CLI-1015,OTC Derivatives,95264.49,42.61,42.61,2,0,Settled
TRD-108709,10-06-2025,CLI-1143,Fixed Income,83258.57,22.27,22.27,2,0,Settled
TRD-108710,14-10-2025,CLI-1130,OTC Derivatives,160191.71,77.73,93.95,3,0,Settled
TRD-108711,03-05-2025,CLI-1100,OTC Derivatives,312664.61,104.24,104.24,1,0,Settled
TRD-108712,23-02-2025,CLI-1093,Equities,242381.73,37.66,37.66,2,0,Settled
TRD-108713,03-02-2025,CLI-1002,OTC Derivatives,1116600.27,355.48,355.48,0,0,Settled
TRD-108714,30-08-2025,CLI-1030,Fixed Income,483515.98,240.51,240.51,0,0,Settled
TRD-108715,23-04-2025,CLI-1034,Equities,1054319.25,343.78,343.78,2,0,Settled
TRD-108716,14-11-2025,CLI-1117,OTC Derivatives,384371.52,38.72,38.72,0,0,Settled
TRD-108717,23-01-2025,CLI-1112,Fixed Income,57084.17,27.01,27.01,3,0,Settled
TRD-108718,15-02-2025,CLI-1022,OTC Derivatives,321146.31,62.29,62.29,3,0,Settled
TRD-108719,08-11-2025,CLI-1080,Fixed Income,873077.3,327.76,327.76,1,0,Settled
TRD-108720,15-05-2025,CLI-1064,Equities,117900.14,36.08,36.08,1,1,Custodian Delay
TRD-108721,28-04-2025,CLI-1117,OTC Derivatives,57822.97,13.31,16.1,2,0,Settled
TRD-108722,08-07-2025,CLI-1108,Fixed Income,209817.12,44.7,44.7,3,0,Settled
TRD-108723,11-05-2025,CLI-1058,Equities,256245.56,120.82,120.82,2,1,Margin Breach
TRD-108724,31-07-2025,CLI-1062,Equities,192827.34,89.62,89.62,1,0,Settled
TRD-108725,23-04-2025,CLI-1145,OTC Derivatives,82652.09,25.23,25.23,2,0,Settled
TRD-108726,13-02-2025,CLI-1009,Equities,154401.26,31.4,31.4,1,0,Settled
TRD-108727,08-05-2025,CLI-1046,OTC Derivatives,583296.18,82.21,82.21,2,0,Settled
TRD-108728,30-12-2025,CLI-1122,Equities,253821.97,41.28,41.28,0,0,Settled
TRD-108729,07-06-2025,CLI-1122,Fixed Income,510583.26,157.72,157.72,2,0,Settled
TRD-108730,30-09-2025,CLI-1032,FX Options,394262.82,87.97,87.97,2,0,Settled
TRD-108731,11-11-2025,CLI-1005,Equities,408202.66,47.69,47.69,2,1,Custodian Delay
TRD-108732,21-12-2025,CLI-1020,Fixed Income,152875.01,43.12,43.12,1,0,Settled
TRD-108733,06-12-2025,CLI-1046,OTC Derivatives,378594.5,150.86,150.86,0,1,SSI Mismatch
TRD-108734,14-02-2025,CLI-1020,OTC Derivatives,21938.76,10.02,10.02,2,0,Settled
TRD-108735,18-04-2025,CLI-1110,Fixed Income,292591.4,97.76,97.76,0,0,Settled
TRD-108736,07-08-2025,CLI-1113,Fixed Income,435044.17,169.37,169.37,1,0,Settled
TRD-108737,14-11-2025,CLI-1096,OTC Derivatives,110443.79,27.13,27.13,3,0,Settled
TRD-108738,11-11-2025,CLI-1117,OTC Derivatives,158232.6,47.23,47.23,0,0,Settled
TRD-108739,26-06-2025,CLI-1130,OTC Derivatives,133930.14,52.48,52.48,1,0,Settled
TRD-108740,16-08-2025,CLI-1075,Equities,46585.41,18.22,18.22,0,0,Settled
TRD-108741,10-07-2025,CLI-1032,FX Options,223745.95,60.37,60.37,1,0,Settled
TRD-108742,09-06-2025,CLI-1070,Fixed Income,1940802,616.14,616.14,1,1,System Lag
TRD-108743,24-09-2025,CLI-1057,Equities,228385.33,107.24,146.65,1,0,Settled
TRD-108744,24-12-2025,CLI-1071,Equities,318590.19,112.4,112.4,0,0,Settled
TRD-108745,22-11-2025,CLI-1046,Equities,539340.99,192.56,192.56,1,1,Margin Breach
TRD-108746,09-07-2025,CLI-1036,Equities,532769.58,220.49,268.73,1,0,Settled
TRD-108747,24-06-2025,CLI-1034,Equities,1506817.04,220.13,220.13,2,1,SSI Mismatch
TRD-108748,17-10-2025,CLI-1062,Equities,984431.74,304.34,304.34,0,0,Settled
TRD-108749,23-12-2025,CLI-1006,Fixed Income,799819.88,386.93,386.93,2,0,Settled
TRD-108750,25-05-2025,CLI-1003,Equities,1524409.07,372.97,372.97,3,1,Margin Breach
TRD-108751,20-08-2025,CLI-1033,Equities,141179.63,30.77,30.77,2,1,System Lag
TRD-108752,26-12-2025,CLI-1038,Equities,489930.9,166.81,166.81,0,0,Settled
TRD-108753,23-07-2025,CLI-1032,Equities,1101055.14,207.49,207.49,1,0,Settled
TRD-108754,01-08-2025,CLI-1008,Equities,499266.82,160.95,160.95,1,0,Settled
TRD-108755,09-02-2025,CLI-1105,Fixed Income,1905355.87,309.16,378.1,0,0,Settled
TRD-108756,02-10-2025,CLI-1114,FX Options,62876.25,20.87,26.6,1,0,Settled
TRD-108757,19-11-2025,CLI-1142,OTC Derivatives,299311.84,102.05,102.05,0,0,Settled
TRD-108758,23-03-2025,CLI-1091,OTC Derivatives,1904082.74,509.08,509.08,3,0,Settled
TRD-108759,30-06-2025,CLI-1029,Equities,248669.66,62.94,62.94,0,0,Settled
TRD-108760,16-11-2025,CLI-1112,Equities,682684.43,135.3,135.3,1,0,Settled
TRD-108761,24-03-2025,CLI-1043,Equities,25437.33,5.91,5.91,1,0,Settled
TRD-108762,30-10-2025,CLI-1022,OTC Derivatives,603454.8,180.64,232.83,3,1,SSI Mismatch
TRD-108763,19-09-2025,CLI-1067,Equities,1373820.93,273.48,273.48,2,1,System Lag
TRD-108764,29-09-2025,CLI-1056,Fixed Income,251205.17,103.78,103.78,2,0,Settled
TRD-108765,19-07-2025,CLI-1017,Equities,20764.98,7.97,7.97,0,0,Settled
TRD-108766,28-08-2025,CLI-1106,Equities,24153.34,5.02,5.02,1,0,Settled
TRD-108767,29-06-2025,CLI-1048,FX Options,1122919.93,156.06,156.06,3,0,Settled
TRD-108768,20-06-2025,CLI-1014,OTC Derivatives,650996.2,65.15,65.15,1,0,Settled
TRD-108769,22-10-2025,CLI-1121,OTC Derivatives,66408.78,22.49,22.49,1,0,Settled
TRD-108770,26-06-2025,CLI-1132,Fixed Income,38068.44,7.03,7.03,1,1,SSI Mismatch
TRD-108771,25-08-2025,CLI-1104,OTC Derivatives,826930.28,86.85,86.85,0,0,Settled
TRD-108772,18-05-2025,CLI-1099,Fixed Income,839998.98,204.65,246.61,0,0,Settled
TRD-108773,23-11-2025,CLI-1134,FX Options,74213.27,35.98,35.98,3,0,Settled
TRD-108774,07-11-2025,CLI-1073,Equities,189424.66,71.22,71.22,2,1,Margin Breach
TRD-108775,09-05-2025,CLI-1097,Fixed Income,767123.11,339.92,339.92,2,0,Settled
TRD-108776,18-02-2025,CLI-1086,Fixed Income,382654.18,60.42,74.45,0,0,Settled
TRD-108777,13-06-2025,CLI-1093,Equities,1578473.53,204.12,204.12,0,0,Settled
TRD-108778,04-10-2025,CLI-1082,OTC Derivatives,337986.05,35.36,35.36,0,0,Settled
TRD-108779,20-10-2025,CLI-1056,FX Options,574986.37,277.3,277.3,2,0,Settled
TRD-108780,26-04-2025,CLI-1079,Fixed Income,366453.94,80.65,80.65,0,0,Settled
TRD-108781,24-01-2025,CLI-1035,Equities,1442049.43,409.26,409.26,1,0,Settled
TRD-108782,07-11-2025,CLI-1015,Fixed Income,264296.64,68.14,68.14,0,1,Margin Breach
TRD-108783,25-01-2025,CLI-1082,OTC Derivatives,140550.23,55.12,55.12,3,0,Settled
TRD-108784,07-05-2025,CLI-1057,Fixed Income,207733.03,46.53,46.53,4,0,Settled
TRD-108785,22-08-2025,CLI-1112,Equities,967897.32,304.1,304.1,2,0,Settled
TRD-108786,28-07-2025,CLI-1002,Fixed Income,354516.39,176.63,176.63,1,0,Settled
TRD-108787,03-04-2025,CLI-1030,Equities,228673.21,63.49,63.49,0,0,Settled
TRD-108788,04-04-2025,CLI-1002,OTC Derivatives,402916.43,129.14,129.14,0,0,Settled
TRD-108789,23-11-2025,CLI-1139,Equities,81490.64,24.53,24.53,1,0,Settled
TRD-108790,13-08-2025,CLI-1093,Fixed Income,12686.86,5.34,5.34,0,0,Settled
TRD-108791,07-10-2025,CLI-1069,OTC Derivatives,174658.23,36.11,36.11,2,1,Custodian Delay
TRD-108792,11-01-2025,CLI-1076,Equities,474442,79.79,79.79,2,0,Settled
TRD-108793,25-11-2025,CLI-1052,Equities,631843.49,253.77,253.77,1,0,Settled
TRD-108794,12-01-2025,CLI-1033,Equities,886108.73,235.92,235.92,1,1,System Lag
TRD-108795,04-02-2025,CLI-1132,Equities,1316348.83,612.75,612.75,1,0,Settled
TRD-108796,16-08-2025,CLI-1085,Equities,275609.71,98.58,98.58,0,0,Settled
TRD-108797,08-08-2025,CLI-1119,FX Options,684531.66,222.98,222.98,1,0,Settled
TRD-108798,21-05-2025,CLI-1032,OTC Derivatives,48804.01,6.26,8.25,5,1,System Lag
TRD-108799,23-01-2025,CLI-1026,OTC Derivatives,39625.59,15.54,19.06,1,0,Settled
TRD-108800,24-03-2025,CLI-1139,FX Options,76650.28,28.7,28.7,1,0,Settled
TRD-108801,17-08-2025,CLI-1111,Equities,307619.37,109.52,109.52,2,0,Settled
TRD-108802,10-12-2025,CLI-1017,Equities,128672.86,26.66,26.66,5,0,Settled
TRD-108803,21-03-2025,CLI-1088,Equities,179084.3,85.73,85.73,0,0,Settled
TRD-108804,19-12-2025,CLI-1029,OTC Derivatives,531891.87,121.62,121.62,0,0,Settled
TRD-108805,17-10-2025,CLI-1036,Fixed Income,231990.33,37.33,37.33,1,0,Settled
TRD-108806,27-11-2025,CLI-1041,Equities,417512.3,206.62,206.62,1,0,Settled
TRD-108807,08-06-2025,CLI-1015,Equities,275857.61,109.93,109.93,0,0,Settled
TRD-108808,08-05-2025,CLI-1026,Fixed Income,102544.24,27.27,27.27,1,0,Settled
TRD-108809,09-07-2025,CLI-1094,Fixed Income,48451.32,22.98,22.98,0,0,Settled
TRD-108810,31-01-2025,CLI-1105,OTC Derivatives,144745.27,19.75,19.75,1,0,Settled
TRD-108811,25-12-2025,CLI-1077,Equities,39716.04,5.36,5.36,2,0,Settled
TRD-108812,15-01-2025,CLI-1016,FX Options,491968.97,183.49,183.49,0,0,Settled
TRD-108813,09-11-2025,CLI-1122,Fixed Income,804125.97,137.66,137.66,1,0,Settled
TRD-108814,16-03-2025,CLI-1005,OTC Derivatives,217561.37,101.57,101.57,3,1,SSI Mismatch
TRD-108815,03-02-2025,CLI-1082,FX Options,254785.76,111.12,111.12,1,0,Settled
TRD-108816,25-12-2025,CLI-1137,FX Options,856929.22,190.71,190.71,0,0,Settled
TRD-108817,15-07-2025,CLI-1119,Equities,135908.44,61.91,61.91,1,0,Settled
TRD-108818,27-11-2025,CLI-1030,Equities,73439.79,8.6,11.64,2,0,Settled
TRD-108819,29-01-2025,CLI-1002,Fixed Income,357692.96,114.27,114.27,1,1,Margin Breach
TRD-108820,13-07-2025,CLI-1091,Fixed Income,529497.86,251.1,251.1,1,0,Settled
TRD-108821,16-01-2025,CLI-1111,Fixed Income,467713.58,206.8,206.8,1,0,Settled
TRD-108822,18-03-2025,CLI-1138,FX Options,635659.83,154.1,154.1,1,0,Settled
TRD-108823,20-10-2025,CLI-1030,Equities,39212.59,6.79,6.79,2,0,Settled
TRD-108824,22-03-2025,CLI-1046,Fixed Income,289484.41,53.33,53.33,2,0,Settled
TRD-108825,04-05-2025,CLI-1077,Equities,146278.86,44.73,44.73,2,0,Settled
TRD-108826,19-01-2025,CLI-1010,OTC Derivatives,721730.81,244.46,244.46,1,0,Settled
TRD-108827,12-04-2025,CLI-1107,FX Options,1040724.13,117.73,117.73,3,1,System Lag
TRD-108828,18-03-2025,CLI-1055,Fixed Income,175180.49,46.5,46.5,0,0,Settled
TRD-108829,17-08-2025,CLI-1005,Equities,60030.67,25.94,25.94,1,1,SSI Mismatch
TRD-108830,24-10-2025,CLI-1128,OTC Derivatives,156131.58,43.36,43.36,1,0,Settled
TRD-108831,22-07-2025,CLI-1075,Fixed Income,64912.17,10.88,10.88,1,0,Settled
TRD-108832,02-03-2025,CLI-1001,Equities,204615.42,98.61,114.98,1,0,Settled
TRD-108833,26-01-2025,CLI-1079,OTC Derivatives,396310.15,81.84,81.84,3,1,Custodian Delay
TRD-108834,12-03-2025,CLI-1105,FX Options,1828731.22,766.92,766.92,1,0,Settled
TRD-108835,13-04-2025,CLI-1124,Fixed Income,264888.3,47.02,47.02,0,0,Settled
TRD-108836,22-11-2025,CLI-1032,Fixed Income,134256.27,36.15,36.15,2,0,Settled
TRD-108837,29-12-2025,CLI-1065,Equities,101241.83,29.98,29.98,0,0,Settled
TRD-108838,06-06-2025,CLI-1126,Fixed Income,104999.33,31.53,31.53,1,0,Settled
TRD-108839,29-12-2025,CLI-1105,Fixed Income,116966.6,35.86,35.86,3,1,SSI Mismatch
TRD-108840,25-12-2025,CLI-1115,Equities,728303.59,138.36,138.36,1,0,Settled
TRD-108841,13-07-2025,CLI-1072,Equities,41484.66,12.71,12.71,0,0,Settled
TRD-108842,02-10-2025,CLI-1007,Equities,2986642.75,874.15,874.15,0,0,Settled
TRD-108843,20-11-2025,CLI-1130,Equities,379790.77,69.69,69.69,3,0,Settled
TRD-108844,05-07-2025,CLI-1138,Fixed Income,402929.45,199.56,199.56,4,0,Settled
TRD-108845,22-11-2025,CLI-1000,Fixed Income,231243.94,103.19,103.19,1,1,SSI Mismatch
TRD-108846,23-04-2025,CLI-1090,Fixed Income,596003.53,271.2,271.2,2,0,Settled
TRD-108847,09-11-2025,CLI-1033,Equities,328814.93,123.05,150.26,3,0,Settled
TRD-108848,14-06-2025,CLI-1106,Fixed Income,209538.74,34.36,34.36,0,0,Settled
TRD-108849,02-03-2025,CLI-1031,OTC Derivatives,164036.55,53.68,53.68,0,0,Settled
TRD-108850,02-04-2025,CLI-1060,Fixed Income,1309493.92,561.22,733.08,2,0,Settled
TRD-108851,13-10-2025,CLI-1005,FX Options,181942.48,21.01,21.01,1,0,Settled
TRD-108852,02-06-2025,CLI-1103,Fixed Income,296699.27,88.52,88.52,2,0,Settled
TRD-108853,13-08-2025,CLI-1096,Fixed Income,225654.14,58.32,58.32,2,0,Settled
TRD-108854,07-05-2025,CLI-1034,Equities,55060.19,10.18,10.18,0,0,Settled
TRD-108855,12-07-2025,CLI-1010,Fixed Income,112857.16,28.36,28.36,4,0,Settled
TRD-108856,25-04-2025,CLI-1141,OTC Derivatives,115053.19,56.77,56.77,2,1,SSI Mismatch
TRD-108857,19-09-2025,CLI-1108,FX Options,601512.73,234.17,234.17,0,0,Settled
TRD-108858,18-01-2025,CLI-1044,FX Options,270930.99,59.55,59.55,0,0,Settled
TRD-108859,10-01-2025,CLI-1025,Equities,771555.72,263.98,368.45,1,1,Custodian Delay
TRD-108860,02-04-2025,CLI-1039,Fixed Income,627131.69,124.59,124.59,3,0,Settled
TRD-108861,19-05-2025,CLI-1078,Fixed Income,116627.41,40.16,40.16,2,0,Settled
TRD-108862,29-11-2025,CLI-1091,Fixed Income,423815.99,194.31,194.31,3,0,Settled
TRD-108863,23-12-2025,CLI-1094,Equities,689162.29,222.43,222.43,0,0,Settled
TRD-108864,06-12-2025,CLI-1065,OTC Derivatives,511255.2,201.1,201.1,3,1,SSI Mismatch
TRD-108865,21-02-2025,CLI-1149,FX Options,468166,131.71,131.71,1,0,Settled
TRD-108866,14-07-2025,CLI-1058,Fixed Income,682789.09,211.43,211.43,2,0,Settled
TRD-108867,25-07-2025,CLI-1081,Equities,39228.25,14.83,14.83,1,0,Settled
TRD-108868,14-10-2025,CLI-1034,Equities,667306.85,283.58,283.58,1,0,Settled
TRD-108869,03-04-2025,CLI-1110,Fixed Income,169177.36,61.54,61.54,2,1,Margin Breach
TRD-108870,05-11-2025,CLI-1069,Equities,434166.83,213.17,213.17,1,0,Settled
TRD-108871,25-05-2025,CLI-1131,FX Options,148737.17,63.65,63.65,0,0,Settled
TRD-108872,27-03-2025,CLI-1093,Fixed Income,922609.23,379.07,379.07,1,0,Settled
TRD-108873,02-06-2025,CLI-1100,Fixed Income,337501.36,147.84,147.84,0,0,Settled
TRD-108874,02-01-2025,CLI-1007,Fixed Income,524927.42,111.54,111.54,0,0,Settled
TRD-108875,08-12-2025,CLI-1052,Equities,800138.73,218.29,218.29,1,1,System Lag
TRD-108876,17-09-2025,CLI-1084,FX Options,1138400.94,370.87,370.87,0,0,Settled
TRD-108877,13-06-2025,CLI-1030,Fixed Income,668500.02,190.49,190.49,1,0,Settled
TRD-108878,06-01-2025,CLI-1021,FX Options,90535.62,39.74,39.74,2,0,Settled
TRD-108879,29-05-2025,CLI-1141,Fixed Income,973900.84,107.93,107.93,1,1,SSI Mismatch
TRD-108880,24-07-2025,CLI-1032,OTC Derivatives,491924.34,90.35,90.35,0,0,Settled
TRD-108881,28-04-2025,CLI-1143,Equities,480099.33,217.33,301.44,2,0,Settled
TRD-108882,30-03-2025,CLI-1017,Fixed Income,1281313.81,158.42,158.42,0,0,Settled
TRD-108883,03-06-2025,CLI-1143,OTC Derivatives,153062.68,29.2,29.2,5,1,System Lag
TRD-108884,16-06-2025,CLI-1029,OTC Derivatives,146947.19,35.34,35.34,4,1,System Lag
TRD-108885,10-06-2025,CLI-1119,OTC Derivatives,369944.34,148.09,148.09,2,0,Settled
TRD-108886,27-09-2025,CLI-1107,Equities,704876.3,228.43,228.43,0,0,Settled
TRD-108887,25-02-2025,CLI-1139,FX Options,306416.32,147.64,147.64,2,0,Settled
TRD-108888,16-08-2025,CLI-1013,FX Options,512412.62,97.95,97.95,0,0,Settled
TRD-108889,03-12-2025,CLI-1103,Equities,311218.99,139.69,139.69,0,0,Settled
TRD-108890,29-05-2025,CLI-1100,FX Options,481300.9,102.6,102.6,2,0,Settled
TRD-108891,15-02-2025,CLI-1133,Equities,873723.21,173.17,173.17,4,0,Settled
TRD-108892,24-05-2025,CLI-1012,Fixed Income,109516.22,32.78,32.78,3,0,Settled
TRD-108893,26-08-2025,CLI-1124,Equities,604342.68,77.65,77.65,4,1,System Lag
TRD-108894,29-09-2025,CLI-1080,FX Options,784231.94,198.98,198.98,0,0,Settled
TRD-108895,30-04-2025,CLI-1070,Equities,306299.38,74.21,74.21,0,0,Settled
TRD-108896,06-12-2025,CLI-1100,Fixed Income,205214.54,33.66,33.66,2,0,Settled
TRD-108897,08-08-2025,CLI-1068,Fixed Income,16818.44,7.47,7.47,3,0,Settled
TRD-108898,08-01-2025,CLI-1097,Equities,807533.39,205.4,261.55,1,0,Settled
TRD-108899,10-12-2025,CLI-1141,Fixed Income,208702.83,102.84,102.84,0,0,Settled
TRD-108900,02-10-2025,CLI-1126,Equities,231045.98,106.25,139.75,0,0,Settled
TRD-108901,19-12-2025,CLI-1081,OTC Derivatives,214741.21,38.21,51.95,1,0,Settled
TRD-108902,07-03-2025,CLI-1090,FX Options,355314.51,107.32,124.09,1,0,Settled
TRD-108903,20-03-2025,CLI-1025,OTC Derivatives,616169.81,209.94,209.94,0,0,Settled
TRD-108904,27-03-2025,CLI-1027,OTC Derivatives,748904.76,320.22,320.22,0,0,Settled
TRD-108905,04-05-2025,CLI-1064,Equities,259259.76,117.77,117.77,2,1,Margin Breach
TRD-108906,21-07-2025,CLI-1012,Equities,553987.58,193.68,193.68,0,0,Settled
TRD-108907,30-05-2025,CLI-1098,Fixed Income,647706.21,73.87,73.87,1,0,Settled
TRD-108908,15-02-2025,CLI-1119,Equities,186140.4,54.45,54.45,2,0,Settled
TRD-108909,23-04-2025,CLI-1085,FX Options,60806.81,27.6,27.6,1,0,Settled
TRD-108910,01-04-2025,CLI-1002,Equities,1135308.19,437.82,437.82,0,0,Settled
TRD-108911,21-05-2025,CLI-1049,FX Options,575231.03,257.74,257.74,5,1,System Lag
TRD-108912,16-10-2025,CLI-1084,Equities,532218.91,196.73,196.73,1,0,Settled
TRD-108913,06-08-2025,CLI-1128,OTC Derivatives,40354.27,4.75,4.75,0,0,Settled
TRD-108914,18-03-2025,CLI-1098,Equities,861525.67,419.74,419.74,1,0,Settled
TRD-108915,30-11-2025,CLI-1051,Equities,427417.77,199.69,199.69,0,0,Settled
TRD-108916,01-06-2025,CLI-1009,OTC Derivatives,951557.32,143.33,143.33,1,0,Settled
TRD-108917,19-11-2025,CLI-1087,Equities,1845739.54,267.77,267.77,0,0,Settled
TRD-108918,27-08-2025,CLI-1051,OTC Derivatives,1584445.47,500.1,500.1,0,0,Settled
TRD-108919,25-04-2025,CLI-1007,Fixed Income,979281.32,394.47,394.47,5,1,Margin Breach
TRD-108920,15-11-2025,CLI-1057,Equities,15503.87,3.92,3.92,2,0,Settled
TRD-108921,04-04-2025,CLI-1131,FX Options,1094583.39,169.17,169.17,1,0,Settled
TRD-108922,17-02-2025,CLI-1033,Fixed Income,49014.46,14.91,14.91,0,0,Settled
TRD-108923,10-07-2025,CLI-1024,OTC Derivatives,962555.82,226.23,226.23,0,0,Settled
TRD-108924,12-01-2025,CLI-1137,Fixed Income,174372.93,41.97,41.97,2,0,Settled
TRD-108925,05-06-2025,CLI-1119,Fixed Income,480891.89,172.16,172.16,1,0,Settled
TRD-108926,21-06-2025,CLI-1099,Equities,29405.88,13.36,13.36,1,0,Settled
TRD-108927,23-10-2025,CLI-1130,Equities,747413.51,241.74,241.74,2,0,Settled
TRD-108928,26-06-2025,CLI-1114,Fixed Income,69226.32,25.96,25.96,2,0,Settled
TRD-108929,07-12-2025,CLI-1125,Fixed Income,274399.91,99.88,99.88,2,0,Settled
TRD-108930,26-02-2025,CLI-1002,Equities,860354.64,275.71,275.71,1,1,SSI Mismatch
TRD-108931,09-12-2025,CLI-1063,Fixed Income,604294.2,135.55,135.55,1,0,Settled
TRD-108932,06-12-2025,CLI-1122,Fixed Income,13030.51,3.27,3.95,3,0,Settled
TRD-108933,22-07-2025,CLI-1135,Equities,267946.16,60.63,60.63,1,0,Settled
TRD-108934,04-07-2025,CLI-1060,Equities,31415.92,14.67,14.67,2,1,System Lag
TRD-108935,01-05-2025,CLI-1115,Fixed Income,569662.45,245.32,245.32,0,0,Settled
TRD-108936,14-08-2025,CLI-1026,Equities,1746053.95,579.23,579.23,0,1,System Lag
TRD-108937,21-07-2025,CLI-1072,Equities,542484.22,252.2,252.2,0,0,Settled
TRD-108938,26-11-2025,CLI-1019,Equities,137041.41,62.29,62.29,3,0,Settled
TRD-108939,29-12-2025,CLI-1099,FX Options,229433.16,108.08,108.08,0,0,Settled
TRD-108940,22-12-2025,CLI-1137,OTC Derivatives,1888591.05,356.4,356.4,0,0,Settled
TRD-108941,04-08-2025,CLI-1027,Equities,136835.15,52.96,52.96,0,0,Settled
TRD-108942,12-02-2025,CLI-1129,Equities,422230.89,145.12,145.12,3,0,Settled
TRD-108943,23-01-2025,CLI-1128,OTC Derivatives,265791.13,104.6,104.6,3,0,Settled
TRD-108944,04-06-2025,CLI-1130,Fixed Income,741188.94,152.2,152.2,3,1,Margin Breach
TRD-108945,05-07-2025,CLI-1068,OTC Derivatives,1020168.65,385.55,385.55,1,1,Margin Breach
TRD-108946,06-09-2025,CLI-1117,FX Options,218392.42,57.64,57.64,0,0,Settled
TRD-108947,25-08-2025,CLI-1007,Fixed Income,549988.06,238.5,238.5,1,0,Settled
TRD-108948,20-10-2025,CLI-1143,Equities,408196.85,170.69,170.69,1,1,Margin Breach
TRD-108949,14-05-2025,CLI-1075,OTC Derivatives,173172.98,31.96,31.96,1,0,Settled
TRD-108950,17-11-2025,CLI-1141,FX Options,168686.46,29.27,29.27,1,0,Settled
TRD-108951,22-01-2025,CLI-1125,Fixed Income,396779.26,153.59,153.59,0,0,Settled
TRD-108952,27-12-2025,CLI-1032,Fixed Income,93619.66,29.98,29.98,1,0,Settled
TRD-108953,29-03-2025,CLI-1042,Equities,842501.47,272.03,272.03,1,0,Settled
TRD-108954,02-06-2025,CLI-1041,Equities,45750.6,18.35,18.35,3,1,System Lag
TRD-108955,05-05-2025,CLI-1045,OTC Derivatives,59675.13,26.38,26.38,2,0,Settled
TRD-108956,20-03-2025,CLI-1110,FX Options,219447.17,42.92,42.92,2,0,Settled
TRD-108957,12-12-2025,CLI-1087,Fixed Income,72833.63,23.47,23.47,1,0,Settled
TRD-108958,20-02-2025,CLI-1001,OTC Derivatives,332845.64,143.65,143.65,1,0,Settled
TRD-108959,04-08-2025,CLI-1101,Equities,265142.79,119.08,119.08,2,0,Settled
TRD-108960,25-06-2025,CLI-1069,Equities,649725.11,139.67,139.67,1,0,Settled
TRD-108961,24-12-2025,CLI-1032,Fixed Income,1538848.04,218,218,0,0,Settled
TRD-108962,10-09-2025,CLI-1058,Equities,710315.49,137.18,137.18,2,1,Margin Breach
TRD-108963,03-09-2025,CLI-1087,Fixed Income,108889.4,52.07,52.07,0,0,Settled
TRD-108964,15-08-2025,CLI-1112,Equities,1380710.06,393.49,393.49,1,0,Settled
TRD-108965,16-04-2025,CLI-1145,OTC Derivatives,258899.94,69.24,87.03,1,0,Settled
TRD-108966,12-07-2025,CLI-1088,OTC Derivatives,331407.07,34.88,34.88,1,0,Settled
TRD-108967,12-11-2025,CLI-1028,Fixed Income,283724.26,34.16,34.16,1,0,Settled
TRD-108968,29-10-2025,CLI-1060,Equities,174632.06,64.17,64.17,0,1,Custodian Delay
TRD-108969,05-02-2025,CLI-1115,Fixed Income,1137108.4,381.99,381.99,2,0,Settled
TRD-108970,23-07-2025,CLI-1076,FX Options,211912.38,69.98,69.98,1,0,Settled
TRD-108971,24-09-2025,CLI-1112,Fixed Income,442082.2,63.72,63.72,0,0,Settled
TRD-108972,25-09-2025,CLI-1076,Equities,147240.52,35.46,35.46,0,0,Settled
TRD-108973,19-06-2025,CLI-1147,Equities,808200.07,343.44,343.44,3,1,SSI Mismatch
TRD-108974,08-02-2025,CLI-1066,Equities,754049.85,128.16,128.16,0,0,Settled
TRD-108975,19-05-2025,CLI-1101,Equities,185710.2,84.14,84.14,3,1,Margin Breach
TRD-108976,19-10-2025,CLI-1102,OTC Derivatives,582151.3,86.5,86.5,1,0,Settled
TRD-108977,21-02-2025,CLI-1141,OTC Derivatives,618484.33,103.69,103.69,1,0,Settled
TRD-108978,14-10-2025,CLI-1011,Equities,423352.33,123.24,123.24,1,0,Settled
TRD-108979,16-10-2025,CLI-1032,Equities,468893.9,224.19,224.19,0,0,Settled
TRD-108980,21-05-2025,CLI-1080,Equities,437191.86,101.35,101.35,0,0,Settled
TRD-108981,26-05-2025,CLI-1106,FX Options,52705.1,19.15,19.15,0,0,Settled
TRD-108982,10-11-2025,CLI-1011,Fixed Income,564733.51,189.45,189.45,0,0,Settled
TRD-108983,03-07-2025,CLI-1044,Fixed Income,327226.93,52.31,52.31,0,0,Settled
TRD-108984,01-06-2025,CLI-1025,Fixed Income,298533.71,59.49,59.49,0,0,Settled
TRD-108985,20-07-2025,CLI-1100,Fixed Income,993053.64,468.78,468.78,0,0,Settled
TRD-108986,08-05-2025,CLI-1139,Equities,21750.35,3.78,4.67,1,0,Settled
TRD-108987,14-10-2025,CLI-1056,Equities,154718.42,58.48,58.48,2,0,Settled
TRD-108988,07-11-2025,CLI-1125,Fixed Income,74714.77,36.3,36.3,1,0,Settled
TRD-108989,10-09-2025,CLI-1131,Fixed Income,27990.33,4.14,4.14,1,0,Settled
TRD-108990,23-09-2025,CLI-1009,Equities,171258.93,44.47,44.47,1,0,Settled
TRD-108991,07-07-2025,CLI-1048,Equities,2241673.57,424.96,424.96,4,1,Margin Breach
TRD-108992,18-08-2025,CLI-1044,Equities,167512.37,31.6,31.6,1,0,Settled
TRD-108993,28-09-2025,CLI-1046,Fixed Income,554884.48,81.9,81.9,1,0,Settled
TRD-108994,16-09-2025,CLI-1102,Fixed Income,72951.08,26.25,26.25,0,0,Settled
TRD-108995,26-10-2025,CLI-1011,FX Options,470460.25,187.5,258.47,1,1,Custodian Delay
TRD-108996,17-07-2025,CLI-1149,Equities,2092860.67,775.86,775.86,1,0,Settled
TRD-108997,19-11-2025,CLI-1084,Equities,182540.86,85.77,85.77,2,0,Settled
TRD-108998,25-02-2025,CLI-1014,Equities,952186.18,150.7,150.7,3,0,Settled
TRD-108999,15-11-2025,CLI-1102,Fixed Income,3020216.12,688.42,688.42,1,0,Settled
TRD-109000,22-07-2025,CLI-1065,Fixed Income,454038.86,107.98,107.98,1,1,System Lag
TRD-109001,28-09-2025,CLI-1078,OTC Derivatives,195098.04,37.62,37.62,2,0,Settled
TRD-109002,19-04-2025,CLI-1119,Equities,569710.54,89.38,89.38,1,1,Custodian Delay
TRD-109003,26-04-2025,CLI-1081,Fixed Income,941675.66,277.49,277.49,3,0,Settled
TRD-109004,02-04-2025,CLI-1042,OTC Derivatives,103978.85,45.1,45.1,2,0,Settled
TRD-109005,18-05-2025,CLI-1092,FX Options,311210.81,149.95,149.95,0,0,Settled
TRD-109006,30-10-2025,CLI-1144,FX Options,202234.32,30.69,30.69,0,0,Settled
TRD-109007,26-02-2025,CLI-1057,OTC Derivatives,176590.13,75.8,75.8,1,0,Settled
TRD-109008,19-02-2025,CLI-1008,FX Options,995998.14,428.11,428.11,2,0,Settled
TRD-109009,12-03-2025,CLI-1020,Equities,283791.49,72.53,72.53,2,0,Settled
TRD-109010,23-03-2025,CLI-1103,Equities,217058.47,31.26,31.26,0,0,Settled
TRD-109011,15-04-2025,CLI-1064,Equities,472552.91,234.39,234.39,1,0,Settled
TRD-109012,29-03-2025,CLI-1072,OTC Derivatives,133847.22,48.48,48.48,1,0,Settled
TRD-109013,02-01-2025,CLI-1035,FX Options,140613.22,69.31,69.31,0,0,Settled
TRD-109014,26-12-2025,CLI-1094,Equities,377285.44,110.72,110.72,3,0,Settled
TRD-109015,25-03-2025,CLI-1029,Fixed Income,273200.42,70.51,70.51,1,0,Settled
TRD-109016,12-02-2025,CLI-1016,OTC Derivatives,184766.24,36.75,36.75,1,0,Settled
TRD-109017,03-06-2025,CLI-1104,FX Options,37730.53,18.62,18.62,3,0,Settled
TRD-109018,23-11-2025,CLI-1051,Fixed Income,377791.74,76.05,76.05,1,0,Settled
TRD-109019,04-04-2025,CLI-1113,FX Options,858067.96,93.96,93.96,3,0,Settled
TRD-109020,25-10-2025,CLI-1091,Equities,963171.88,293.76,293.76,2,0,Settled
TRD-109021,13-05-2025,CLI-1087,Equities,144227.37,36.18,36.18,3,0,Settled
TRD-109022,06-03-2025,CLI-1036,Fixed Income,467697.07,95.67,95.67,1,0,Settled
TRD-109023,17-10-2025,CLI-1098,Equities,978559.04,346.26,346.26,1,0,Settled
TRD-109024,14-09-2025,CLI-1091,Equities,272737.81,67.01,88.76,2,0,Settled
TRD-109025,01-08-2025,CLI-1141,OTC Derivatives,1355130.81,353.55,353.55,0,0,Settled
TRD-109026,28-05-2025,CLI-1035,OTC Derivatives,1176411.49,128.49,128.49,0,1,System Lag
TRD-109027,02-03-2025,CLI-1057,OTC Derivatives,126681.48,42.52,42.52,0,1,Margin Breach
TRD-109028,29-05-2025,CLI-1133,Equities,159853.6,23.79,27.6,1,0,Settled
TRD-109029,29-03-2025,CLI-1061,Fixed Income,109495.05,20.31,25.58,2,0,Settled
TRD-109030,20-11-2025,CLI-1037,Equities,119111.81,46.08,46.08,0,0,Settled
TRD-109031,05-10-2025,CLI-1114,Equities,1202234.39,270.86,270.86,3,1,System Lag
TRD-109032,23-03-2025,CLI-1008,Fixed Income,1347824.73,222.77,222.77,1,0,Settled
TRD-109033,09-05-2025,CLI-1012,Equities,36646.19,12.13,12.13,1,0,Settled
TRD-109034,13-10-2025,CLI-1079,Equities,460212.82,85.58,118.53,2,0,Settled
TRD-109035,19-12-2025,CLI-1110,OTC Derivatives,425322.14,88.63,88.63,0,0,Settled
TRD-109036,07-10-2025,CLI-1112,Equities,257597.25,89.78,89.78,0,0,Settled
TRD-109037,27-09-2025,CLI-1022,FX Options,509425.46,201.7,201.7,0,0,Settled
TRD-109038,19-10-2025,CLI-1032,Fixed Income,1482213.83,586.75,586.75,0,0,Settled
TRD-109039,22-07-2025,CLI-1053,FX Options,103318.36,30.26,30.26,1,0,Settled
TRD-109040,24-01-2025,CLI-1044,Equities,74150.21,20.89,26.67,2,1,System Lag
TRD-109041,17-12-2025,CLI-1047,Fixed Income,26980.38,11.2,11.2,0,0,Settled
TRD-109042,07-11-2025,CLI-1084,Equities,236147.33,41.85,41.85,2,1,Margin Breach
TRD-109043,27-07-2025,CLI-1067,OTC Derivatives,215964.33,34.74,34.74,1,1,System Lag
TRD-109044,07-10-2025,CLI-1060,Equities,291779,106.76,106.76,1,0,Settled
TRD-109045,24-07-2025,CLI-1105,Equities,359894.63,94.94,94.94,1,0,Settled
TRD-109046,01-06-2025,CLI-1051,OTC Derivatives,719045.26,276.11,276.11,3,0,Settled
TRD-109047,26-01-2025,CLI-1040,Equities,258883.46,52.46,66.38,1,0,Settled
TRD-109048,13-07-2025,CLI-1149,Equities,210696.54,48.45,48.45,1,0,Settled
TRD-109049,02-12-2025,CLI-1041,Equities,886881.73,406.79,406.79,0,0,Settled
TRD-109050,26-08-2025,CLI-1057,Fixed Income,957882.69,257.35,257.35,0,0,Settled
TRD-109051,17-11-2025,CLI-1051,Equities,142481.7,47.93,47.93,1,1,Margin Breach
TRD-109052,16-03-2025,CLI-1052,Fixed Income,198928.73,28.38,28.38,1,0,Settled
TRD-109053,12-06-2025,CLI-1048,Equities,881817.25,151.26,151.26,0,0,Settled
TRD-109054,26-10-2025,CLI-1140,Fixed Income,51369.3,5.87,5.87,0,0,Settled
TRD-109055,29-01-2025,CLI-1035,OTC Derivatives,207148.93,55.88,55.88,1,0,Settled
TRD-109056,14-06-2025,CLI-1040,Fixed Income,307420.84,152.35,152.35,3,0,Settled
TRD-109057,03-12-2025,CLI-1146,Fixed Income,113556.13,51.05,51.05,1,0,Settled
TRD-109058,05-07-2025,CLI-1121,Equities,109173.15,38.56,38.56,1,0,Settled
TRD-109059,23-02-2025,CLI-1118,Equities,286572.68,127.36,127.36,1,0,Settled
TRD-109060,22-10-2025,CLI-1023,Equities,712273.41,240.51,240.51,1,0,Settled
TRD-109061,11-02-2025,CLI-1062,Fixed Income,927019.32,229.44,270.51,1,0,Settled
TRD-109062,12-10-2025,CLI-1054,Fixed Income,1947245.43,329.9,329.9,2,0,Settled
TRD-109063,18-05-2025,CLI-1122,FX Options,48431.91,17.49,17.49,1,0,Settled
TRD-109064,06-07-2025,CLI-1131,Equities,132108.4,23.41,23.41,1,1,Margin Breach
TRD-109065,23-07-2025,CLI-1024,Fixed Income,716585.86,191.31,191.31,1,0,Settled
TRD-109066,11-02-2025,CLI-1060,Fixed Income,398915.59,171.66,171.66,3,1,Custodian Delay
TRD-109067,16-12-2025,CLI-1030,Fixed Income,208510.26,31.63,31.63,1,0,Settled
TRD-109068,15-10-2025,CLI-1148,OTC Derivatives,125077.58,18.96,18.96,2,0,Settled
TRD-109069,26-01-2025,CLI-1093,Equities,174583.78,33.13,33.13,1,0,Settled
TRD-109070,25-02-2025,CLI-1004,Equities,290436.12,93.16,124.36,1,0,Settled
TRD-109071,10-09-2025,CLI-1067,Fixed Income,107491.42,21.57,21.57,0,0,Settled
TRD-109072,02-05-2025,CLI-1132,Equities,1675266.34,504.72,504.72,1,1,System Lag
TRD-109073,16-04-2025,CLI-1143,Equities,66913.93,14.77,14.77,4,0,Settled
TRD-109074,10-05-2025,CLI-1090,Equities,2129480.62,644.16,644.16,1,0,Settled
TRD-109075,03-12-2025,CLI-1139,Equities,932242.53,196.75,196.75,1,1,System Lag
TRD-109076,07-06-2025,CLI-1120,Fixed Income,285087.91,140.26,140.26,1,0,Settled
TRD-109077,19-08-2025,CLI-1108,Equities,683183.75,202.97,202.97,0,0,Settled
TRD-109078,04-11-2025,CLI-1097,Fixed Income,566632.42,225.21,225.21,1,1,SSI Mismatch
TRD-109079,01-04-2025,CLI-1128,Fixed Income,129945.83,49.41,49.41,3,1,System Lag
TRD-109080,22-01-2025,CLI-1077,Fixed Income,217053.74,64.3,64.3,0,0,Settled
TRD-109081,17-10-2025,CLI-1047,FX Options,369871.43,72.33,72.33,1,0,Settled
TRD-109082,20-04-2025,CLI-1119,Equities,517840.36,157.57,157.57,1,0,Settled
TRD-109083,18-02-2025,CLI-1082,FX Options,401421.06,149.48,149.48,1,1,SSI Mismatch
TRD-109084,09-05-2025,CLI-1093,Fixed Income,330265.47,93.78,93.78,1,0,Settled
TRD-109085,14-03-2025,CLI-1022,OTC Derivatives,302731.73,40.19,40.19,0,0,Settled
TRD-109086,06-12-2025,CLI-1068,Fixed Income,354841.09,38.04,38.04,3,1,SSI Mismatch
TRD-109087,22-02-2025,CLI-1119,Fixed Income,294891.23,68.16,68.16,1,0,Settled
TRD-109088,22-12-2025,CLI-1098,OTC Derivatives,399712.23,63.99,63.99,0,0,Settled
TRD-109089,17-06-2025,CLI-1070,OTC Derivatives,1104562.58,510.83,510.83,0,0,Settled
TRD-109090,14-02-2025,CLI-1127,Equities,510964.23,87.03,87.03,2,0,Settled
TRD-109091,15-04-2025,CLI-1086,Equities,651185.01,167.82,167.82,2,0,Settled
TRD-109092,30-05-2025,CLI-1107,Fixed Income,465009.14,178.95,178.95,0,0,Settled
TRD-109093,26-05-2025,CLI-1070,FX Options,525034.51,223.75,293.1,0,0,Settled
TRD-109094,23-07-2025,CLI-1020,Equities,441789.64,128.6,159.88,2,0,Settled
TRD-109095,28-12-2025,CLI-1126,Fixed Income,23617.01,4.07,4.07,1,0,Settled
TRD-109096,26-10-2025,CLI-1059,OTC Derivatives,3920004.83,816.76,816.76,0,0,Settled
TRD-109097,16-06-2025,CLI-1054,OTC Derivatives,27093.51,7.25,7.25,2,0,Settled
TRD-109098,20-07-2025,CLI-1124,Fixed Income,261385.75,64.26,75.6,0,0,Settled
TRD-109099,14-05-2025,CLI-1106,Fixed Income,65530.41,15.69,15.69,1,0,Settled
TRD-109100,30-07-2025,CLI-1110,FX Options,60976.75,9.31,9.31,2,0,Settled
TRD-109101,17-02-2025,CLI-1067,Fixed Income,798792.7,371.7,371.7,2,0,Settled
TRD-109102,06-05-2025,CLI-1087,OTC Derivatives,287498.29,32.17,32.17,1,0,Settled
TRD-109103,27-08-2025,CLI-1094,Equities,817573.86,225.65,225.65,2,1,Margin Breach
TRD-109104,07-01-2025,CLI-1011,Fixed Income,169267.57,83.3,83.3,2,0,Settled
TRD-109105,29-09-2025,CLI-1107,Equities,158168.23,57.56,57.56,0,0,Settled
TRD-109106,06-02-2025,CLI-1135,Equities,154662.63,37.45,43.62,0,0,Settled
TRD-109107,30-07-2025,CLI-1016,OTC Derivatives,488746.02,77.44,77.44,1,0,Settled
TRD-109108,14-06-2025,CLI-1042,Fixed Income,853698.08,414.51,414.51,3,0,Settled
TRD-109109,05-05-2025,CLI-1008,Fixed Income,310978.2,32.84,32.84,2,1,Margin Breach
TRD-109110,03-12-2025,CLI-1016,Equities,248412.53,92.55,92.55,1,0,Settled
TRD-109111,11-07-2025,CLI-1143,Fixed Income,1826808.55,825.82,825.82,1,0,Settled
TRD-109112,06-08-2025,CLI-1050,Fixed Income,72075.78,7.93,7.93,1,1,SSI Mismatch
TRD-109113,02-08-2025,CLI-1034,Fixed Income,343381.84,133.94,133.94,0,0,Settled
TRD-109114,03-03-2025,CLI-1051,Equities,272536.45,136.14,136.14,1,0,Settled
TRD-109115,24-11-2025,CLI-1076,OTC Derivatives,61640.56,21.94,30.26,1,0,Settled
TRD-109116,10-06-2025,CLI-1011,OTC Derivatives,166124.26,44.17,44.17,2,0,Settled
TRD-109117,07-03-2025,CLI-1114,Equities,24426.75,10.99,10.99,1,0,Settled
TRD-109118,13-10-2025,CLI-1093,Equities,1057599.68,340.2,340.2,1,0,Settled
TRD-109119,27-08-2025,CLI-1119,Fixed Income,478054.83,191.12,259.65,0,0,Settled
TRD-109120,20-01-2025,CLI-1140,Fixed Income,853749.72,286.1,286.1,1,0,Settled
TRD-109121,07-07-2025,CLI-1012,OTC Derivatives,378606.44,43.66,53.54,0,1,System Lag
TRD-109122,23-03-2025,CLI-1120,Fixed Income,467533.03,86.61,86.61,0,0,Settled
TRD-109123,29-12-2025,CLI-1046,Equities,613412.56,80.67,80.67,0,0,Settled
TRD-109124,21-07-2025,CLI-1147,Equities,1203046.55,171.64,171.64,1,0,Settled
TRD-109125,12-05-2025,CLI-1091,Equities,58118.84,6.17,6.17,3,0,Settled
TRD-109126,06-02-2025,CLI-1035,Equities,210947.04,56.63,56.63,2,0,Settled
TRD-109127,12-05-2025,CLI-1044,Fixed Income,627261.01,107.55,107.55,1,0,Settled
TRD-109128,18-03-2025,CLI-1124,Equities,1599233.71,707.31,707.31,1,0,Settled
TRD-109129,30-03-2025,CLI-1111,FX Options,1986615.99,794.68,794.68,1,0,Settled
TRD-109130,10-09-2025,CLI-1124,OTC Derivatives,518197.83,170.63,170.63,0,0,Settled
TRD-109131,10-12-2025,CLI-1081,OTC Derivatives,117586.75,34.76,34.76,3,1,SSI Mismatch
TRD-109132,13-07-2025,CLI-1086,FX Options,73467.41,14.87,14.87,2,0,Settled
TRD-109133,25-06-2025,CLI-1090,Fixed Income,1469789.89,426.21,426.21,3,1,System Lag
TRD-109134,02-02-2025,CLI-1129,OTC Derivatives,294516.73,104.99,104.99,0,0,Settled
TRD-109135,27-02-2025,CLI-1041,Equities,118342.25,48.86,48.86,2,0,Settled
TRD-109136,20-07-2025,CLI-1103,Equities,1368236.66,181.53,181.53,0,0,Settled
TRD-109137,28-01-2025,CLI-1049,OTC Derivatives,65200.08,25,25,1,0,Settled
TRD-109138,04-02-2025,CLI-1030,Equities,663873.03,263.62,263.62,2,0,Settled
TRD-109139,05-05-2025,CLI-1081,FX Options,500765.45,162.04,162.04,2,1,SSI Mismatch
TRD-109140,17-11-2025,CLI-1079,Fixed Income,55912.2,10.38,10.38,1,0,Settled
TRD-109141,11-02-2025,CLI-1024,OTC Derivatives,216810.74,68.44,68.44,1,0,Settled
TRD-109142,26-03-2025,CLI-1034,Equities,91218.7,27.46,27.46,3,0,Settled
TRD-109143,07-07-2025,CLI-1110,Fixed Income,473800.47,137.54,137.54,1,0,Settled
TRD-109144,21-04-2025,CLI-1072,Equities,334194.98,95,95,1,0,Settled
TRD-109145,28-09-2025,CLI-1033,OTC Derivatives,12142.14,1.75,1.75,0,0,Settled
TRD-109146,21-11-2025,CLI-1022,Equities,1868856.92,323.61,373.54,3,0,Settled
TRD-109147,15-04-2025,CLI-1105,Fixed Income,225072.06,31.27,31.27,2,1,System Lag
TRD-109148,16-11-2025,CLI-1090,Equities,159340.77,31.39,31.39,0,0,Settled
TRD-109149,10-02-2025,CLI-1073,Equities,135799.13,27.89,27.89,0,0,Settled
TRD-109150,03-08-2025,CLI-1015,Fixed Income,96472.37,19.1,19.1,1,0,Settled
TRD-109151,12-03-2025,CLI-1003,Equities,3537592.09,652.23,652.23,1,0,Settled
TRD-109152,25-02-2025,CLI-1094,OTC Derivatives,184856.38,72.86,72.86,5,0,Settled
TRD-109153,24-08-2025,CLI-1067,Equities,270028.63,115.42,115.42,1,0,Settled
TRD-109154,08-10-2025,CLI-1113,Equities,1035352.86,239,239,2,0,Settled
TRD-109155,15-04-2025,CLI-1052,Fixed Income,523454.05,116.23,116.23,0,0,Settled
TRD-109156,11-06-2025,CLI-1141,Equities,239982.62,105.02,105.02,1,1,Custodian Delay
TRD-109157,10-07-2025,CLI-1079,Equities,1153003.81,403.06,403.06,2,0,Settled
TRD-109158,09-01-2025,CLI-1110,OTC Derivatives,702595.89,152.73,152.73,1,0,Settled
TRD-109159,01-03-2025,CLI-1082,Equities,139320.93,53.7,53.7,4,1,Margin Breach
TRD-109160,01-11-2025,CLI-1121,Equities,526045.83,125.11,125.11,3,1,SSI Mismatch
TRD-109161,13-08-2025,CLI-1130,Equities,1288084.25,431.02,547.58,2,0,Settled
TRD-109162,03-11-2025,CLI-1041,Fixed Income,353046.94,175.48,175.48,4,1,SSI Mismatch
TRD-109163,07-07-2025,CLI-1019,Fixed Income,671401.45,148.14,148.14,1,0,Settled
TRD-109164,11-03-2025,CLI-1052,Equities,1782021.62,841.49,841.49,1,0,Settled
TRD-109165,20-10-2025,CLI-1018,OTC Derivatives,596259.91,136.1,136.1,1,0,Settled
TRD-109166,14-10-2025,CLI-1116,Equities,64036.92,20.24,20.24,2,1,Margin Breach
TRD-109167,18-06-2025,CLI-1123,Fixed Income,150227.16,42.66,42.66,2,0,Settled
TRD-109168,03-03-2025,CLI-1116,Equities,462053.18,190.95,190.95,1,0,Settled
TRD-109169,15-12-2025,CLI-1113,Fixed Income,171175.28,21.3,21.3,1,0,Settled
TRD-109170,14-01-2025,CLI-1032,FX Options,1589616.49,557.72,557.72,1,1,Margin Breach
TRD-109171,13-06-2025,CLI-1110,Fixed Income,269892.85,109.11,109.11,1,0,Settled
TRD-109172,02-09-2025,CLI-1097,FX Options,315535.18,91.14,91.14,0,0,Settled
TRD-109173,01-12-2025,CLI-1027,Equities,614663.71,87.35,87.35,1,0,Settled
TRD-109174,08-01-2025,CLI-1047,Equities,381431.1,75.49,100.24,0,0,Settled
TRD-109175,03-06-2025,CLI-1052,Equities,250751.52,93.25,93.25,2,0,Settled
TRD-109176,05-02-2025,CLI-1062,Equities,49866.89,22.85,22.85,0,0,Settled
TRD-109177,17-02-2025,CLI-1141,Equities,463721.98,124.58,124.58,2,0,Settled
TRD-109178,26-03-2025,CLI-1114,Equities,1020888.41,330.94,330.94,0,0,Settled
TRD-109179,28-01-2025,CLI-1052,Fixed Income,588803.01,112.67,112.67,2,1,SSI Mismatch
TRD-109180,15-07-2025,CLI-1025,Equities,250225.01,66.28,66.28,0,0,Settled
TRD-109181,27-07-2025,CLI-1122,Equities,78325.88,18.38,18.38,2,0,Settled
TRD-109182,23-07-2025,CLI-1105,Equities,857329.59,310.53,310.53,2,0,Settled
TRD-109183,03-11-2025,CLI-1072,OTC Derivatives,1431491.54,706.98,706.98,2,0,Settled
TRD-109184,14-04-2025,CLI-1018,Equities,255734.58,108.77,108.77,1,0,Settled
TRD-109185,18-08-2025,CLI-1121,OTC Derivatives,662158.5,117.11,117.11,2,0,Settled
TRD-109186,11-04-2025,CLI-1077,Fixed Income,274463.77,90.87,90.87,0,0,Settled
TRD-109187,29-01-2025,CLI-1130,Fixed Income,358845.68,45.42,45.42,1,0,Settled
TRD-109188,07-05-2025,CLI-1148,Equities,915398.92,181.95,181.95,2,0,Settled
TRD-109189,04-12-2025,CLI-1045,Equities,53555.33,9.04,9.04,1,1,Custodian Delay
TRD-109190,10-01-2025,CLI-1100,Fixed Income,387868.17,90.85,90.85,0,0,Settled
TRD-109191,16-04-2025,CLI-1069,Equities,130793.98,48.59,48.59,1,0,Settled
TRD-109192,16-06-2025,CLI-1056,Equities,217610.73,65.23,65.23,0,0,Settled
TRD-109193,14-09-2025,CLI-1133,Equities,527014.92,249.36,249.36,2,0,Settled
TRD-109194,22-10-2025,CLI-1118,OTC Derivatives,23802.99,4.41,4.41,0,0,Settled
TRD-109195,04-10-2025,CLI-1038,Fixed Income,460485.71,113.13,157.72,0,0,Settled
TRD-109196,06-03-2025,CLI-1125,Fixed Income,176648.21,40.97,40.97,3,0,Settled
TRD-109197,28-09-2025,CLI-1068,Fixed Income,563550.65,109.55,109.55,0,0,Settled
TRD-109198,07-07-2025,CLI-1073,OTC Derivatives,86331.68,42.93,57.62,1,0,Settled
TRD-109199,13-11-2025,CLI-1051,Fixed Income,675546.4,172.19,172.19,0,0,Settled
TRD-109200,18-05-2025,CLI-1110,Fixed Income,528720.57,251.78,251.78,1,0,Settled
TRD-109201,09-12-2025,CLI-1102,FX Options,1784416.74,457.15,457.15,0,0,Settled
TRD-109202,15-04-2025,CLI-1037,OTC Derivatives,1220883.47,221.76,221.76,2,1,Custodian Delay
TRD-109203,03-02-2025,CLI-1070,Equities,176550.97,26.07,26.07,0,0,Settled
TRD-109204,20-04-2025,CLI-1110,Equities,23848.3,10.55,10.55,3,0,Settled
TRD-109205,02-02-2025,CLI-1073,OTC Derivatives,542639.86,61.23,61.23,2,0,Settled
TRD-109206,20-12-2025,CLI-1134,OTC Derivatives,471767.69,229.16,229.16,2,0,Settled
TRD-109207,19-08-2025,CLI-1035,Fixed Income,23905.98,6.39,6.39,0,0,Settled
TRD-109208,13-11-2025,CLI-1049,Fixed Income,75440.33,15.01,15.01,1,0,Settled
TRD-109209,23-09-2025,CLI-1071,Fixed Income,449379.12,155.92,155.92,0,1,SSI Mismatch
TRD-109210,01-07-2025,CLI-1039,Fixed Income,1224228.74,187.51,187.51,2,0,Settled
TRD-109211,06-12-2025,CLI-1039,Fixed Income,1194898.4,153.97,153.97,0,0,Settled
TRD-109212,06-03-2025,CLI-1050,Equities,92133.79,39.72,39.72,2,0,Settled
TRD-109213,29-11-2025,CLI-1089,FX Options,252720.24,68.2,68.2,1,0,Settled
TRD-109214,01-01-2025,CLI-1019,OTC Derivatives,32081.94,9.86,9.86,2,0,Settled
TRD-109215,13-05-2025,CLI-1001,Fixed Income,326752.67,55.77,55.77,0,0,Settled
TRD-109216,21-03-2025,CLI-1109,Equities,709352.45,88.36,88.36,2,0,Settled
TRD-109217,28-09-2025,CLI-1080,Equities,790258.91,195.28,195.28,1,0,Settled
TRD-109218,29-08-2025,CLI-1148,Fixed Income,355564.08,107.54,107.54,1,0,Settled
TRD-109219,28-01-2025,CLI-1038,Fixed Income,60390.88,24.53,24.53,0,0,Settled
TRD-109220,11-08-2025,CLI-1094,Fixed Income,250119.09,75.14,75.14,1,0,Settled
TRD-109221,23-01-2025,CLI-1071,Equities,1354874.06,559.57,559.57,0,0,Settled
TRD-109222,19-04-2025,CLI-1050,Fixed Income,140430.86,20.53,20.53,0,0,Settled
TRD-109223,17-04-2025,CLI-1070,OTC Derivatives,202650.72,25.45,25.45,1,0,Settled
TRD-109224,25-05-2025,CLI-1020,Equities,696841.46,113.96,113.96,0,0,Settled
TRD-109225,20-12-2025,CLI-1057,Fixed Income,671342.11,274.45,274.45,0,0,Settled
TRD-109226,19-05-2025,CLI-1022,OTC Derivatives,1226359.92,495.12,495.12,1,0,Settled
TRD-109227,11-10-2025,CLI-1076,Fixed Income,255608.48,40.01,40.01,1,0,Settled
TRD-109228,25-10-2025,CLI-1118,Fixed Income,371389.68,41.74,41.74,3,0,Settled
TRD-109229,09-04-2025,CLI-1041,Fixed Income,324985.23,121.58,121.58,2,0,Settled
TRD-109230,13-11-2025,CLI-1041,FX Options,1323826.5,585.28,585.28,2,0,Settled
TRD-109231,03-05-2025,CLI-1091,Equities,743384.86,298.58,298.58,2,0,Settled
TRD-109232,16-11-2025,CLI-1095,Fixed Income,900237.03,163.05,191.61,1,0,Settled
TRD-109233,14-10-2025,CLI-1147,Equities,81414.83,27.15,27.15,2,0,Settled
TRD-109234,22-03-2025,CLI-1012,Equities,794740.21,320.24,320.24,2,0,Settled
TRD-109235,10-01-2025,CLI-1126,Equities,293679.26,59.42,59.42,0,1,SSI Mismatch
TRD-109236,08-01-2025,CLI-1065,Equities,21807.67,6.78,6.78,3,1,System Lag
TRD-109237,24-07-2025,CLI-1042,FX Options,40984.7,9.25,9.25,2,0,Settled
TRD-109238,11-11-2025,CLI-1048,FX Options,576458.94,109.66,109.66,1,0,Settled
TRD-109239,16-07-2025,CLI-1090,Equities,242617.46,118.36,118.36,0,0,Settled
TRD-109240,17-07-2025,CLI-1139,Fixed Income,1022914.65,475.69,475.69,0,0,Settled
TRD-109241,30-01-2025,CLI-1039,Fixed Income,672643.16,187.17,187.17,1,0,Settled
TRD-109242,20-01-2025,CLI-1123,OTC Derivatives,20959.24,3.24,3.24,1,1,Custodian Delay
TRD-109243,17-02-2025,CLI-1091,Fixed Income,590597.66,231.02,231.02,2,0,Settled
TRD-109244,10-05-2025,CLI-1119,Equities,116814.77,23.63,23.63,0,0,Settled
TRD-109245,20-10-2025,CLI-1131,OTC Derivatives,284594.91,47.64,47.64,0,0,Settled
TRD-109246,12-05-2025,CLI-1091,OTC Derivatives,500061.69,126.32,126.32,1,1,Custodian Delay
TRD-109247,22-12-2025,CLI-1041,Fixed Income,1040674.47,324.63,324.63,3,1,Custodian Delay
TRD-109248,23-02-2025,CLI-1139,FX Options,314493,43.71,43.71,4,1,Margin Breach
TRD-109249,08-10-2025,CLI-1112,FX Options,836408.81,274.93,274.93,0,0,Settled
TRD-109250,22-09-2025,CLI-1021,Fixed Income,773849.85,82.14,95.18,0,0,Settled
TRD-109251,03-08-2025,CLI-1067,Fixed Income,277677.44,126.83,126.83,0,0,Settled
TRD-109252,17-10-2025,CLI-1088,FX Options,357554.72,167.44,167.44,0,0,Settled
TRD-109253,12-02-2025,CLI-1113,Equities,612795.41,240.97,240.97,1,0,Settled
TRD-109254,15-03-2025,CLI-1071,Equities,25821.93,7.4,7.4,1,0,Settled
TRD-109255,16-12-2025,CLI-1070,Equities,1117339.37,225.66,225.66,4,1,Margin Breach
TRD-109256,05-10-2025,CLI-1135,OTC Derivatives,744438.49,296.02,296.02,1,0,Settled
TRD-109257,22-11-2025,CLI-1017,OTC Derivatives,153451.78,72.54,72.54,2,0,Settled
TRD-109258,30-08-2025,CLI-1089,Equities,1996416.33,326.24,387.3,3,0,Settled
TRD-109259,10-05-2025,CLI-1059,FX Options,108853.87,31.17,31.17,2,0,Settled
TRD-109260,16-12-2025,CLI-1030,OTC Derivatives,1237208.16,279.74,279.74,1,0,Settled
TRD-109261,13-07-2025,CLI-1112,OTC Derivatives,206131.42,50.03,50.03,0,1,Custodian Delay
TRD-109262,01-02-2025,CLI-1005,Equities,730157.18,191.52,191.52,3,1,System Lag
TRD-109263,16-04-2025,CLI-1145,Fixed Income,314749.27,151.31,151.31,0,0,Settled
TRD-109264,23-07-2025,CLI-1053,Fixed Income,676789.08,137.7,137.7,3,0,Settled
TRD-109265,01-01-2025,CLI-1088,Fixed Income,94672.88,28.12,28.12,1,0,Settled
TRD-109266,02-09-2025,CLI-1005,Fixed Income,167017.44,80.27,80.27,0,0,Settled
TRD-109267,13-03-2025,CLI-1022,OTC Derivatives,62601.28,18.18,18.18,0,1,Custodian Delay
TRD-109268,02-11-2025,CLI-1047,Equities,1011773.8,450.68,450.68,2,1,Margin Breach
TRD-109269,15-01-2025,CLI-1099,OTC Derivatives,185696.59,22.93,22.93,1,0,Settled
TRD-109270,22-02-2025,CLI-1147,Equities,602863.85,290.11,290.11,1,0,Settled
TRD-109271,08-01-2025,CLI-1086,Equities,868014.03,151.91,151.91,1,0,Settled
TRD-109272,26-11-2025,CLI-1086,Equities,1168434.49,574.84,574.84,0,0,Settled
TRD-109273,15-02-2025,CLI-1116,Equities,66190.95,11.27,11.27,2,0,Settled
TRD-109274,21-11-2025,CLI-1035,Equities,1127533.01,313.17,313.17,1,1,System Lag
TRD-109275,24-04-2025,CLI-1109,OTC Derivatives,119857.7,26.78,26.78,2,1,System Lag
TRD-109276,27-05-2025,CLI-1044,Fixed Income,677614.37,185.19,185.19,0,0,Settled
TRD-109277,15-06-2025,CLI-1085,Fixed Income,662539.74,132.65,132.65,1,0,Settled
TRD-109278,19-05-2025,CLI-1086,Fixed Income,14269.75,6.94,6.94,4,0,Settled
TRD-109279,27-04-2025,CLI-1041,Equities,134630.78,29.93,29.93,0,0,Settled
TRD-109280,26-10-2025,CLI-1072,Equities,348546.88,125.93,125.93,1,0,Settled
TRD-109281,03-10-2025,CLI-1028,Fixed Income,282393.51,43.77,43.77,1,0,Settled
TRD-109282,04-10-2025,CLI-1020,Fixed Income,1264027.13,543.22,543.22,0,0,Settled
TRD-109283,04-12-2025,CLI-1032,OTC Derivatives,232941.15,73.84,73.84,1,0,Settled
TRD-109284,09-11-2025,CLI-1060,Fixed Income,1392181.05,684.64,684.64,1,0,Settled
TRD-109285,27-06-2025,CLI-1047,OTC Derivatives,317564.94,85.54,85.54,0,0,Settled
TRD-109286,26-11-2025,CLI-1079,Fixed Income,1677043.69,298.81,298.81,0,0,Settled
TRD-109287,20-12-2025,CLI-1019,FX Options,678475.62,161.75,161.75,1,1,Margin Breach
TRD-109288,03-06-2025,CLI-1042,Equities,894025.16,352.95,352.95,3,0,Settled
TRD-109289,20-07-2025,CLI-1073,Fixed Income,65397.01,23.78,29.38,0,0,Settled
TRD-109290,25-04-2025,CLI-1027,Fixed Income,451115.49,185.56,185.56,1,0,Settled
TRD-109291,08-06-2025,CLI-1108,FX Options,86983.89,11.25,11.25,0,0,Settled
TRD-109292,11-02-2025,CLI-1099,Equities,186641.07,61.99,61.99,2,0,Settled
TRD-109293,04-09-2025,CLI-1007,Fixed Income,498505.48,235.73,235.73,1,0,Settled
TRD-109294,09-03-2025,CLI-1102,Equities,657725.63,94.16,94.16,1,0,Settled
TRD-109295,22-11-2025,CLI-1087,Fixed Income,29986.06,4.13,4.83,1,0,Settled
TRD-109296,30-11-2025,CLI-1064,Equities,388516.27,150.22,150.22,2,0,Settled
TRD-109297,15-07-2025,CLI-1144,Equities,426565.66,96.43,96.43,2,0,Settled
TRD-109298,31-03-2025,CLI-1059,Fixed Income,51054.25,18.55,18.55,2,0,Settled
TRD-109299,21-04-2025,CLI-1147,Equities,357262.1,113.66,113.66,0,0,Settled
TRD-109300,25-12-2025,CLI-1140,Equities,635606.08,314.26,314.26,1,0,Settled
TRD-109301,25-05-2025,CLI-1140,Equities,37348.11,17.02,17.02,1,0,Settled
TRD-109302,02-10-2025,CLI-1021,Equities,724116.36,268.81,268.81,2,0,Settled
TRD-109303,28-06-2025,CLI-1014,FX Options,439514.12,89.96,89.96,1,0,Settled
TRD-109304,29-08-2025,CLI-1078,Fixed Income,905561.46,185.43,185.43,0,0,Settled
TRD-109305,22-11-2025,CLI-1046,OTC Derivatives,132990.28,60.23,60.23,5,0,Settled
TRD-109306,15-11-2025,CLI-1035,Fixed Income,905700.82,302.63,302.63,1,0,Settled
TRD-109307,27-11-2025,CLI-1095,FX Options,59667.67,24.8,24.8,2,1,Margin Breach
TRD-109308,02-06-2025,CLI-1012,Fixed Income,268614.45,75.2,75.2,1,0,Settled
TRD-109309,14-04-2025,CLI-1024,Fixed Income,121249.87,17.12,17.12,1,0,Settled
TRD-109310,16-03-2025,CLI-1052,Fixed Income,1053820.86,245.62,245.62,1,0,Settled
TRD-109311,08-05-2025,CLI-1085,OTC Derivatives,620254.08,102.01,102.01,3,1,Margin Breach
TRD-109312,18-07-2025,CLI-1115,Fixed Income,22844.47,9.43,12.42,0,0,Settled
TRD-109313,03-06-2025,CLI-1028,Equities,14784.5,5.62,5.62,2,0,Settled
TRD-109314,25-02-2025,CLI-1067,Equities,182125.69,24.65,24.65,1,0,Settled
TRD-109315,05-10-2025,CLI-1053,Fixed Income,87323.89,30.44,30.44,2,0,Settled
TRD-109316,11-12-2025,CLI-1148,Fixed Income,507537.76,228.22,228.22,0,0,Settled
TRD-109317,19-01-2025,CLI-1094,Equities,555019.97,210.32,210.32,1,0,Settled
TRD-109318,08-06-2025,CLI-1097,Equities,1433233.07,436.34,436.34,1,0,Settled
TRD-109319,26-01-2025,CLI-1144,Fixed Income,1528693.19,343.57,343.57,5,0,Settled
TRD-109320,18-06-2025,CLI-1116,OTC Derivatives,547784.97,249.15,249.15,1,1,SSI Mismatch
TRD-109321,23-01-2025,CLI-1089,Equities,12845.64,3.46,3.46,3,1,SSI Mismatch
TRD-109322,16-02-2025,CLI-1088,Equities,232361.29,102.74,134.81,1,0,Settled
TRD-109323,13-01-2025,CLI-1003,OTC Derivatives,369890.89,152.84,152.84,0,1,Margin Breach
TRD-109324,05-08-2025,CLI-1059,Fixed Income,355754.02,151.73,151.73,3,1,Margin Breach
TRD-109325,18-11-2025,CLI-1102,Equities,472338.69,234.24,234.24,0,0,Settled
TRD-109326,13-07-2025,CLI-1051,OTC Derivatives,1626379.41,649.74,649.74,2,0,Settled
TRD-109327,24-05-2025,CLI-1101,Fixed Income,1092250.07,124.1,124.1,3,1,Custodian Delay
TRD-109328,14-03-2025,CLI-1090,Fixed Income,67653.82,12.32,12.32,1,0,Settled
TRD-109329,05-06-2025,CLI-1006,FX Options,164609.77,18.78,18.78,0,0,Settled
TRD-109330,18-03-2025,CLI-1148,FX Options,905208.44,159.29,159.29,1,0,Settled
TRD-109331,18-06-2025,CLI-1037,Equities,879508.3,109.57,109.57,2,0,Settled
TRD-109332,14-10-2025,CLI-1115,Equities,171047.55,51.42,51.42,4,0,Settled
TRD-109333,26-03-2025,CLI-1043,Equities,665756.79,74.09,74.09,1,0,Settled
TRD-109334,01-07-2025,CLI-1051,Equities,567427.82,164,164,2,1,Custodian Delay
TRD-109335,11-11-2025,CLI-1098,Equities,330774.73,152,152,1,0,Settled
TRD-109336,24-10-2025,CLI-1092,Equities,122481.95,48.92,48.92,1,0,Settled
TRD-109337,22-04-2025,CLI-1050,FX Options,1107507.82,528.93,528.93,1,1,Custodian Delay
TRD-109338,18-08-2025,CLI-1068,OTC Derivatives,576370.84,109.89,109.89,0,1,SSI Mismatch
TRD-109339,06-04-2025,CLI-1013,Fixed Income,102558.49,32.04,39.85,1,1,SSI Mismatch
TRD-109340,17-06-2025,CLI-1014,Fixed Income,620055.06,141.02,141.02,2,0,Settled
TRD-109341,05-06-2025,CLI-1142,Equities,686301.61,204.19,204.19,1,0,Settled
TRD-109342,15-04-2025,CLI-1125,Equities,1099654.3,355,355,0,0,Settled
TRD-109343,12-07-2025,CLI-1123,Equities,136054.04,15.57,15.57,1,0,Settled
TRD-109344,26-11-2025,CLI-1010,OTC Derivatives,2253876.07,435.68,435.68,0,0,Settled
TRD-109345,12-05-2025,CLI-1036,Equities,93259.59,35.62,35.62,1,0,Settled
TRD-109346,21-12-2025,CLI-1071,OTC Derivatives,469007.22,191.9,191.9,2,0,Settled
TRD-109347,18-05-2025,CLI-1113,Fixed Income,545269.78,178.73,178.73,1,0,Settled
TRD-109348,27-11-2025,CLI-1148,Equities,281461.73,58.64,58.64,0,0,Settled
TRD-109349,27-09-2025,CLI-1142,Equities,332214.42,87.05,87.05,0,0,Settled
TRD-109350,07-02-2025,CLI-1044,Fixed Income,1117791.47,154.72,154.72,1,0,Settled
TRD-109351,14-02-2025,CLI-1075,FX Options,528205.13,254.21,254.21,0,0,Settled
TRD-109352,12-06-2025,CLI-1007,OTC Derivatives,353583.51,158.22,158.22,2,1,SSI Mismatch
TRD-109353,27-11-2025,CLI-1023,Equities,78683.4,9.93,9.93,2,0,Settled
TRD-109354,10-09-2025,CLI-1031,Fixed Income,13682.34,2.28,2.28,0,0,Settled
TRD-109355,18-06-2025,CLI-1070,Equities,76747.76,25.51,25.51,2,0,Settled
TRD-109356,12-10-2025,CLI-1024,FX Options,1573884.59,303.72,303.72,2,0,Settled
TRD-109357,01-10-2025,CLI-1112,OTC Derivatives,732145.63,346.86,346.86,1,0,Settled
TRD-109358,20-01-2025,CLI-1080,Fixed Income,1717389.51,690.8,690.8,2,0,Settled
TRD-109359,27-08-2025,CLI-1125,Fixed Income,28180.93,5.9,5.9,2,1,Margin Breach
TRD-109360,27-09-2025,CLI-1094,Fixed Income,580061.64,59.42,59.42,2,1,Custodian Delay
TRD-109361,06-11-2025,CLI-1126,Equities,32652.22,13.71,13.71,1,1,Custodian Delay
TRD-109362,31-01-2025,CLI-1137,Equities,771759.64,208.09,208.09,0,0,Settled
TRD-109363,10-11-2025,CLI-1106,Equities,249784.76,89.16,89.16,3,1,System Lag
TRD-109364,14-04-2025,CLI-1000,FX Options,60333.2,12.96,12.96,1,0,Settled
TRD-109365,19-06-2025,CLI-1008,Fixed Income,429718.83,67.53,67.53,2,0,Settled
TRD-109366,05-07-2025,CLI-1105,Equities,174335.51,64.53,64.53,0,0,Settled
TRD-109367,08-05-2025,CLI-1047,OTC Derivatives,548778.67,153.73,153.73,1,0,Settled
TRD-109368,29-07-2025,CLI-1137,Equities,546727.83,106.1,106.1,1,0,Settled
TRD-109369,08-10-2025,CLI-1044,Equities,620402.63,96.19,96.19,1,0,Settled
TRD-109370,10-09-2025,CLI-1017,Equities,2454103.45,815.23,815.23,3,1,Custodian Delay
TRD-109371,19-01-2025,CLI-1058,Fixed Income,254448.67,99.29,99.29,0,0,Settled
TRD-109372,19-07-2025,CLI-1080,Fixed Income,323039.19,68.99,68.99,1,0,Settled
TRD-109373,08-08-2025,CLI-1014,Fixed Income,826383.21,325.64,325.64,1,0,Settled
TRD-109374,16-05-2025,CLI-1140,OTC Derivatives,441813.59,76.54,76.54,0,0,Settled
TRD-109375,11-08-2025,CLI-1065,Equities,28984.5,6.82,7.96,1,1,Margin Breach
TRD-109376,03-01-2025,CLI-1098,OTC Derivatives,936004.86,372.49,372.49,1,0,Settled
TRD-109377,24-08-2025,CLI-1056,Equities,36436.05,13.26,13.26,0,0,Settled
TRD-109378,08-12-2025,CLI-1060,OTC Derivatives,103659.09,21.58,21.58,3,1,Custodian Delay
TRD-109379,16-08-2025,CLI-1085,Fixed Income,63837.13,9.5,9.5,0,0,Settled
TRD-109380,22-05-2025,CLI-1084,Fixed Income,50565.51,5.92,5.92,1,0,Settled
TRD-109381,09-01-2025,CLI-1138,Fixed Income,23010.25,10.01,10.01,2,1,System Lag
TRD-109382,09-07-2025,CLI-1112,Fixed Income,38299.84,4.98,4.98,0,0,Settled
TRD-109383,16-12-2025,CLI-1116,Equities,302091.85,44.09,44.09,2,0,Settled
TRD-109384,14-06-2025,CLI-1056,OTC Derivatives,155746.17,30.38,30.38,1,0,Settled
TRD-109385,19-05-2025,CLI-1112,Equities,77644.69,21.61,21.61,2,1,Margin Breach
TRD-109386,03-10-2025,CLI-1041,Equities,547504.83,227.72,227.72,2,0,Settled
TRD-109387,18-10-2025,CLI-1131,Fixed Income,138164,27.49,27.49,3,0,Settled
TRD-109388,22-02-2025,CLI-1033,OTC Derivatives,19565.5,6.21,6.21,1,1,Custodian Delay
TRD-109389,24-06-2025,CLI-1055,Equities,281003.18,38.26,38.26,0,0,Settled
TRD-109390,20-04-2025,CLI-1068,FX Options,195845.7,55.97,55.97,2,0,Settled
TRD-109391,22-07-2025,CLI-1040,FX Options,201806.14,34.52,34.52,3,0,Settled
TRD-109392,16-05-2025,CLI-1043,Fixed Income,304636.91,56.2,56.2,0,0,Settled
TRD-109393,04-01-2025,CLI-1091,Fixed Income,562688.45,138.83,138.83,2,0,Settled
TRD-109394,04-06-2025,CLI-1083,OTC Derivatives,489180.61,197.89,197.89,1,0,Settled
TRD-109395,21-06-2025,CLI-1073,Equities,1394390.87,554.4,554.4,1,0,Settled
TRD-109396,24-12-2025,CLI-1115,Fixed Income,374611.75,99.64,99.64,1,0,Settled
TRD-109397,16-02-2025,CLI-1123,FX Options,329869.48,48.65,48.65,2,0,Settled
TRD-109398,04-04-2025,CLI-1027,FX Options,130026.89,27.6,36.98,0,0,Settled
TRD-109399,17-02-2025,CLI-1039,FX Options,714027.28,215.74,215.74,0,0,Settled
TRD-109400,28-08-2025,CLI-1102,Equities,85862.68,38.45,47.06,1,0,Settled
TRD-109401,13-12-2025,CLI-1030,Equities,347784.19,169.48,169.48,1,1,Margin Breach
TRD-109402,01-08-2025,CLI-1065,Equities,283504.72,100.64,100.64,6,1,SSI Mismatch
TRD-109403,06-12-2025,CLI-1094,Fixed Income,546912.35,131.41,131.41,0,0,Settled
TRD-109404,20-11-2025,CLI-1017,Equities,1258215.22,474.83,474.83,2,0,Settled
TRD-109405,19-05-2025,CLI-1009,Equities,1474930.99,345.86,428.4,2,0,Settled
TRD-109406,24-07-2025,CLI-1111,Fixed Income,101840.8,35.66,47.97,1,0,Settled
TRD-109407,14-03-2025,CLI-1071,OTC Derivatives,161781.91,31.95,31.95,1,0,Settled
TRD-109408,04-01-2025,CLI-1045,OTC Derivatives,844687.7,174.68,174.68,1,0,Settled
TRD-109409,17-03-2025,CLI-1092,OTC Derivatives,375195.88,48.81,48.81,1,1,System Lag
TRD-109410,25-11-2025,CLI-1136,Equities,311684.84,83.55,107.32,3,1,System Lag
TRD-109411,18-03-2025,CLI-1010,Equities,630016.71,218.79,218.79,1,0,Settled
TRD-109412,31-10-2025,CLI-1070,OTC Derivatives,470557.37,195.53,195.53,0,0,Settled
TRD-109413,13-09-2025,CLI-1132,Fixed Income,1775323.78,752.98,752.98,2,0,Settled
TRD-109414,12-04-2025,CLI-1071,Fixed Income,448504.54,222.9,222.9,2,1,System Lag
TRD-109415,16-04-2025,CLI-1058,Equities,323655.21,43.73,43.73,5,1,System Lag
TRD-109416,29-11-2025,CLI-1066,Equities,401336.16,119.3,148.5,2,0,Settled
TRD-109417,08-02-2025,CLI-1082,Fixed Income,836537.71,258.11,258.11,3,1,Custodian Delay
TRD-109418,10-11-2025,CLI-1046,OTC Derivatives,484245.65,204.26,204.26,2,0,Settled
TRD-109419,02-10-2025,CLI-1111,FX Options,530711.73,109.62,109.62,1,0,Settled
TRD-109420,29-03-2025,CLI-1031,Fixed Income,1787854.46,228.4,228.4,1,0,Settled
TRD-109421,30-07-2025,CLI-1008,Fixed Income,491685.25,110.88,110.88,1,0,Settled
TRD-109422,18-03-2025,CLI-1138,OTC Derivatives,249247.99,123.02,123.02,3,1,System Lag
TRD-109423,18-03-2025,CLI-1139,Fixed Income,597734.83,274.82,274.82,1,0,Settled
TRD-109424,28-01-2025,CLI-1139,Fixed Income,548610.46,141.6,141.6,0,0,Settled
TRD-109425,02-09-2025,CLI-1125,FX Options,16972.2,7.65,7.65,1,0,Settled
TRD-109426,07-03-2025,CLI-1097,OTC Derivatives,324925.93,36.75,36.75,3,1,Margin Breach
TRD-109427,23-09-2025,CLI-1049,FX Options,689152.09,155.53,155.53,0,0,Settled
TRD-109428,24-07-2025,CLI-1120,Equities,355615.97,138.95,138.95,3,0,Settled
TRD-109429,27-02-2025,CLI-1120,Fixed Income,766203.55,144.49,144.49,2,0,Settled
TRD-109430,20-07-2025,CLI-1029,OTC Derivatives,309722.51,55.55,55.55,1,0,Settled
TRD-109431,13-08-2025,CLI-1130,Equities,2056820.33,914.72,914.72,2,0,Settled
TRD-109432,22-05-2025,CLI-1097,OTC Derivatives,183285.64,63.49,63.49,0,0,Settled
TRD-109433,25-03-2025,CLI-1121,Equities,58322.97,28.91,35.44,1,0,Settled
TRD-109434,23-05-2025,CLI-1135,OTC Derivatives,291069.81,44.79,44.79,0,0,Settled
TRD-109435,18-12-2025,CLI-1050,Fixed Income,400125.49,97.01,97.01,3,0,Settled
TRD-109436,02-02-2025,CLI-1102,Equities,224694.81,50.44,50.44,3,0,Settled
TRD-109437,01-06-2025,CLI-1048,Fixed Income,148721.44,67.23,67.23,2,0,Settled
TRD-109438,07-06-2025,CLI-1072,Fixed Income,567460.31,114.69,114.69,1,0,Settled
TRD-109439,21-05-2025,CLI-1021,Fixed Income,246704.79,59.55,59.55,1,1,Custodian Delay
TRD-109440,08-09-2025,CLI-1114,Fixed Income,508978.93,79.98,79.98,1,0,Settled
TRD-109441,30-10-2025,CLI-1093,OTC Derivatives,764957.96,313.76,313.76,1,1,System Lag
TRD-109442,22-04-2025,CLI-1141,Fixed Income,725651.36,141.56,141.56,2,1,Margin Breach
TRD-109443,24-05-2025,CLI-1068,Fixed Income,245249.32,31.23,31.23,1,1,Custodian Delay
TRD-109444,28-07-2025,CLI-1009,Equities,429547.07,117.71,117.71,2,0,Settled
TRD-109445,12-08-2025,CLI-1127,FX Options,308607.89,79.18,79.18,0,0,Settled
TRD-109446,12-02-2025,CLI-1074,Equities,1033217.17,176.73,226.31,1,0,Settled
TRD-109447,21-09-2025,CLI-1050,Fixed Income,1064985.34,163.41,163.41,1,0,Settled
TRD-109448,01-09-2025,CLI-1050,OTC Derivatives,220600.32,101.17,101.17,0,1,SSI Mismatch
TRD-109449,03-01-2025,CLI-1033,Equities,58110.89,7.39,7.39,2,0,Settled
TRD-109450,05-05-2025,CLI-1015,Fixed Income,101710.57,14.21,14.21,0,0,Settled
TRD-109451,25-09-2025,CLI-1067,Equities,238643.8,47.26,47.26,0,0,Settled
TRD-109452,25-03-2025,CLI-1056,OTC Derivatives,425343.25,204.65,278.19,1,1,Custodian Delay
TRD-109453,16-01-2025,CLI-1099,Fixed Income,544702.03,73.07,73.07,0,0,Settled
TRD-109454,30-11-2025,CLI-1051,OTC Derivatives,211263,90.08,90.08,1,0,Settled
TRD-109455,28-02-2025,CLI-1073,OTC Derivatives,560556.39,256.07,256.07,0,0,Settled
TRD-109456,26-06-2025,CLI-1047,Fixed Income,1398217.93,351.16,446.23,3,0,Settled
TRD-109457,04-03-2025,CLI-1133,OTC Derivatives,537796.7,117,117,1,1,Custodian Delay
TRD-109458,18-02-2025,CLI-1036,Fixed Income,96323.39,35.73,35.73,2,1,Custodian Delay
TRD-109459,03-11-2025,CLI-1009,Equities,443356.29,168.94,168.94,0,0,Settled
TRD-109460,03-09-2025,CLI-1060,Fixed Income,400329,164.93,164.93,2,0,Settled
TRD-109461,16-10-2025,CLI-1094,FX Options,1032810.43,446.41,446.41,0,0,Settled
TRD-109462,13-10-2025,CLI-1033,Fixed Income,225624.63,46.79,46.79,2,0,Settled
TRD-109463,28-11-2025,CLI-1008,Equities,284909.38,106.78,106.78,2,0,Settled
TRD-109464,15-01-2025,CLI-1040,Equities,466471.99,71.82,71.82,0,0,Settled
TRD-109465,04-12-2025,CLI-1109,Fixed Income,381615.67,116.12,116.12,1,0,Settled
TRD-109466,12-09-2025,CLI-1000,Equities,644729.83,222.53,222.53,0,0,Settled
TRD-109467,02-04-2025,CLI-1113,Fixed Income,30613.64,5.04,5.04,0,0,Settled
TRD-109468,06-10-2025,CLI-1121,Fixed Income,424501.8,55.44,55.44,0,0,Settled
TRD-109469,25-07-2025,CLI-1139,Fixed Income,74867.53,13.32,17.25,2,0,Settled
TRD-109470,04-04-2025,CLI-1128,Equities,199320.79,53.46,53.46,2,0,Settled
TRD-109471,13-08-2025,CLI-1101,Fixed Income,551803.02,251.15,251.15,0,1,Custodian Delay
TRD-109472,28-10-2025,CLI-1122,OTC Derivatives,95639.89,29.91,35.94,1,0,Settled
TRD-109473,14-11-2025,CLI-1118,FX Options,194693.29,77.76,77.76,1,0,Settled
TRD-109474,18-07-2025,CLI-1003,Fixed Income,617022.48,104.68,104.68,0,0,Settled
TRD-109475,28-09-2025,CLI-1089,Equities,536062.73,76.33,76.33,1,0,Settled
TRD-109476,22-08-2025,CLI-1031,FX Options,57726.91,11.31,11.31,1,0,Settled
TRD-109477,15-02-2025,CLI-1128,OTC Derivatives,440509.02,99.36,99.36,1,1,SSI Mismatch
TRD-109478,05-03-2025,CLI-1007,Equities,89647.05,28.62,28.62,1,0,Settled
TRD-109479,18-08-2025,CLI-1022,Equities,155357.59,70.3,70.3,0,0,Settled
TRD-109480,06-09-2025,CLI-1120,Equities,317363.3,85.83,85.83,0,0,Settled
TRD-109481,03-09-2025,CLI-1130,Equities,67900.09,20.88,24.04,1,1,Margin Breach
TRD-109482,16-03-2025,CLI-1043,Equities,2539411.54,258.63,258.63,1,0,Settled
TRD-109483,06-06-2025,CLI-1005,FX Options,100383.12,11.38,11.38,2,0,Settled
TRD-109484,11-08-2025,CLI-1069,Fixed Income,770056.05,102.81,102.81,0,0,Settled
TRD-109485,09-07-2025,CLI-1060,Fixed Income,895504.66,339.93,339.93,1,0,Settled
TRD-109486,21-02-2025,CLI-1013,OTC Derivatives,2608238.81,768.07,768.07,0,0,Settled
TRD-109487,29-03-2025,CLI-1076,OTC Derivatives,289879.46,51.36,51.36,2,0,Settled
TRD-109488,09-11-2025,CLI-1040,OTC Derivatives,1046111.91,352.58,352.58,2,1,SSI Mismatch
TRD-109489,05-12-2025,CLI-1091,FX Options,1589589.81,505.24,505.24,1,1,SSI Mismatch
TRD-109490,07-03-2025,CLI-1035,Fixed Income,104911.3,14.22,14.22,1,0,Settled
TRD-109491,30-05-2025,CLI-1055,FX Options,336421.31,119.82,119.82,1,0,Settled
TRD-109492,20-01-2025,CLI-1070,OTC Derivatives,40943.46,16.66,16.66,2,1,Margin Breach
TRD-109493,02-02-2025,CLI-1112,Equities,494745.57,106.18,106.18,1,0,Settled
TRD-109494,24-11-2025,CLI-1077,Fixed Income,445427.09,167.03,167.03,1,0,Settled
TRD-109495,08-10-2025,CLI-1112,Fixed Income,124157.38,22.33,22.33,2,0,Settled
TRD-109496,15-02-2025,CLI-1025,FX Options,809503.15,325.98,325.98,2,0,Settled
TRD-109497,14-03-2025,CLI-1083,Equities,28990.48,13.47,13.47,1,0,Settled
TRD-109498,20-12-2025,CLI-1141,Fixed Income,830534.79,229.85,229.85,1,0,Settled
TRD-109499,09-11-2025,CLI-1095,Equities,23503.36,4.65,4.65,1,0,Settled
TRD-109500,09-12-2025,CLI-1110,Equities,544762.93,141.46,141.46,3,0,Settled
TRD-109501,13-05-2025,CLI-1059,Equities,51022.51,10.21,10.21,2,0,Settled
TRD-109502,24-02-2025,CLI-1027,Fixed Income,154658.72,15.54,15.54,0,0,Settled
TRD-109503,02-03-2025,CLI-1044,OTC Derivatives,649911.26,234.09,295.1,2,0,Settled
TRD-109504,11-12-2025,CLI-1017,Equities,174533.22,20.42,20.42,0,0,Settled
TRD-109505,08-01-2025,CLI-1029,Fixed Income,367874.19,67.75,67.75,1,0,Settled
TRD-109506,29-09-2025,CLI-1130,Equities,1244014.56,483.9,483.9,4,0,Settled
TRD-109507,03-09-2025,CLI-1006,Equities,35454.24,12.99,12.99,2,1,System Lag
TRD-109508,25-06-2025,CLI-1033,Fixed Income,843215.27,109.05,109.05,1,1,System Lag
TRD-109509,26-04-2025,CLI-1064,Equities,43749.85,15.93,15.93,2,0,Settled
TRD-109510,13-11-2025,CLI-1053,Fixed Income,77792.37,36.74,36.74,0,0,Settled
TRD-109511,28-09-2025,CLI-1078,Equities,73529.96,9.54,9.54,1,0,Settled
TRD-109512,12-07-2025,CLI-1042,Equities,2576594.99,686.08,686.08,1,0,Settled
TRD-109513,30-05-2025,CLI-1090,Fixed Income,109339.09,42.84,42.84,0,1,SSI Mismatch
TRD-109514,11-05-2025,CLI-1061,Fixed Income,1145358.39,420.45,420.45,1,0,Settled
TRD-109515,12-04-2025,CLI-1115,Equities,2361510.76,450.11,450.11,0,0,Settled
TRD-109516,06-11-2025,CLI-1083,Fixed Income,252079.49,41.65,41.65,1,0,Settled
TRD-109517,27-09-2025,CLI-1118,OTC Derivatives,508545.1,210.38,210.38,2,0,Settled
TRD-109518,19-10-2025,CLI-1039,OTC Derivatives,765002.79,369.11,369.11,1,0,Settled
TRD-109519,29-07-2025,CLI-1029,Equities,259320.98,105.55,105.55,0,0,Settled
TRD-109520,27-12-2025,CLI-1100,Fixed Income,98257.71,47.68,47.68,2,0,Settled
TRD-109521,04-12-2025,CLI-1082,Fixed Income,294371.05,100.67,100.67,3,0,Settled
TRD-109522,08-03-2025,CLI-1014,Equities,748958.49,353.24,353.24,2,0,Settled
TRD-109523,10-01-2025,CLI-1086,OTC Derivatives,768800.43,289.2,367.44,2,1,Margin Breach
TRD-109524,18-02-2025,CLI-1042,FX Options,141032.37,65.38,65.38,0,0,Settled
TRD-109525,21-04-2025,CLI-1133,OTC Derivatives,106165.12,17.48,17.48,3,0,Settled
TRD-109526,17-11-2025,CLI-1049,OTC Derivatives,1276381.05,544.03,544.03,0,1,Margin Breach
TRD-109527,07-08-2025,CLI-1045,OTC Derivatives,32498.18,5.81,5.81,1,0,Settled
TRD-109528,26-02-2025,CLI-1101,Fixed Income,673519.53,74.74,74.74,1,0,Settled
TRD-109529,10-10-2025,CLI-1039,Fixed Income,33766.7,10.37,10.37,4,1,SSI Mismatch
TRD-109530,23-04-2025,CLI-1029,OTC Derivatives,919771.08,209.06,209.06,0,0,Settled
TRD-109531,13-05-2025,CLI-1119,Fixed Income,1189127.2,139.62,139.62,1,0,Settled
TRD-109532,12-03-2025,CLI-1073,Equities,186497.38,91.78,91.78,2,0,Settled
TRD-109533,24-03-2025,CLI-1029,Equities,48405.77,17.74,17.74,1,1,SSI Mismatch
TRD-109534,26-02-2025,CLI-1000,OTC Derivatives,337621.88,155.55,155.55,3,1,System Lag
TRD-109535,15-12-2025,CLI-1142,Equities,187240.84,93.55,93.55,0,0,Settled
TRD-109536,28-09-2025,CLI-1144,Fixed Income,279900.82,71.87,71.87,2,0,Settled
TRD-109537,21-04-2025,CLI-1135,FX Options,556790.66,112.41,112.41,1,0,Settled
TRD-109538,23-12-2025,CLI-1073,OTC Derivatives,127751.08,22.17,22.17,0,1,System Lag
TRD-109539,17-03-2025,CLI-1056,FX Options,230767.62,70.63,70.63,1,0,Settled
TRD-109540,07-06-2025,CLI-1078,Fixed Income,772921.89,264.67,264.67,1,0,Settled
TRD-109541,20-01-2025,CLI-1105,Equities,526078.05,152.02,152.02,2,1,System Lag
TRD-109542,11-05-2025,CLI-1083,OTC Derivatives,207467,52.88,52.88,3,1,Margin Breach
TRD-109543,25-11-2025,CLI-1076,Equities,555771.07,92.99,92.99,0,0,Settled
TRD-109544,02-05-2025,CLI-1030,Fixed Income,734751.12,203.34,203.34,1,1,System Lag
TRD-109545,10-02-2025,CLI-1050,Equities,458839.48,61.53,61.53,1,0,Settled
TRD-109546,16-06-2025,CLI-1115,Equities,146887.5,65.51,87,1,0,Settled
TRD-109547,10-05-2025,CLI-1077,Fixed Income,10122.66,1.2,1.43,2,0,Settled
TRD-109548,23-01-2025,CLI-1028,Equities,821892.94,207.33,207.33,2,0,Settled
TRD-109549,06-10-2025,CLI-1103,Fixed Income,874768.69,122.52,122.52,1,1,SSI Mismatch
TRD-109550,08-09-2025,CLI-1013,OTC Derivatives,608009.76,249.28,249.28,1,0,Settled
TRD-109551,09-01-2025,CLI-1040,Equities,49836.06,11.22,12.93,2,0,Settled
TRD-109552,13-01-2025,CLI-1004,Equities,450006.27,65.36,65.36,0,0,Settled
TRD-109553,03-11-2025,CLI-1119,Fixed Income,870242.48,272.03,272.03,2,0,Settled
TRD-109554,16-11-2025,CLI-1055,Fixed Income,256876.37,119.84,119.84,1,0,Settled
TRD-109555,21-02-2025,CLI-1076,FX Options,120323.79,55.77,55.77,1,0,Settled
TRD-109556,28-07-2025,CLI-1000,Equities,452913.86,90.52,90.52,4,1,Margin Breach
TRD-109557,07-02-2025,CLI-1006,OTC Derivatives,885231.88,343.35,343.35,3,0,Settled
TRD-109558,10-04-2025,CLI-1011,Fixed Income,35052.24,3.93,3.93,1,0,Settled
TRD-109559,12-07-2025,CLI-1020,Fixed Income,464348.84,70.92,70.92,0,0,Settled
TRD-109560,10-07-2025,CLI-1035,Equities,525253.22,157.47,189.26,0,0,Settled
TRD-109561,20-02-2025,CLI-1032,Fixed Income,471112.95,90.22,90.22,0,0,Settled
TRD-109562,21-05-2025,CLI-1131,Equities,534959.18,224.31,224.31,3,0,Settled
TRD-109563,17-06-2025,CLI-1048,Equities,508988.12,240.46,240.46,1,0,Settled
TRD-109564,07-11-2025,CLI-1038,Fixed Income,79863.21,8.12,8.12,4,1,SSI Mismatch
TRD-109565,19-04-2025,CLI-1017,OTC Derivatives,143898.4,27.8,27.8,1,0,Settled
TRD-109566,26-07-2025,CLI-1058,OTC Derivatives,492470.08,135.83,135.83,0,0,Settled
TRD-109567,27-10-2025,CLI-1124,Fixed Income,18925.78,6.16,6.16,1,0,Settled
TRD-109568,20-04-2025,CLI-1019,Fixed Income,513579.11,239.51,239.51,1,1,System Lag
TRD-109569,15-07-2025,CLI-1030,Fixed Income,557389.76,254.59,254.59,0,1,Margin Breach
TRD-109570,01-06-2025,CLI-1052,FX Options,146675.8,52.05,52.05,2,0,Settled
TRD-109571,31-08-2025,CLI-1053,Fixed Income,465816.83,94.54,119.59,2,0,Settled
TRD-109572,08-05-2025,CLI-1119,Equities,391881.46,161.97,161.97,1,0,Settled
TRD-109573,15-04-2025,CLI-1061,Equities,161020.03,29.15,29.15,2,1,System Lag
TRD-109574,10-01-2025,CLI-1147,Fixed Income,320854.4,155.96,155.96,4,0,Settled
TRD-109575,22-12-2025,CLI-1024,Fixed Income,1211891.2,124.02,124.02,0,0,Settled
TRD-109576,28-05-2025,CLI-1093,Equities,288088.29,94.47,94.47,2,1,SSI Mismatch
TRD-109577,31-12-2025,CLI-1148,OTC Derivatives,506915.61,68.62,68.62,1,0,Settled
TRD-109578,30-12-2025,CLI-1125,OTC Derivatives,27995.39,7.36,7.36,0,0,Settled
TRD-109579,20-05-2025,CLI-1053,Fixed Income,50496.64,17.87,17.87,0,1,Margin Breach
TRD-109580,09-07-2025,CLI-1098,Equities,52402.22,19.69,19.69,0,0,Settled
TRD-109581,04-04-2025,CLI-1143,Equities,763081.5,316.09,316.09,1,0,Settled
TRD-109582,17-08-2025,CLI-1086,FX Options,225589.11,76.1,76.1,3,0,Settled
TRD-109583,04-03-2025,CLI-1139,OTC Derivatives,139133.93,27.9,32.2,3,1,Custodian Delay
TRD-109584,06-12-2025,CLI-1098,Equities,697824.75,318,318,2,0,Settled
TRD-109585,25-01-2025,CLI-1102,Equities,103140.73,43.78,43.78,2,0,Settled
TRD-109586,25-09-2025,CLI-1055,Fixed Income,151508.17,24.85,24.85,2,0,Settled
TRD-109587,08-10-2025,CLI-1043,Equities,291877.18,125.68,125.68,0,0,Settled
TRD-109588,11-01-2025,CLI-1021,Fixed Income,211313.12,103.34,103.34,0,0,Settled
TRD-109589,16-11-2025,CLI-1080,FX Options,450211.15,159.77,159.77,0,0,Settled
TRD-109590,20-07-2025,CLI-1020,Equities,216124.5,45.97,45.97,0,0,Settled
TRD-109591,06-05-2025,CLI-1120,Equities,259573.41,88.94,88.94,1,0,Settled
TRD-109592,02-11-2025,CLI-1090,OTC Derivatives,1003473.51,237.84,237.84,2,0,Settled
TRD-109593,09-07-2025,CLI-1115,Equities,1089378.5,403.48,403.48,0,0,Settled
TRD-109594,30-03-2025,CLI-1140,FX Options,889291.54,282.72,376.28,2,0,Settled
TRD-109595,21-12-2025,CLI-1093,Fixed Income,1010614.47,476.8,476.8,2,0,Settled
TRD-109596,26-04-2025,CLI-1078,FX Options,431669.63,149.86,149.86,1,0,Settled
TRD-109597,18-12-2025,CLI-1145,Equities,529558.69,98.28,98.28,2,0,Settled
TRD-109598,26-06-2025,CLI-1042,Equities,417288.24,162.76,162.76,1,0,Settled
TRD-109599,14-01-2025,CLI-1054,Fixed Income,779928.14,171.86,171.86,1,0,Settled
TRD-109600,14-09-2025,CLI-1101,Fixed Income,410366.74,85.75,85.75,1,1,System Lag
TRD-109601,28-07-2025,CLI-1070,Equities,68872.31,17.68,17.68,0,0,Settled
TRD-109602,08-10-2025,CLI-1104,FX Options,839261.88,87.95,87.95,2,1,Margin Breach
TRD-109603,24-11-2025,CLI-1143,OTC Derivatives,724778.77,353.44,353.44,1,1,System Lag
TRD-109604,21-11-2025,CLI-1119,Fixed Income,868234.9,271.7,271.7,0,0,Settled
TRD-109605,15-04-2025,CLI-1122,Equities,115625.69,47.34,47.34,0,0,Settled
TRD-109606,27-05-2025,CLI-1033,OTC Derivatives,168464.17,34.22,34.22,1,1,SSI Mismatch
TRD-109607,06-10-2025,CLI-1084,OTC Derivatives,185312.14,73.87,73.87,2,0,Settled
TRD-109608,09-01-2025,CLI-1145,Fixed Income,364720.13,119.22,119.22,1,0,Settled
TRD-109609,28-04-2025,CLI-1019,FX Options,81864.22,22.08,22.08,0,0,Settled
TRD-109610,04-04-2025,CLI-1075,Equities,253376.97,123.72,123.72,0,0,Settled
TRD-109611,24-05-2025,CLI-1084,Equities,110543.16,32.89,32.89,1,0,Settled
TRD-109612,16-10-2025,CLI-1103,Equities,163781,59.45,59.45,1,0,Settled
TRD-109613,14-01-2025,CLI-1136,OTC Derivatives,622747.43,66.1,66.1,2,0,Settled
TRD-109614,14-09-2025,CLI-1122,Fixed Income,974860.01,215.04,250.53,1,0,Settled
TRD-109615,12-12-2025,CLI-1138,Equities,21586.14,9.83,9.83,0,0,Settled
TRD-109616,05-07-2025,CLI-1116,Equities,427236.68,172.43,172.43,1,0,Settled
TRD-109617,11-12-2025,CLI-1138,Equities,28362.99,8.93,8.93,1,0,Settled
TRD-109618,26-07-2025,CLI-1027,Equities,54551.82,25.1,25.1,1,0,Settled
TRD-109619,12-12-2025,CLI-1112,Fixed Income,620532.41,182.74,215.77,1,0,Settled
TRD-109620,21-06-2025,CLI-1148,Equities,675161.42,220.51,220.51,0,0,Settled
TRD-109621,27-09-2025,CLI-1106,Equities,850952.35,215.17,215.17,1,0,Settled
TRD-109622,09-08-2025,CLI-1105,OTC Derivatives,331456.66,115.35,115.35,2,0,Settled
TRD-109623,01-06-2025,CLI-1034,Fixed Income,992369.34,225.86,266.66,1,0,Settled
TRD-109624,21-04-2025,CLI-1010,OTC Derivatives,101263.76,25.74,25.74,1,0,Settled
TRD-109625,02-07-2025,CLI-1031,Equities,153652.01,74.76,74.76,0,0,Settled
TRD-109626,05-12-2025,CLI-1102,Equities,82225.19,11.88,11.88,0,0,Settled
TRD-109627,13-03-2025,CLI-1145,Fixed Income,808599.71,114.9,114.9,1,0,Settled
TRD-109628,10-10-2025,CLI-1019,Equities,139822.81,16.4,16.4,0,0,Settled
TRD-109629,15-03-2025,CLI-1033,Equities,94511.93,21.55,21.55,0,1,Margin Breach
TRD-109630,21-12-2025,CLI-1090,OTC Derivatives,497901.87,129.1,129.1,0,1,Margin Breach
TRD-109631,03-08-2025,CLI-1116,FX Options,50107.46,6.91,8.31,0,0,Settled
TRD-109632,24-11-2025,CLI-1097,Equities,32969.76,10.54,10.54,2,1,SSI Mismatch
TRD-109633,23-01-2025,CLI-1064,Equities,66426.28,22.14,22.14,2,0,Settled
TRD-109634,09-03-2025,CLI-1078,FX Options,10120.46,4.05,4.05,0,0,Settled
TRD-109635,28-12-2025,CLI-1141,Equities,606994.99,297.66,297.66,0,0,Settled
TRD-109636,03-04-2025,CLI-1042,Fixed Income,423036.89,147.11,147.11,3,0,Settled
TRD-109637,17-11-2025,CLI-1122,FX Options,127782.13,18.49,18.49,0,0,Settled
TRD-109638,20-11-2025,CLI-1129,FX Options,142637.46,19.31,19.31,2,0,Settled
TRD-109639,04-03-2025,CLI-1075,Fixed Income,842921.07,346.46,346.46,3,0,Settled
TRD-109640,12-08-2025,CLI-1122,Equities,358397.03,129.07,129.07,1,0,Settled
TRD-109641,13-08-2025,CLI-1062,Equities,609539.66,100.43,100.43,3,0,Settled
TRD-109642,12-12-2025,CLI-1109,OTC Derivatives,311429.75,62.7,62.7,3,1,System Lag
TRD-109643,03-12-2025,CLI-1072,FX Options,145719.37,58.3,58.3,1,0,Settled
TRD-109644,13-04-2025,CLI-1014,Fixed Income,1770037.77,577.85,577.85,0,0,Settled
TRD-109645,03-08-2025,CLI-1128,OTC Derivatives,426949.5,142.6,168.91,1,0,Settled
TRD-109646,11-07-2025,CLI-1036,OTC Derivatives,80195.66,14.76,14.76,0,0,Settled
TRD-109647,09-06-2025,CLI-1102,Fixed Income,270513.78,95.12,95.12,1,0,Settled
TRD-109648,26-07-2025,CLI-1009,OTC Derivatives,209744.56,85.63,85.63,3,1,System Lag
TRD-109649,26-09-2025,CLI-1148,Fixed Income,130454.89,59.24,59.24,1,0,Settled
TRD-109650,13-07-2025,CLI-1034,Fixed Income,1364825.66,538.68,538.68,2,0,Settled
TRD-109651,01-06-2025,CLI-1109,Equities,1073979.85,355,453.65,1,0,Settled
TRD-109652,25-08-2025,CLI-1067,OTC Derivatives,121039.01,44.7,44.7,0,0,Settled
TRD-109653,29-03-2025,CLI-1073,Fixed Income,227046.42,66.76,66.76,3,0,Settled
TRD-109654,11-01-2025,CLI-1137,Equities,728405.33,138.95,138.95,2,0,Settled
TRD-109655,06-07-2025,CLI-1102,OTC Derivatives,126916.52,57.48,57.48,1,0,Settled
TRD-109656,02-08-2025,CLI-1113,Fixed Income,457711.08,143.29,143.29,1,0,Settled
TRD-109657,15-01-2025,CLI-1115,FX Options,611643.09,206.57,206.57,1,0,Settled
TRD-109658,23-09-2025,CLI-1125,Equities,540618.26,268.17,268.17,1,0,Settled
TRD-109659,24-10-2025,CLI-1112,Fixed Income,622783.21,307.66,307.66,1,0,Settled
TRD-109660,14-03-2025,CLI-1010,Equities,623278.95,208.5,208.5,1,0,Settled
TRD-109661,21-02-2025,CLI-1003,FX Options,1683438.69,191.21,191.21,3,0,Settled
TRD-109662,08-05-2025,CLI-1104,Equities,222705.52,57.56,57.56,1,0,Settled
TRD-109663,28-01-2025,CLI-1132,Fixed Income,1064292.76,505.45,505.45,4,1,Margin Breach
TRD-109664,06-03-2025,CLI-1149,OTC Derivatives,21024.18,4.53,4.53,1,0,Settled
TRD-109665,17-01-2025,CLI-1138,Equities,179981.23,89.94,89.94,0,0,Settled
TRD-109666,17-12-2025,CLI-1010,FX Options,34939.66,4.67,4.67,4,0,Settled
TRD-109667,18-05-2025,CLI-1047,OTC Derivatives,536633.97,175.61,175.61,0,0,Settled
TRD-109668,15-11-2025,CLI-1121,Equities,63119.55,19.33,19.33,1,1,System Lag
TRD-109669,17-08-2025,CLI-1052,Equities,944450.5,190.91,190.91,0,0,Settled
TRD-109670,11-09-2025,CLI-1056,Equities,530065.59,254.14,352.6,3,0,Settled
TRD-109671,29-07-2025,CLI-1048,Equities,24619.36,8.56,8.56,2,0,Settled
TRD-109672,21-10-2025,CLI-1060,OTC Derivatives,637242.61,122.41,122.41,0,1,Custodian Delay
TRD-109673,19-08-2025,CLI-1051,FX Options,1000377.43,253.72,253.72,0,0,Settled
TRD-109674,29-08-2025,CLI-1076,Equities,551056.1,214.08,214.08,1,0,Settled
TRD-109675,11-03-2025,CLI-1041,Fixed Income,25499.89,5.59,5.59,2,0,Settled
TRD-109676,14-04-2025,CLI-1077,Fixed Income,985680.91,445.37,445.37,2,0,Settled
TRD-109677,23-07-2025,CLI-1068,Equities,669250.41,111.28,111.28,2,0,Settled
TRD-109678,22-02-2025,CLI-1097,Equities,247770.52,50.99,50.99,0,0,Settled
TRD-109679,26-11-2025,CLI-1008,Equities,209217.63,33.05,33.05,1,0,Settled
TRD-109680,23-02-2025,CLI-1006,Fixed Income,336790.36,47.71,47.71,2,0,Settled
TRD-109681,03-10-2025,CLI-1056,Fixed Income,1019085.74,224.33,224.33,1,0,Settled
TRD-109682,01-12-2025,CLI-1035,OTC Derivatives,155215.83,77.56,77.56,1,0,Settled
TRD-109683,31-01-2025,CLI-1034,Equities,63216,8.71,8.71,3,1,SSI Mismatch
TRD-109684,15-05-2025,CLI-1013,OTC Derivatives,1009895.29,187.03,187.03,1,0,Settled
TRD-109685,27-02-2025,CLI-1125,Fixed Income,23320.8,4.87,4.87,0,0,Settled
TRD-109686,15-04-2025,CLI-1073,OTC Derivatives,1219542.73,423.98,423.98,0,0,Settled
TRD-109687,23-09-2025,CLI-1080,Fixed Income,192458.12,76.62,76.62,2,0,Settled
TRD-109688,10-01-2025,CLI-1073,OTC Derivatives,364864.66,146.23,146.23,2,1,Custodian Delay
TRD-109689,10-09-2025,CLI-1038,OTC Derivatives,80952.04,8.37,8.37,3,1,Margin Breach
TRD-109690,22-10-2025,CLI-1083,Fixed Income,1172696.46,423.04,423.04,0,0,Settled
TRD-109691,05-06-2025,CLI-1033,Equities,702819.73,247.6,247.6,3,0,Settled
TRD-109692,07-06-2025,CLI-1142,FX Options,1299535.61,399.04,399.04,3,0,Settled
TRD-109693,06-02-2025,CLI-1059,OTC Derivatives,584788.16,147.18,147.18,2,0,Settled
TRD-109694,29-04-2025,CLI-1141,FX Options,112095.75,46.97,46.97,1,0,Settled
TRD-109695,08-03-2025,CLI-1142,OTC Derivatives,194277.62,46.15,46.15,1,0,Settled
TRD-109696,30-08-2025,CLI-1011,Fixed Income,343592.15,65.97,65.97,2,0,Settled
TRD-109697,26-10-2025,CLI-1145,Equities,477301.45,106.93,106.93,3,0,Settled
TRD-109698,01-08-2025,CLI-1014,Equities,1314959.08,362.74,362.74,2,0,Settled
TRD-109699,04-11-2025,CLI-1133,FX Options,252214.76,46.82,46.82,2,1,Custodian Delay
TRD-109700,11-04-2025,CLI-1007,Equities,617132.83,211.69,211.69,3,0,Settled
TRD-109701,25-02-2025,CLI-1120,Equities,1632210.28,740.51,740.51,0,0,Settled
TRD-109702,28-11-2025,CLI-1109,OTC Derivatives,92657.93,31.34,31.34,0,0,Settled
TRD-109703,20-11-2025,CLI-1049,OTC Derivatives,1002828.4,279.46,279.46,2,0,Settled
TRD-109704,27-08-2025,CLI-1145,Equities,282972.64,118.49,118.49,1,0,Settled
TRD-109705,19-08-2025,CLI-1100,Equities,669171.66,267.14,267.14,0,0,Settled
TRD-109706,28-12-2025,CLI-1066,Fixed Income,183743.17,45.35,45.35,1,0,Settled
TRD-109707,02-04-2025,CLI-1094,Equities,213220.96,72.85,72.85,1,0,Settled
TRD-109708,06-10-2025,CLI-1122,OTC Derivatives,23754.06,9.31,9.31,1,0,Settled
TRD-109709,19-04-2025,CLI-1044,Equities,1787246.89,354.21,354.21,2,0,Settled
TRD-109710,13-11-2025,CLI-1139,OTC Derivatives,849534.89,209.42,209.42,1,0,Settled
TRD-109711,17-06-2025,CLI-1123,OTC Derivatives,59312.71,8.44,8.44,3,0,Settled
TRD-109712,27-10-2025,CLI-1000,Fixed Income,3819325.18,1890.84,1890.84,0,0,Settled
TRD-109713,06-08-2025,CLI-1128,Equities,474465.89,63.74,87.73,3,0,Settled
TRD-109714,10-08-2025,CLI-1119,Fixed Income,971145.87,162.61,162.61,1,0,Settled
TRD-109715,10-06-2025,CLI-1139,Fixed Income,44493.27,12.99,12.99,2,0,Settled
TRD-109716,16-01-2025,CLI-1067,Equities,256698.51,114.52,114.52,1,0,Settled
TRD-109717,05-10-2025,CLI-1070,OTC Derivatives,563802.99,136.64,136.64,1,1,System Lag
TRD-109718,26-02-2025,CLI-1039,Fixed Income,66267.38,27,27,1,0,Settled
TRD-109719,03-03-2025,CLI-1142,OTC Derivatives,345597.78,128.01,128.01,2,0,Settled
TRD-109720,29-12-2025,CLI-1094,Equities,302305.94,107.46,107.46,1,1,Custodian Delay
TRD-109721,23-11-2025,CLI-1120,Equities,131698.78,57.68,57.68,1,0,Settled
TRD-109722,30-08-2025,CLI-1024,FX Options,188530.25,19.92,19.92,1,0,Settled
TRD-109723,31-03-2025,CLI-1024,Fixed Income,1717420.33,810.04,810.04,0,0,Settled
TRD-109724,13-03-2025,CLI-1016,Fixed Income,180294.29,77.83,77.83,0,0,Settled
TRD-109725,22-11-2025,CLI-1074,Fixed Income,130034.32,61.79,61.79,2,0,Settled
TRD-109726,30-01-2025,CLI-1020,Equities,394160.81,164.54,164.54,1,0,Settled
TRD-109727,25-12-2025,CLI-1015,OTC Derivatives,565784.99,255.42,255.42,1,0,Settled
TRD-109728,15-10-2025,CLI-1110,Equities,655661.41,118.83,118.83,1,0,Settled
TRD-109729,27-03-2025,CLI-1134,Fixed Income,711714.53,162.05,162.05,0,0,Settled
TRD-109730,22-08-2025,CLI-1074,Fixed Income,28763.97,6.5,6.5,2,1,Custodian Delay
TRD-109731,23-08-2025,CLI-1132,FX Options,260240,37.39,37.39,2,0,Settled
TRD-109732,09-11-2025,CLI-1097,Fixed Income,753517.4,295.25,295.25,5,0,Settled
TRD-109733,31-12-2025,CLI-1078,Equities,1186161.39,183.22,183.22,1,1,System Lag
TRD-109734,22-09-2025,CLI-1135,Fixed Income,470903.11,56.98,56.98,0,0,Settled
TRD-109735,14-10-2025,CLI-1128,Equities,36862.26,15.12,15.12,1,0,Settled
TRD-109736,23-11-2025,CLI-1059,Equities,262625.43,121.3,121.3,2,0,Settled
TRD-109737,26-09-2025,CLI-1042,Equities,48563.17,19.7,19.7,0,0,Settled
TRD-109738,05-07-2025,CLI-1132,Fixed Income,700231.42,301.2,301.2,4,0,Settled
TRD-109739,11-05-2025,CLI-1089,Equities,42805.8,14.48,14.48,1,0,Settled
TRD-109740,18-10-2025,CLI-1102,Fixed Income,112732.29,51.3,51.3,1,0,Settled
TRD-109741,04-10-2025,CLI-1021,FX Options,279748.39,83.56,100.14,1,0,Settled
TRD-109742,16-11-2025,CLI-1001,OTC Derivatives,320551.29,158.78,158.78,2,1,System Lag
TRD-109743,17-12-2025,CLI-1098,Equities,270843.62,38.29,47.78,1,1,SSI Mismatch
TRD-109744,29-06-2025,CLI-1101,Equities,321248.05,136.1,169.26,3,1,Margin Breach
TRD-109745,17-10-2025,CLI-1002,Fixed Income,634553.35,226.25,226.25,0,0,Settled
TRD-109746,12-06-2025,CLI-1000,OTC Derivatives,240437.77,79.89,79.89,2,1,System Lag
TRD-109747,28-09-2025,CLI-1138,Equities,406760.58,158.77,158.77,1,0,Settled
TRD-109748,06-04-2025,CLI-1114,OTC Derivatives,190749.89,83.19,83.19,2,0,Settled
TRD-109749,19-09-2025,CLI-1092,Fixed Income,228189.65,101.58,101.58,2,1,Custodian Delay
TRD-109750,31-12-2025,CLI-1016,Fixed Income,485698.61,82.64,82.64,1,0,Settled
TRD-109751,19-12-2025,CLI-1128,FX Options,347157.46,62.08,83.49,0,0,Settled
TRD-109752,15-10-2025,CLI-1076,OTC Derivatives,651934.4,69.41,69.41,4,1,Custodian Delay
TRD-109753,24-03-2025,CLI-1051,OTC Derivatives,421102.68,64.32,64.32,3,1,Custodian Delay
TRD-109754,13-08-2025,CLI-1108,Equities,823734.97,169.32,169.32,3,1,Custodian Delay
TRD-109755,11-08-2025,CLI-1136,Fixed Income,302961.59,117.67,117.67,1,0,Settled
TRD-109756,28-04-2025,CLI-1074,Fixed Income,347686.66,100.94,132.67,2,0,Settled
TRD-109757,11-07-2025,CLI-1130,Equities,564287.9,227.5,227.5,1,0,Settled
TRD-109758,20-03-2025,CLI-1025,Fixed Income,135028.72,39.78,39.78,0,0,Settled
TRD-109759,19-03-2025,CLI-1083,Equities,253822.8,81.79,81.79,1,0,Settled
TRD-109760,27-05-2025,CLI-1052,Equities,500203,72.24,72.24,4,0,Settled
TRD-109761,17-04-2025,CLI-1139,Equities,24650.7,10.12,10.12,0,0,Settled
TRD-109762,28-09-2025,CLI-1065,OTC Derivatives,297212.46,119.85,119.85,0,1,Margin Breach
TRD-109763,01-09-2025,CLI-1092,FX Options,466709.85,104.09,104.09,2,1,SSI Mismatch
TRD-109764,14-03-2025,CLI-1022,Fixed Income,1721346.36,398.37,398.37,0,0,Settled
TRD-109765,23-12-2025,CLI-1005,Fixed Income,1057852.79,198.74,198.74,4,0,Settled
TRD-109766,20-12-2025,CLI-1104,Equities,174767.54,74.37,74.37,0,0,Settled
TRD-109767,26-01-2025,CLI-1058,FX Options,363836.19,145.1,145.1,1,0,Settled
TRD-109768,29-07-2025,CLI-1108,Fixed Income,39034.08,13.41,13.41,1,0,Settled
TRD-109769,02-04-2025,CLI-1124,OTC Derivatives,147714.99,28.88,28.88,1,0,Settled
TRD-109770,05-05-2025,CLI-1093,OTC Derivatives,755507.25,127.49,127.49,3,1,Margin Breach
TRD-109771,14-03-2025,CLI-1096,Equities,75803.2,9.1,9.1,5,0,Settled
TRD-109772,03-05-2025,CLI-1110,Fixed Income,158994.52,18.8,18.8,1,0,Settled
TRD-109773,05-11-2025,CLI-1102,FX Options,1451581.42,253.82,253.82,1,0,Settled
TRD-109774,03-07-2025,CLI-1023,Equities,878226.15,123.14,123.14,1,0,Settled
TRD-109775,06-07-2025,CLI-1113,Fixed Income,771235.11,248.68,248.68,2,0,Settled
TRD-109776,17-07-2025,CLI-1034,FX Options,1009604.01,245.57,245.57,0,0,Settled
TRD-109777,19-03-2025,CLI-1024,Equities,702359.18,195.24,195.24,0,0,Settled
TRD-109778,14-12-2025,CLI-1125,OTC Derivatives,74249.87,25.07,25.07,4,0,Settled
TRD-109779,05-07-2025,CLI-1014,FX Options,373415.41,135.79,135.79,0,0,Settled
TRD-109780,10-12-2025,CLI-1026,OTC Derivatives,303712.89,109.12,109.12,1,0,Settled
TRD-109781,10-09-2025,CLI-1142,Equities,196367.01,40.13,40.13,2,0,Settled
TRD-109782,13-01-2025,CLI-1015,Equities,908005.48,384.86,492.14,3,0,Settled
TRD-109783,26-10-2025,CLI-1105,Equities,321940.43,150.37,150.37,0,0,Settled
TRD-109784,17-03-2025,CLI-1061,OTC Derivatives,41096.03,9.3,9.3,0,0,Settled
TRD-109785,20-02-2025,CLI-1125,OTC Derivatives,170768.08,18.24,24.89,1,0,Settled
TRD-109786,02-10-2025,CLI-1021,Fixed Income,139787.77,64.26,64.26,1,0,Settled
TRD-109787,29-05-2025,CLI-1144,Equities,1102307.19,517.44,517.44,1,0,Settled
TRD-109788,07-08-2025,CLI-1058,Equities,531264.54,63.95,63.95,0,0,Settled
TRD-109789,02-05-2025,CLI-1010,OTC Derivatives,420918.03,42.93,42.93,0,0,Settled
TRD-109790,30-07-2025,CLI-1129,OTC Derivatives,363267.44,154.96,154.96,0,0,Settled
TRD-109791,07-10-2025,CLI-1092,FX Options,535072.56,118.03,118.03,0,0,Settled
TRD-109792,26-01-2025,CLI-1069,OTC Derivatives,712994.61,332.14,442.28,0,0,Settled
TRD-109793,22-06-2025,CLI-1011,OTC Derivatives,414149.63,77.32,77.32,1,0,Settled
TRD-109794,05-06-2025,CLI-1113,OTC Derivatives,1402617.5,623.41,623.41,0,0,Settled
TRD-109795,26-08-2025,CLI-1130,Fixed Income,1892538.48,241.22,241.22,1,0,Settled
TRD-109796,23-03-2025,CLI-1108,Fixed Income,2694618.54,550.39,669.09,3,0,Settled
TRD-109797,22-12-2025,CLI-1076,FX Options,563409.6,275.65,275.65,0,0,Settled
TRD-109798,30-09-2025,CLI-1091,Fixed Income,1358706.98,261.52,261.52,1,1,Margin Breach
TRD-109799,09-03-2025,CLI-1065,Equities,269159.9,41.24,52.01,1,1,System Lag
TRD-109800,13-02-2025,CLI-1000,Equities,991602.8,439.1,439.1,2,1,System Lag
TRD-109801,02-03-2025,CLI-1079,Equities,1209406.49,177.93,177.93,1,0,Settled
TRD-109802,03-05-2025,CLI-1064,Fixed Income,1182435.71,164.34,164.34,1,1,Custodian Delay
TRD-109803,15-12-2025,CLI-1119,Equities,898473.7,206.08,206.08,1,0,Settled
TRD-109804,15-07-2025,CLI-1030,Equities,270942.58,95.95,95.95,2,0,Settled
TRD-109805,26-11-2025,CLI-1107,Fixed Income,96526.81,37.1,37.1,2,0,Settled
TRD-109806,19-11-2025,CLI-1123,Equities,213200.04,96.47,96.47,1,0,Settled
TRD-109807,21-04-2025,CLI-1122,OTC Derivatives,738978.04,233.79,233.79,1,0,Settled
TRD-109808,15-09-2025,CLI-1127,Fixed Income,142559.61,36.69,36.69,2,0,Settled
TRD-109809,30-03-2025,CLI-1017,Fixed Income,335304.51,81.66,81.66,1,0,Settled
TRD-109810,17-07-2025,CLI-1025,Equities,426664.05,187.2,187.2,0,0,Settled
TRD-109811,09-10-2025,CLI-1023,Equities,472991.98,184.24,184.24,3,0,Settled
TRD-109812,19-07-2025,CLI-1111,Fixed Income,1382296.53,638.86,638.86,1,0,Settled
TRD-109813,09-04-2025,CLI-1029,OTC Derivatives,551605.28,267.87,267.87,1,0,Settled
TRD-109814,27-01-2025,CLI-1007,OTC Derivatives,781588.29,171.97,171.97,1,0,Settled
TRD-109815,30-03-2025,CLI-1067,Equities,445991.43,139.09,139.09,3,0,Settled
TRD-109816,26-05-2025,CLI-1073,Fixed Income,906621.24,319.79,319.79,0,0,Settled
TRD-109817,01-07-2025,CLI-1000,Equities,163034.11,26.99,26.99,0,1,System Lag
TRD-109818,14-09-2025,CLI-1061,FX Options,127783.75,15.51,15.51,2,0,Settled
TRD-109819,08-07-2025,CLI-1146,FX Options,1314012.27,587.5,587.5,0,0,Settled
TRD-109820,28-08-2025,CLI-1002,Fixed Income,601237.57,188.91,188.91,1,0,Settled
TRD-109821,25-12-2025,CLI-1101,Fixed Income,566648.15,186.04,186.04,1,0,Settled
TRD-109822,15-07-2025,CLI-1102,OTC Derivatives,324893.96,104.6,104.6,1,0,Settled
TRD-109823,24-10-2025,CLI-1089,OTC Derivatives,246361.47,99.03,135.39,2,1,Margin Breach
TRD-109824,14-06-2025,CLI-1120,Fixed Income,415617.73,65.75,65.75,0,0,Settled
TRD-109825,03-11-2025,CLI-1078,FX Options,74238.58,25.66,25.66,3,0,Settled
TRD-109826,28-09-2025,CLI-1062,Fixed Income,313221.11,90.14,90.14,1,0,Settled
TRD-109827,08-01-2025,CLI-1076,Fixed Income,313822.2,143.98,143.98,0,0,Settled
TRD-109828,07-02-2025,CLI-1123,OTC Derivatives,396459.52,122.05,122.05,0,0,Settled
TRD-109829,24-04-2025,CLI-1009,Fixed Income,513498.48,245.03,245.03,2,0,Settled
TRD-109830,05-12-2025,CLI-1145,OTC Derivatives,1586993.28,382.94,382.94,1,0,Settled
TRD-109831,25-02-2025,CLI-1068,Equities,538019.46,261.89,261.89,1,1,Margin Breach
TRD-109832,25-12-2025,CLI-1058,Equities,1085899.26,488.72,488.72,4,1,SSI Mismatch
TRD-109833,18-05-2025,CLI-1099,Equities,416307.66,138.92,138.92,0,0,Settled
TRD-109834,12-04-2025,CLI-1110,Fixed Income,502991.77,121.46,149,0,0,Settled
TRD-109835,30-11-2025,CLI-1147,Fixed Income,46197.69,11.57,11.57,2,0,Settled
TRD-109836,26-06-2025,CLI-1057,FX Options,81510.26,33.35,33.35,1,0,Settled
TRD-109837,18-06-2025,CLI-1040,Fixed Income,443358.1,147.31,147.31,2,0,Settled
TRD-109838,05-12-2025,CLI-1141,OTC Derivatives,261852.91,68.25,68.25,1,0,Settled
TRD-109839,13-10-2025,CLI-1042,Equities,811754.06,287.7,287.7,3,0,Settled
TRD-109840,18-09-2025,CLI-1102,OTC Derivatives,401730.59,158,158,3,0,Settled
TRD-109841,11-08-2025,CLI-1138,Fixed Income,1079770.07,117.87,117.87,0,0,Settled
TRD-109842,18-07-2025,CLI-1085,Fixed Income,1803733.57,245.21,245.21,0,0,Settled
TRD-109843,30-07-2025,CLI-1098,Equities,89870.33,12.38,12.38,1,1,Margin Breach
TRD-109844,14-10-2025,CLI-1016,Fixed Income,261121.08,50.34,50.34,0,0,Settled
TRD-109845,29-06-2025,CLI-1081,Fixed Income,556784.05,150.77,150.77,1,0,Settled
TRD-109846,07-09-2025,CLI-1045,Fixed Income,192273.46,81.04,81.04,1,0,Settled
TRD-109847,19-08-2025,CLI-1108,FX Options,165326.85,39.75,49.23,2,0,Settled
TRD-109848,23-01-2025,CLI-1124,OTC Derivatives,850302,90.97,90.97,1,0,Settled
TRD-109849,17-02-2025,CLI-1149,FX Options,1975563.9,579.52,579.52,2,0,Settled
TRD-109850,19-04-2025,CLI-1011,Fixed Income,753175.22,375.57,375.57,2,1,Custodian Delay
TRD-109851,23-10-2025,CLI-1042,FX Options,380829.15,91.25,91.25,0,0,Settled
TRD-109852,06-01-2025,CLI-1037,OTC Derivatives,302156.46,146.4,146.4,1,1,Margin Breach
TRD-109853,07-02-2025,CLI-1004,Equities,397881.63,55.92,55.92,0,0,Settled
TRD-109854,18-06-2025,CLI-1053,Fixed Income,320729.36,54.28,54.28,0,0,Settled
TRD-109855,22-12-2025,CLI-1016,Equities,359470.02,140.07,140.07,2,0,Settled
TRD-109856,10-10-2025,CLI-1108,Equities,123734.6,37.18,37.18,2,0,Settled
TRD-109857,22-07-2025,CLI-1144,Equities,1180361.33,479.28,479.28,3,1,Margin Breach
TRD-109858,21-11-2025,CLI-1031,Equities,712300.46,317.28,317.28,0,0,Settled
TRD-109859,09-11-2025,CLI-1061,OTC Derivatives,581246.7,116.5,116.5,0,0,Settled
TRD-109860,30-09-2025,CLI-1033,Fixed Income,1507116.41,562.35,562.35,0,0,Settled
TRD-109861,01-09-2025,CLI-1068,Equities,177313,60.83,60.83,1,0,Settled
TRD-109862,23-11-2025,CLI-1089,OTC Derivatives,52321.32,23.26,23.26,0,0,Settled
TRD-109863,16-02-2025,CLI-1131,OTC Derivatives,884748.6,240.69,240.69,2,1,Margin Breach
TRD-109864,06-09-2025,CLI-1108,FX Options,3234205.27,390.52,390.52,2,1,Margin Breach
TRD-109865,20-03-2025,CLI-1071,Fixed Income,441887.61,145.68,145.68,2,1,SSI Mismatch
TRD-109866,20-04-2025,CLI-1069,Fixed Income,40304.8,19.49,19.49,0,0,Settled
TRD-109867,13-01-2025,CLI-1106,Equities,768128.73,81.31,81.31,0,0,Settled
TRD-109868,31-12-2025,CLI-1127,Equities,48305.04,9.47,9.47,0,0,Settled
TRD-109869,31-03-2025,CLI-1131,Equities,398279.6,90.18,90.18,2,0,Settled
TRD-109870,08-12-2025,CLI-1141,Fixed Income,172541.4,70.11,70.11,1,0,Settled
TRD-109871,14-12-2025,CLI-1050,FX Options,1242709.57,284.97,284.97,1,0,Settled
TRD-109872,07-10-2025,CLI-1140,Equities,310130.16,60.67,60.67,0,0,Settled
TRD-109873,09-08-2025,CLI-1103,Equities,1153667.72,414.65,414.65,1,0,Settled
TRD-109874,14-03-2025,CLI-1029,Equities,187681.53,22.25,22.25,0,0,Settled
TRD-109875,22-08-2025,CLI-1066,OTC Derivatives,254991,42.9,42.9,1,0,Settled
TRD-109876,17-09-2025,CLI-1017,Equities,1479857.37,389.52,389.52,2,0,Settled
TRD-109877,23-04-2025,CLI-1020,Fixed Income,122393.98,29.65,29.65,2,1,SSI Mismatch
TRD-109878,15-02-2025,CLI-1088,Equities,441969.12,105.57,105.57,0,0,Settled
TRD-109879,01-10-2025,CLI-1043,Fixed Income,255928.61,36.71,36.71,1,1,Margin Breach
TRD-109880,12-02-2025,CLI-1056,Equities,753979.49,184.22,184.22,1,0,Settled
TRD-109881,27-07-2025,CLI-1103,Fixed Income,79226.81,33.21,33.21,2,0,Settled
TRD-109882,15-12-2025,CLI-1046,Equities,297428.78,78.98,78.98,1,0,Settled
TRD-109883,13-04-2025,CLI-1134,OTC Derivatives,610210.6,204.1,204.1,1,0,Settled
TRD-109884,04-05-2025,CLI-1114,Fixed Income,271294.13,44.88,44.88,1,0,Settled
TRD-109885,10-01-2025,CLI-1125,OTC Derivatives,40157.32,5.14,5.14,1,0,Settled
TRD-109886,25-11-2025,CLI-1018,Fixed Income,620580.27,280.49,280.49,2,1,System Lag
TRD-109887,06-07-2025,CLI-1095,Equities,359782.19,83.67,83.67,7,0,Settled
TRD-109888,31-01-2025,CLI-1065,Equities,15686.56,3.77,3.77,1,0,Settled
TRD-109889,05-06-2025,CLI-1081,Fixed Income,484220.91,218.42,218.42,0,0,Settled
TRD-109890,01-03-2025,CLI-1144,Fixed Income,1272121.27,487.36,487.36,0,0,Settled
TRD-109891,06-09-2025,CLI-1098,Fixed Income,68843.62,27.71,27.71,3,1,SSI Mismatch
TRD-109892,27-09-2025,CLI-1127,OTC Derivatives,456618.31,170.23,170.23,1,0,Settled
TRD-109893,05-08-2025,CLI-1141,OTC Derivatives,662207.68,94.24,94.24,1,0,Settled
TRD-109894,02-01-2025,CLI-1076,OTC Derivatives,46701.47,22.57,22.57,2,0,Settled
TRD-109895,24-01-2025,CLI-1111,Equities,21437.55,9.94,9.94,1,0,Settled
TRD-109896,25-07-2025,CLI-1143,Fixed Income,321993.3,62.62,62.62,0,0,Settled
TRD-109897,16-11-2025,CLI-1032,Equities,793157.33,334.39,334.39,2,0,Settled
TRD-109898,18-07-2025,CLI-1098,Fixed Income,97605.1,25.74,25.74,1,0,Settled
TRD-109899,22-12-2025,CLI-1132,Equities,915891.11,342.09,342.09,2,0,Settled
TRD-109900,24-04-2025,CLI-1036,Equities,544396.55,90.5,90.5,0,0,Settled
TRD-109901,07-10-2025,CLI-1139,OTC Derivatives,211863.28,66.83,66.83,2,1,Custodian Delay
TRD-109902,04-06-2025,CLI-1110,Fixed Income,372655.26,56.14,56.14,0,0,Settled
TRD-109903,14-06-2025,CLI-1072,Equities,1694485.82,532.86,532.86,1,0,Settled
TRD-109904,10-08-2025,CLI-1036,Equities,131951.89,26.05,26.05,1,0,Settled
TRD-109905,01-04-2025,CLI-1081,Fixed Income,356109.2,100.06,100.06,0,0,Settled
TRD-109906,16-06-2025,CLI-1046,FX Options,499730.5,183.49,183.49,2,0,Settled
TRD-109907,26-07-2025,CLI-1134,Fixed Income,84258.48,37.99,37.99,0,0,Settled
TRD-109908,09-10-2025,CLI-1022,FX Options,32248.79,5.36,5.36,2,0,Settled
TRD-109909,06-03-2025,CLI-1016,Equities,16775.68,7.67,7.67,2,0,Settled
TRD-109910,04-01-2025,CLI-1061,Fixed Income,206293.83,52.81,52.81,4,1,Margin Breach
TRD-109911,06-06-2025,CLI-1102,OTC Derivatives,48412.06,21.18,21.18,2,0,Settled
TRD-109912,06-09-2025,CLI-1101,Fixed Income,824233.8,251.41,251.41,2,0,Settled
TRD-109913,14-09-2025,CLI-1048,Equities,2970881.03,1321.7,1321.7,2,1,Custodian Delay
TRD-109914,23-08-2025,CLI-1030,Fixed Income,41631.71,15.2,15.2,0,0,Settled
TRD-109915,02-11-2025,CLI-1009,Fixed Income,293456.67,89.06,89.06,1,0,Settled
TRD-109916,15-03-2025,CLI-1102,OTC Derivatives,23034.49,5.18,5.18,1,0,Settled
TRD-109917,06-07-2025,CLI-1048,OTC Derivatives,81929.93,39.95,39.95,0,0,Settled
TRD-109918,03-03-2025,CLI-1121,OTC Derivatives,204984.81,86.17,86.17,2,0,Settled
TRD-109919,03-12-2025,CLI-1139,Fixed Income,260188.71,65.69,75.58,1,0,Settled
TRD-109920,13-06-2025,CLI-1036,Equities,1414899.84,235.85,235.85,3,0,Settled
TRD-109921,25-02-2025,CLI-1032,Fixed Income,261955.47,107.88,107.88,2,0,Settled
TRD-109922,21-04-2025,CLI-1043,OTC Derivatives,352865.04,175.01,175.01,2,1,Custodian Delay
TRD-109923,06-08-2025,CLI-1046,FX Options,150905.25,31.93,31.93,1,0,Settled
TRD-109924,28-08-2025,CLI-1071,Equities,10062.57,4.69,4.69,2,1,Custodian Delay
TRD-109925,21-01-2025,CLI-1075,Fixed Income,1157975.85,173.87,173.87,1,0,Settled
TRD-109926,21-05-2025,CLI-1106,Equities,52623.61,25.31,25.31,2,0,Settled
TRD-109927,22-09-2025,CLI-1090,Equities,1675586.3,667.11,667.11,2,0,Settled
TRD-109928,19-05-2025,CLI-1074,Fixed Income,80116.39,19.12,19.12,0,0,Settled
TRD-109929,11-03-2025,CLI-1147,Fixed Income,474280.96,105.22,105.22,1,0,Settled
TRD-109930,28-04-2025,CLI-1096,Equities,3728192.44,1332.36,1332.36,2,0,Settled
TRD-109931,17-07-2025,CLI-1118,OTC Derivatives,84519.56,28.52,28.52,2,1,Margin Breach
TRD-109932,24-07-2025,CLI-1017,OTC Derivatives,285774.41,133.62,133.62,0,0,Settled
TRD-109933,02-08-2025,CLI-1078,FX Options,768027.68,312.2,312.2,2,0,Settled
TRD-109934,25-02-2025,CLI-1004,Equities,26359.82,8.33,9.8,1,0,Settled
TRD-109935,14-10-2025,CLI-1014,Fixed Income,595241.21,280.37,280.37,0,0,Settled
TRD-109936,20-10-2025,CLI-1085,Fixed Income,51893.75,17.49,17.49,1,0,Settled
TRD-109937,24-06-2025,CLI-1108,Equities,144934.27,63.75,63.75,4,0,Settled
TRD-109938,13-12-2025,CLI-1044,Fixed Income,97222.03,42.43,49.92,1,0,Settled
TRD-109939,08-05-2025,CLI-1060,OTC Derivatives,1199389.94,560.93,560.93,1,0,Settled
TRD-109940,21-11-2025,CLI-1051,Equities,109504.03,13.91,13.91,1,0,Settled
TRD-109941,19-10-2025,CLI-1099,FX Options,30637.14,10.22,10.22,1,0,Settled
TRD-109942,15-10-2025,CLI-1062,OTC Derivatives,452911.9,130.15,130.15,2,1,SSI Mismatch
TRD-109943,14-08-2025,CLI-1009,OTC Derivatives,222462.31,65.9,85.23,1,1,SSI Mismatch
TRD-109944,05-03-2025,CLI-1045,OTC Derivatives,270190.75,76.72,76.72,3,0,Settled
TRD-109945,17-02-2025,CLI-1114,Equities,73384.44,31.92,39.26,0,0,Settled
TRD-109946,21-07-2025,CLI-1005,OTC Derivatives,699628.57,159.08,188.52,0,0,Settled
TRD-109947,03-12-2025,CLI-1043,Equities,470091.21,134.02,181.03,1,0,Settled
TRD-109948,01-03-2025,CLI-1077,OTC Derivatives,236449.02,42.63,42.63,1,1,SSI Mismatch
TRD-109949,14-09-2025,CLI-1122,Equities,104114.45,20.89,20.89,1,1,SSI Mismatch
TRD-109950,06-03-2025,CLI-1123,Equities,460026.32,167.53,167.53,3,0,Settled
TRD-109951,27-08-2025,CLI-1091,Fixed Income,763885.99,112.12,112.12,4,0,Settled
TRD-109952,16-10-2025,CLI-1081,Equities,197272.03,34.55,34.55,3,0,Settled
TRD-109953,07-02-2025,CLI-1030,Fixed Income,23100.32,7.19,7.19,1,0,Settled
TRD-109954,25-01-2025,CLI-1034,Fixed Income,130618.11,15.35,15.35,1,0,Settled
TRD-109955,28-02-2025,CLI-1034,OTC Derivatives,583477.84,87.97,112.53,1,0,Settled
TRD-109956,23-12-2025,CLI-1146,Fixed Income,2269330.1,1010.63,1010.63,3,0,Settled
TRD-109957,24-10-2025,CLI-1032,Equities,16733.25,7.34,7.34,0,0,Settled
TRD-109958,07-06-2025,CLI-1126,Equities,192752.31,46.09,46.09,4,0,Settled
TRD-109959,26-02-2025,CLI-1046,Fixed Income,42013.79,10.05,10.05,0,0,Settled
TRD-109960,17-02-2025,CLI-1109,Fixed Income,200154.07,94.99,94.99,1,0,Settled
TRD-109961,24-11-2025,CLI-1070,OTC Derivatives,270365.88,29.83,29.83,2,1,Margin Breach
TRD-109962,25-02-2025,CLI-1106,Equities,1278281.64,424.54,424.54,0,0,Settled
TRD-109963,06-03-2025,CLI-1129,Equities,51995.68,17.62,17.62,2,0,Settled
TRD-109964,25-09-2025,CLI-1088,Equities,760592.41,315.76,315.76,2,1,System Lag
TRD-109965,10-03-2025,CLI-1100,Equities,261705.26,125.8,125.8,1,0,Settled
TRD-109966,04-08-2025,CLI-1024,Equities,843699.99,204.45,277.7,0,0,Settled
TRD-109967,30-03-2025,CLI-1149,OTC Derivatives,370158.67,101.84,101.84,1,1,Custodian Delay
TRD-109968,08-10-2025,CLI-1112,Equities,30037.2,11.07,11.07,2,0,Settled
TRD-109969,14-09-2025,CLI-1128,Fixed Income,1471295.6,716.39,971.13,1,1,System Lag
TRD-109970,09-06-2025,CLI-1047,Fixed Income,53178.92,24.27,24.27,0,0,Settled
TRD-109971,22-08-2025,CLI-1134,Equities,465258.1,170.67,170.67,2,0,Settled
TRD-109972,11-05-2025,CLI-1066,OTC Derivatives,1060507.34,469.48,469.48,1,1,SSI Mismatch
TRD-109973,18-02-2025,CLI-1065,Fixed Income,51565.71,6.91,6.91,1,0,Settled
TRD-109974,27-05-2025,CLI-1116,Fixed Income,413598.66,103.75,103.75,1,0,Settled
TRD-109975,12-11-2025,CLI-1035,OTC Derivatives,879459.83,92.55,92.55,0,0,Settled
TRD-109976,02-01-2025,CLI-1092,Equities,2156082.31,368.67,368.67,1,0,Settled
TRD-109977,25-11-2025,CLI-1073,OTC Derivatives,654270.68,230.43,230.43,2,0,Settled
TRD-109978,25-05-2025,CLI-1012,Fixed Income,173096.69,78.62,78.62,0,0,Settled
TRD-109979,02-03-2025,CLI-1120,Fixed Income,611270.8,215.85,215.85,1,0,Settled
TRD-109980,30-09-2025,CLI-1082,OTC Derivatives,621691.26,227.32,227.32,2,0,Settled
TRD-109981,18-02-2025,CLI-1061,OTC Derivatives,611929.76,86.61,115.66,2,1,Custodian Delay
TRD-109982,28-11-2025,CLI-1050,Fixed Income,972967.03,356.05,356.05,1,1,SSI Mismatch
TRD-109983,11-05-2025,CLI-1052,OTC Derivatives,55717.88,15.7,15.7,1,0,Settled
TRD-109984,12-02-2025,CLI-1137,Fixed Income,67379.97,24.3,30.48,0,0,Settled
TRD-109985,26-02-2025,CLI-1102,Fixed Income,521683.48,120.23,120.23,1,0,Settled
TRD-109986,19-02-2025,CLI-1000,Equities,1548266.18,514.94,514.94,1,1,SSI Mismatch
TRD-109987,27-06-2025,CLI-1001,Equities,323528.66,87.23,87.23,2,1,Margin Breach
TRD-109988,20-10-2025,CLI-1100,OTC Derivatives,1626521.63,526.11,526.11,0,0,Settled
TRD-109989,15-02-2025,CLI-1132,Equities,1400998.5,222.53,222.53,1,0,Settled
TRD-109990,19-06-2025,CLI-1108,Equities,1176057.1,303.81,303.81,1,0,Settled
TRD-109991,28-09-2025,CLI-1094,OTC Derivatives,1213145.57,302.94,383.04,1,1,SSI Mismatch
TRD-109992,02-12-2025,CLI-1038,Equities,1152956.39,454.91,620.9,1,0,Settled
TRD-109993,19-05-2025,CLI-1070,Equities,867092.04,331.72,331.72,0,0,Settled
TRD-109994,04-09-2025,CLI-1050,Fixed Income,603687.26,279.84,279.84,0,0,Settled
TRD-109995,28-05-2025,CLI-1115,Fixed Income,22355.5,7.89,7.89,2,1,Custodian Delay
TRD-109996,18-08-2025,CLI-1129,OTC Derivatives,80927.88,18.28,22.36,1,0,Settled
TRD-109997,07-10-2025,CLI-1074,Fixed Income,82069.18,33.92,33.92,1,0,Settled
TRD-109998,05-05-2025,CLI-1047,Fixed Income,21910.89,6.55,6.55,1,0,Settled
TRD-109999,11-07-2025,CLI-1026,OTC Derivatives,72046.19,12.78,12.78,2,1,System Lag
