ticket_id,client_id,trade_id,ticket_category,resolution_time_hrs,csat_score
TCK-5000,CLI-1020,TRD-103644,Fee Query,15.2,2
TCK-5001,CLI-1138,TRD-106713,Fee Query,8.8,4
TCK-5002,CLI-1009,TRD-106900,Trade Exception,11.2,1
TCK-5003,CLI-1013,TRD-107315,Fee Query,8.1,3
TCK-5004,CLI-1108,TRD-107739,Fee Query,1.8,3
TCK-5005,CLI-1118,TRD-104924,Reporting Request,10.6,3
TCK-5006,CLI-1111,TRD-107952,Fee Query,1.6,5
TCK-5007,CLI-1072,TRD-101299,Reporting Request,2.3,1
TCK-5008,CLI-1108,TRD-108055,Reporting Request,14.9,1
TCK-5009,CLI-1109,TRD-105083,Reporting Request,8.6,1
TCK-5010,CLI-1142,TRD-103861,Reporting Request,10.3,2
TCK-5011,CLI-1080,TRD-105428,Settlement Delay,3.2,5
TCK-5012,CLI-1053,TRD-109787,Trade Exception,14.9,2
TCK-5013,CLI-1015,TRD-100464,Settlement Delay,1.9,4
TCK-5014,CLI-1082,TRD-108994,Fee Query,4.5,4
TCK-5015,CLI-1050,TRD-104322,Trade Exception,29,4
TCK-5016,CLI-1056,TRD-104824,Trade Exception,1.3,2
TCK-5017,CLI-1003,TRD-108529,Settlement Delay,17.4,2
TCK-5018,CLI-1132,TRD-107728,Fee Query,3.1,3
TCK-5019,CLI-1037,TRD-103187,Reporting Request,22.5,2
TCK-5020,CLI-1135,TRD-104156,Reporting Request,12.2,3
TCK-5021,CLI-1057,TRD-107121,Trade Exception,1.4,4
TCK-5022,CLI-1030,TRD-108222,Reporting Request,1.1,3
TCK-5023,CLI-1148,TRD-106983,Reporting Request,11.3,3
TCK-5024,CLI-1077,TRD-100327,Fee Query,19.9,3
TCK-5025,CLI-1070,TRD-101339,Fee Query,16,2
TCK-5026,CLI-1066,TRD-102768,Fee Query,5.2,3
TCK-5027,CLI-1025,TRD-100389,Trade Exception,16.4,4
TCK-5028,CLI-1027,TRD-107031,Fee Query,4.9,5
TCK-5029,CLI-1107,TRD-104800,Fee Query,9.2,4
TCK-5030,CLI-1082,TRD-108625,Settlement Delay,4,4
TCK-5031,CLI-1140,TRD-104632,Reporting Request,2.5,3
TCK-5032,CLI-1058,TRD-103333,Fee Query,39.7,3
TCK-5033,CLI-1037,TRD-100054,Trade Exception,13.5,5
TCK-5034,CLI-1136,TRD-105997,Settlement Delay,4,4
TCK-5035,CLI-1071,TRD-102005,Settlement Delay,2.6,2
TCK-5036,CLI-1149,TRD-104332,Settlement Delay,4.6,4
TCK-5037,CLI-1025,TRD-102917,Settlement Delay,6.6,1
TCK-5038,CLI-1062,TRD-107730,Fee Query,25.1,5
TCK-5039,CLI-1091,TRD-100682,Settlement Delay,14.8,4
TCK-5040,CLI-1060,TRD-108601,Fee Query,6.4,5
TCK-5041,CLI-1056,TRD-106386,Trade Exception,5.7,3
TCK-5042,CLI-1020,TRD-109451,Fee Query,4.3,2
TCK-5043,CLI-1091,TRD-107871,Settlement Delay,2.4,4
TCK-5044,CLI-1081,TRD-100061,Fee Query,24.7,4
TCK-5045,CLI-1032,TRD-101540,Trade Exception,8.7,4
TCK-5046,CLI-1092,TRD-103375,Trade Exception,36.1,4
TCK-5047,CLI-1011,TRD-102641,Settlement Delay,19.2,3
TCK-5048,CLI-1058,TRD-108523,Settlement Delay,15.2,2
TCK-5049,CLI-1045,TRD-102490,Fee Query,6.1,5
TCK-5050,CLI-1117,TRD-100675,Fee Query,8.6,3
TCK-5051,CLI-1093,TRD-108347,Reporting Request,4.3,2
TCK-5052,CLI-1005,TRD-100789,Reporting Request,20.3,3
TCK-5053,CLI-1147,TRD-102730,Trade Exception,8.5,4
TCK-5054,CLI-1117,TRD-108068,Settlement Delay,19.7,1
TCK-5055,CLI-1028,TRD-103405,Fee Query,2,4
TCK-5056,CLI-1053,TRD-106566,Trade Exception,5.5,4
TCK-5057,CLI-1112,TRD-102356,Trade Exception,2.1,5
TCK-5058,CLI-1025,TRD-105078,Fee Query,11.7,5
TCK-5059,CLI-1022,TRD-102321,Trade Exception,16.4,1
TCK-5060,CLI-1037,TRD-108454,Trade Exception,19.4,4
TCK-5061,CLI-1050,TRD-109897,Fee Query,6.6,2
TCK-5062,CLI-1112,TRD-107731,Reporting Request,2.8,2
TCK-5063,CLI-1106,TRD-109064,Reporting Request,42.5,1
TCK-5064,CLI-1017,TRD-101484,Settlement Delay,3.5,1
TCK-5065,CLI-1049,TRD-109544,Fee Query,5.7,3
TCK-5066,CLI-1082,TRD-102168,Settlement Delay,5.4,1
TCK-5067,CLI-1108,TRD-102541,Settlement Delay,18.6,3
TCK-5068,CLI-1063,TRD-101582,Settlement Delay,22.7,2
TCK-5069,CLI-1000,TRD-101688,Reporting Request,5,5
TCK-5070,CLI-1080,TRD-108633,Reporting Request,5,3
TCK-5071,CLI-1069,TRD-105963,Settlement Delay,15,4
TCK-5072,CLI-1103,TRD-105152,Reporting Request,24.5,4
TCK-5073,CLI-1107,TRD-109389,Fee Query,3,4
TCK-5074,CLI-1113,TRD-107719,Reporting Request,50.5,4
TCK-5075,CLI-1120,TRD-106695,Fee Query,14.8,3
TCK-5076,CLI-1030,TRD-106234,Fee Query,5.3,2
TCK-5077,CLI-1037,TRD-101537,Trade Exception,18.4,5
TCK-5078,CLI-1021,TRD-101776,Trade Exception,1.6,4
TCK-5079,CLI-1114,TRD-101971,Fee Query,29.9,3
TCK-5080,CLI-1123,TRD-100684,Reporting Request,8.8,1
TCK-5081,CLI-1092,TRD-101640,Settlement Delay,3.9,4
TCK-5082,CLI-1023,TRD-103730,Settlement Delay,14.5,1
TCK-5083,CLI-1016,TRD-100622,Fee Query,2.2,4
TCK-5084,CLI-1063,TRD-108466,Reporting Request,8.7,3
TCK-5085,CLI-1049,TRD-104141,Reporting Request,34.5,4
TCK-5086,CLI-1022,TRD-103413,Reporting Request,13.2,3
TCK-5087,CLI-1073,TRD-102852,Fee Query,2.2,1
TCK-5088,CLI-1116,TRD-104051,Trade Exception,26.1,5
TCK-5089,CLI-1100,TRD-106662,Trade Exception,22.2,1
TCK-5090,CLI-1147,TRD-104834,Fee Query,17.1,5
TCK-5091,CLI-1139,TRD-103467,Reporting Request,3.1,4
TCK-5092,CLI-1057,TRD-109119,Trade Exception,12.5,4
TCK-5093,CLI-1127,TRD-107356,Trade Exception,19.5,5
TCK-5094,CLI-1093,TRD-100199,Settlement Delay,16,1
TCK-5095,CLI-1001,TRD-105374,Fee Query,5.9,2
TCK-5096,CLI-1005,TRD-100334,Settlement Delay,36.9,4
TCK-5097,CLI-1057,TRD-109679,Reporting Request,3.7,4
TCK-5098,CLI-1105,TRD-104486,Settlement Delay,7.9,4
TCK-5099,CLI-1086,TRD-105998,Fee Query,7.3,5
TCK-5100,CLI-1117,TRD-102791,Fee Query,28.2,4
TCK-5101,CLI-1028,TRD-102093,Settlement Delay,3.8,3
TCK-5102,CLI-1116,TRD-103183,Fee Query,18.7,4
TCK-5103,CLI-1007,TRD-105280,Reporting Request,10.1,4
TCK-5104,CLI-1125,TRD-108772,Settlement Delay,12.2,2
TCK-5105,CLI-1054,TRD-105725,Reporting Request,1.2,1
TCK-5106,CLI-1042,TRD-104929,Fee Query,14.5,4
TCK-5107,CLI-1012,TRD-105355,Settlement Delay,4.1,4
TCK-5108,CLI-1139,TRD-108435,Fee Query,8.3,5
TCK-5109,CLI-1146,TRD-105865,Settlement Delay,8.7,4
TCK-5110,CLI-1014,TRD-108609,Reporting Request,40.2,4
TCK-5111,CLI-1075,TRD-101830,Trade Exception,8.5,4
TCK-5112,CLI-1109,TRD-107929,Trade Exception,7.5,5
TCK-5113,CLI-1004,TRD-100852,Settlement Delay,18.1,5
TCK-5114,CLI-1146,TRD-104797,Settlement Delay,7.5,4
TCK-5115,CLI-1001,TRD-101463,Settlement Delay,26,4
TCK-5116,CLI-1136,TRD-102934,Reporting Request,10,4
TCK-5117,CLI-1122,TRD-105614,Fee Query,25.6,2
TCK-5118,CLI-1030,TRD-106839,Trade Exception,14.2,2
TCK-5119,CLI-1046,TRD-100038,Fee Query,13.6,5
TCK-5120,CLI-1093,TRD-107678,Settlement Delay,11,5
TCK-5121,CLI-1013,TRD-106110,Settlement Delay,9.2,4
TCK-5122,CLI-1022,TRD-100717,Reporting Request,6.4,5
TCK-5123,CLI-1070,TRD-105441,Settlement Delay,20.4,4
TCK-5124,CLI-1020,TRD-103938,Fee Query,13.3,5
TCK-5125,CLI-1104,TRD-102953,Settlement Delay,2.2,3
TCK-5126,CLI-1074,TRD-105197,Settlement Delay,14.6,4
TCK-5127,CLI-1023,TRD-104848,Reporting Request,1.6,3
TCK-5128,CLI-1136,TRD-107833,Trade Exception,45.8,3
TCK-5129,CLI-1017,TRD-105077,Fee Query,5.6,4
TCK-5130,CLI-1148,TRD-109635,Reporting Request,2.5,4
TCK-5131,CLI-1136,TRD-108509,Trade Exception,4.2,5
TCK-5132,CLI-1097,TRD-101899,Trade Exception,37,3
TCK-5133,CLI-1080,TRD-109841,Reporting Request,9.2,3
TCK-5134,CLI-1148,TRD-102648,Reporting Request,46.3,5
TCK-5135,CLI-1124,TRD-107786,Reporting Request,5.7,1
TCK-5136,CLI-1035,TRD-106610,Trade Exception,1.5,4
TCK-5137,CLI-1073,TRD-105789,Trade Exception,31.1,2
TCK-5138,CLI-1093,TRD-101727,Reporting Request,31,3
TCK-5139,CLI-1035,TRD-108030,Trade Exception,6.2,4
TCK-5140,CLI-1064,TRD-103450,Trade Exception,14,4
TCK-5141,CLI-1043,TRD-100400,Reporting Request,4.6,3
TCK-5142,CLI-1149,TRD-107257,Reporting Request,12.8,3
TCK-5143,CLI-1093,TRD-105637,Settlement Delay,1.8,3
TCK-5144,CLI-1041,TRD-101418,Trade Exception,6.1,4
TCK-5145,CLI-1063,TRD-109984,Trade Exception,6.9,3
TCK-5146,CLI-1099,TRD-102380,Trade Exception,5.5,2
TCK-5147,CLI-1139,TRD-107183,Settlement Delay,9.1,5
TCK-5148,CLI-1052,TRD-104949,Reporting Request,13.9,3
TCK-5149,CLI-1005,TRD-103650,Settlement Delay,9.3,4
TCK-5150,CLI-1098,TRD-109626,Settlement Delay,8.1,4
TCK-5151,CLI-1108,TRD-102127,Trade Exception,14,4
TCK-5152,CLI-1003,TRD-106500,Reporting Request,23.4,3
TCK-5153,CLI-1101,TRD-108181,Fee Query,8,4
TCK-5154,CLI-1082,TRD-104865,Fee Query,8.7,1
TCK-5155,CLI-1001,TRD-105073,Reporting Request,25.4,4
TCK-5156,CLI-1018,TRD-100815,Settlement Delay,1.1,2
TCK-5157,CLI-1000,TRD-103491,Fee Query,7.4,2
TCK-5158,CLI-1116,TRD-101234,Settlement Delay,1.3,4
TCK-5159,CLI-1070,TRD-107461,Fee Query,6.7,3
TCK-5160,CLI-1068,TRD-102215,Settlement Delay,4.6,2
TCK-5161,CLI-1103,TRD-103595,Fee Query,10.8,2
TCK-5162,CLI-1134,TRD-102204,Settlement Delay,8.5,5
TCK-5163,CLI-1053,TRD-107494,Fee Query,2.3,4
TCK-5164,CLI-1115,TRD-102168,Trade Exception,10.1,2
TCK-5165,CLI-1009,TRD-103658,Fee Query,15.2,5
TCK-5166,CLI-1023,TRD-100804,Fee Query,1.7,5
TCK-5167,CLI-1005,TRD-104334,Settlement Delay,1.4,2
TCK-5168,CLI-1105,TRD-104942,Trade Exception,26.9,4
TCK-5169,CLI-1006,TRD-100217,Trade Exception,11,3
TCK-5170,CLI-1118,TRD-109405,Settlement Delay,2.4,4
TCK-5171,CLI-1093,TRD-103657,Reporting Request,16.2,2
TCK-5172,CLI-1032,TRD-107521,Fee Query,24.3,2
TCK-5173,CLI-1066,TRD-106119,Reporting Request,42,4
TCK-5174,CLI-1063,TRD-102525,Reporting Request,22.3,5
TCK-5175,CLI-1003,TRD-101924,Trade Exception,17.6,5
TCK-5176,CLI-1068,TRD-107668,Settlement Delay,26.3,5
TCK-5177,CLI-1030,TRD-103507,Trade Exception,9,3
TCK-5178,CLI-1039,TRD-103593,Settlement Delay,9,4
TCK-5179,CLI-1040,TRD-101598,Fee Query,14.5,2
TCK-5180,CLI-1079,TRD-108266,Reporting Request,26,3
TCK-5181,CLI-1141,TRD-107606,Settlement Delay,3.8,2
TCK-5182,CLI-1099,TRD-103728,Reporting Request,7.8,4
TCK-5183,CLI-1069,TRD-107468,Reporting Request,17.9,2
TCK-5184,CLI-1127,TRD-108256,Trade Exception,5,4
TCK-5185,CLI-1142,TRD-104407,Fee Query,1.7,2
TCK-5186,CLI-1010,TRD-106627,Trade Exception,7.4,4
TCK-5187,CLI-1089,TRD-100563,Fee Query,44.2,2
TCK-5188,CLI-1084,TRD-100060,Reporting Request,13.5,2
TCK-5189,CLI-1016,TRD-101652,Settlement Delay,19,3
TCK-5190,CLI-1115,TRD-106946,Reporting Request,2.3,5
TCK-5191,CLI-1001,TRD-107692,Settlement Delay,10,1
TCK-5192,CLI-1022,TRD-107858,Settlement Delay,26.1,3
TCK-5193,CLI-1036,TRD-106016,Settlement Delay,26.4,1
TCK-5194,CLI-1129,TRD-100033,Trade Exception,47.7,2
TCK-5195,CLI-1012,TRD-104714,Settlement Delay,21.9,3
TCK-5196,CLI-1131,TRD-107004,Reporting Request,25.9,4
TCK-5197,CLI-1114,TRD-105160,Settlement Delay,3.8,4
TCK-5198,CLI-1138,TRD-105784,Reporting Request,1.3,3
TCK-5199,CLI-1039,TRD-106918,Settlement Delay,13.8,4
TCK-5200,CLI-1016,TRD-101364,Settlement Delay,15,1
TCK-5201,CLI-1038,TRD-107039,Fee Query,30.9,1
TCK-5202,CLI-1099,TRD-100665,Reporting Request,10.8,2
TCK-5203,CLI-1106,TRD-104658,Fee Query,7.6,3
TCK-5204,CLI-1068,TRD-103593,Trade Exception,33.7,3
TCK-5205,CLI-1120,TRD-101502,Fee Query,3.7,4
TCK-5206,CLI-1029,TRD-107185,Trade Exception,8.6,5
TCK-5207,CLI-1070,TRD-103210,Trade Exception,1.5,4
TCK-5208,CLI-1061,TRD-102745,Fee Query,20,5
TCK-5209,CLI-1063,TRD-109724,Trade Exception,12.7,5
TCK-5210,CLI-1045,TRD-106047,Reporting Request,5.1,4
TCK-5211,CLI-1054,TRD-100020,Reporting Request,10.3,5
TCK-5212,CLI-1001,TRD-103639,Trade Exception,14.9,4
TCK-5213,CLI-1103,TRD-103591,Settlement Delay,19.8,4
TCK-5214,CLI-1122,TRD-101352,Settlement Delay,2.3,1
TCK-5215,CLI-1117,TRD-104588,Fee Query,3.6,4
TCK-5216,CLI-1041,TRD-100516,Settlement Delay,9.9,5
TCK-5217,CLI-1092,TRD-108178,Reporting Request,15.9,5
TCK-5218,CLI-1078,TRD-101677,Trade Exception,26.4,3
TCK-5219,CLI-1120,TRD-102092,Trade Exception,10.4,4
TCK-5220,CLI-1138,TRD-109950,Fee Query,5.4,5
TCK-5221,CLI-1070,TRD-107750,Reporting Request,24.4,3
TCK-5222,CLI-1146,TRD-105542,Settlement Delay,39.9,2
TCK-5223,CLI-1093,TRD-104714,Trade Exception,4.4,2
TCK-5224,CLI-1056,TRD-106100,Reporting Request,12.1,2
TCK-5225,CLI-1063,TRD-108555,Fee Query,5.7,5
TCK-5226,CLI-1006,TRD-106629,Settlement Delay,24.6,4
TCK-5227,CLI-1013,TRD-105644,Settlement Delay,7.3,4
TCK-5228,CLI-1087,TRD-106055,Fee Query,30.4,2
TCK-5229,CLI-1074,TRD-108618,Trade Exception,8.7,3
TCK-5230,CLI-1111,TRD-108753,Trade Exception,16.8,5
TCK-5231,CLI-1026,TRD-104279,Trade Exception,6.1,4
TCK-5232,CLI-1141,TRD-109277,Reporting Request,10,1
TCK-5233,CLI-1059,TRD-103171,Settlement Delay,15.1,3
TCK-5234,CLI-1135,TRD-107862,Reporting Request,3.5,1
TCK-5235,CLI-1037,TRD-101949,Trade Exception,3.3,4
TCK-5236,CLI-1092,TRD-104291,Trade Exception,2.1,3
TCK-5237,CLI-1031,TRD-109128,Reporting Request,6.2,2
TCK-5238,CLI-1083,TRD-103539,Fee Query,11.7,5
TCK-5239,CLI-1085,TRD-101035,Settlement Delay,2.4,4
TCK-5240,CLI-1128,TRD-108557,Settlement Delay,2.9,4
TCK-5241,CLI-1104,TRD-106489,Trade Exception,19.6,4
TCK-5242,CLI-1030,TRD-101061,Reporting Request,7.9,4
TCK-5243,CLI-1102,TRD-101844,Settlement Delay,2.1,1
TCK-5244,CLI-1133,TRD-109583,Fee Query,5.6,3
TCK-5245,CLI-1032,TRD-109565,Reporting Request,8.5,4
TCK-5246,CLI-1069,TRD-108521,Trade Exception,4.2,2
TCK-5247,CLI-1046,TRD-107326,Reporting Request,14.6,3
TCK-5248,CLI-1085,TRD-103243,Trade Exception,20.7,4
TCK-5249,CLI-1145,TRD-109624,Trade Exception,18.9,5
TCK-5250,CLI-1117,TRD-108668,Reporting Request,11.1,4
TCK-5251,CLI-1089,TRD-106164,Trade Exception,8.3,4
TCK-5252,CLI-1121,TRD-104238,Fee Query,32.4,2
TCK-5253,CLI-1081,TRD-104329,Reporting Request,2.5,2
TCK-5254,CLI-1135,TRD-103446,Fee Query,9.6,4
TCK-5255,CLI-1005,TRD-107050,Settlement Delay,5.6,5
TCK-5256,CLI-1046,TRD-105383,Reporting Request,8.1,2
TCK-5257,CLI-1030,TRD-106753,Trade Exception,13.3,4
TCK-5258,CLI-1096,TRD-103225,Fee Query,11.4,4
TCK-5259,CLI-1082,TRD-109748,Fee Query,16,4
TCK-5260,CLI-1058,TRD-102355,Reporting Request,1.2,3
TCK-5261,CLI-1081,TRD-103121,Fee Query,8.9,4
TCK-5262,CLI-1003,TRD-102839,Reporting Request,15.1,4
TCK-5263,CLI-1086,TRD-100367,Fee Query,20,4
TCK-5264,CLI-1135,TRD-101247,Fee Query,2.5,2
TCK-5265,CLI-1132,TRD-106481,Trade Exception,5.6,4
TCK-5266,CLI-1106,TRD-108754,Settlement Delay,11.6,1
TCK-5267,CLI-1013,TRD-100655,Reporting Request,6.8,3
TCK-5268,CLI-1138,TRD-103880,Reporting Request,6.9,2
TCK-5269,CLI-1076,TRD-107608,Reporting Request,3.1,5
TCK-5270,CLI-1021,TRD-105587,Settlement Delay,4,1
TCK-5271,CLI-1141,TRD-104914,Settlement Delay,5,4
TCK-5272,CLI-1019,TRD-109018,Reporting Request,16.2,4
TCK-5273,CLI-1128,TRD-102809,Fee Query,7.4,4
TCK-5274,CLI-1020,TRD-104558,Trade Exception,3.8,4
TCK-5275,CLI-1050,TRD-106901,Trade Exception,1.8,1
TCK-5276,CLI-1088,TRD-100295,Trade Exception,10.9,5
TCK-5277,CLI-1091,TRD-102191,Trade Exception,3.8,3
TCK-5278,CLI-1100,TRD-104258,Fee Query,11.7,3
TCK-5279,CLI-1095,TRD-100328,Trade Exception,10.5,4
TCK-5280,CLI-1099,TRD-106607,Settlement Delay,5.9,4
TCK-5281,CLI-1035,TRD-107354,Reporting Request,4.2,2
TCK-5282,CLI-1129,TRD-107758,Reporting Request,7.9,3
TCK-5283,CLI-1039,TRD-103667,Reporting Request,5.9,4
TCK-5284,CLI-1109,TRD-102434,Settlement Delay,5.9,4
TCK-5285,CLI-1143,TRD-101447,Trade Exception,35.2,1
TCK-5286,CLI-1072,TRD-104790,Settlement Delay,11.7,4
TCK-5287,CLI-1103,TRD-104070,Reporting Request,14,3
TCK-5288,CLI-1108,TRD-103821,Trade Exception,3.6,1
TCK-5289,CLI-1132,TRD-105044,Settlement Delay,7.1,4
TCK-5290,CLI-1140,TRD-101783,Settlement Delay,4.6,1
TCK-5291,CLI-1088,TRD-107519,Fee Query,32.2,2
TCK-5292,CLI-1132,TRD-102723,Trade Exception,8.4,4
TCK-5293,CLI-1136,TRD-106179,Fee Query,30.6,4
TCK-5294,CLI-1048,TRD-102789,Trade Exception,9.4,4
TCK-5295,CLI-1146,TRD-102795,Trade Exception,45.3,4
TCK-5296,CLI-1004,TRD-102086,Reporting Request,15,5
TCK-5297,CLI-1135,TRD-105578,Reporting Request,11.5,1
TCK-5298,CLI-1146,TRD-100163,Reporting Request,13.6,4
TCK-5299,CLI-1130,TRD-105233,Settlement Delay,2.3,5
TCK-5300,CLI-1022,TRD-105638,Reporting Request,12.8,3
TCK-5301,CLI-1042,TRD-101638,Fee Query,5.3,1
TCK-5302,CLI-1009,TRD-104244,Trade Exception,18.9,4
TCK-5303,CLI-1083,TRD-102830,Trade Exception,7.2,4
TCK-5304,CLI-1148,TRD-103885,Reporting Request,25.7,2
TCK-5305,CLI-1146,TRD-108872,Settlement Delay,6.4,2
TCK-5306,CLI-1077,TRD-105654,Reporting Request,5,2
TCK-5307,CLI-1065,TRD-108008,Trade Exception,9.4,3
TCK-5308,CLI-1108,TRD-103207,Trade Exception,8.4,5
TCK-5309,CLI-1107,TRD-108497,Reporting Request,1.7,2
TCK-5310,CLI-1023,TRD-108430,Fee Query,18.6,3
TCK-5311,CLI-1145,TRD-103361,Fee Query,6.9,5
TCK-5312,CLI-1144,TRD-100339,Trade Exception,8.4,5
TCK-5313,CLI-1042,TRD-104970,Fee Query,15.9,1
TCK-5314,CLI-1124,TRD-106495,Reporting Request,1.6,4
TCK-5315,CLI-1115,TRD-105516,Fee Query,4.5,3
TCK-5316,CLI-1146,TRD-104115,Trade Exception,4,2
TCK-5317,CLI-1076,TRD-105511,Reporting Request,10,4
TCK-5318,CLI-1147,TRD-101861,Trade Exception,24.2,4
TCK-5319,CLI-1026,TRD-109880,Settlement Delay,8.8,2
TCK-5320,CLI-1114,TRD-108077,Fee Query,5.4,3
TCK-5321,CLI-1003,TRD-102490,Fee Query,2.3,4
TCK-5322,CLI-1030,TRD-104965,Settlement Delay,1,5
TCK-5323,CLI-1059,TRD-107912,Trade Exception,5,5
TCK-5324,CLI-1089,TRD-109971,Fee Query,8.5,4
TCK-5325,CLI-1036,TRD-106245,Trade Exception,6.3,4
TCK-5326,CLI-1064,TRD-107490,Settlement Delay,8.4,2
TCK-5327,CLI-1139,TRD-109579,Settlement Delay,8,4
TCK-5328,CLI-1041,TRD-108810,Trade Exception,8.2,3
TCK-5329,CLI-1108,TRD-101837,Reporting Request,14.3,4
TCK-5330,CLI-1079,TRD-108967,Reporting Request,6.6,2
TCK-5331,CLI-1122,TRD-104023,Settlement Delay,21.6,4
TCK-5332,CLI-1087,TRD-104366,Fee Query,20.4,3
TCK-5333,CLI-1040,TRD-106452,Reporting Request,4.2,3
TCK-5334,CLI-1036,TRD-107990,Settlement Delay,2.4,2
TCK-5335,CLI-1042,TRD-103059,Fee Query,29.2,4
TCK-5336,CLI-1120,TRD-104605,Fee Query,3.3,4
TCK-5337,CLI-1135,TRD-107776,Trade Exception,13.5,2
TCK-5338,CLI-1122,TRD-101438,Trade Exception,25.1,4
TCK-5339,CLI-1079,TRD-102625,Fee Query,1.1,4
TCK-5340,CLI-1122,TRD-105327,Fee Query,4.7,2
TCK-5341,CLI-1008,TRD-105489,Settlement Delay,5.1,1
TCK-5342,CLI-1087,TRD-105503,Fee Query,15.1,5
TCK-5343,CLI-1038,TRD-101284,Fee Query,13.4,4
TCK-5344,CLI-1128,TRD-108549,Fee Query,10.7,3
TCK-5345,CLI-1130,TRD-103485,Fee Query,30.3,4
TCK-5346,CLI-1136,TRD-109617,Fee Query,53.1,1
TCK-5347,CLI-1109,TRD-105539,Settlement Delay,1.8,5
TCK-5348,CLI-1052,TRD-107933,Settlement Delay,25.6,3
TCK-5349,CLI-1010,TRD-108997,Settlement Delay,3.9,3
TCK-5350,CLI-1040,TRD-107985,Trade Exception,3,2
TCK-5351,CLI-1108,TRD-102971,Reporting Request,19.2,3
TCK-5352,CLI-1002,TRD-109783,Trade Exception,13,4
TCK-5353,CLI-1098,TRD-109089,Trade Exception,1.7,4
TCK-5354,CLI-1079,TRD-107681,Reporting Request,3.9,1
TCK-5355,CLI-1013,TRD-101183,Trade Exception,15.9,5
TCK-5356,CLI-1099,TRD-108715,Settlement Delay,1.1,5
TCK-5357,CLI-1066,TRD-106789,Settlement Delay,5,5
TCK-5358,CLI-1111,TRD-103295,Settlement Delay,8.2,3
TCK-5359,CLI-1123,TRD-101838,Fee Query,30.2,2
TCK-5360,CLI-1133,TRD-102318,Settlement Delay,23.8,5
TCK-5361,CLI-1015,TRD-109038,Trade Exception,3.9,1
TCK-5362,CLI-1103,TRD-105222,Reporting Request,5.4,3
TCK-5363,CLI-1033,TRD-100878,Settlement Delay,9.8,3
TCK-5364,CLI-1095,TRD-108034,Trade Exception,7.9,2
TCK-5365,CLI-1096,TRD-109483,Trade Exception,18.6,2
TCK-5366,CLI-1145,TRD-100484,Trade Exception,37.3,4
TCK-5367,CLI-1052,TRD-101673,Fee Query,12.7,3
TCK-5368,CLI-1000,TRD-109386,Fee Query,2.4,2
TCK-5369,CLI-1090,TRD-106511,Trade Exception,8,3
TCK-5370,CLI-1141,TRD-106472,Trade Exception,10.5,4
TCK-5371,CLI-1078,TRD-103066,Fee Query,38.3,1
TCK-5372,CLI-1015,TRD-100460,Reporting Request,6.1,5
TCK-5373,CLI-1094,TRD-109124,Trade Exception,14.3,4
TCK-5374,CLI-1136,TRD-103961,Reporting Request,1.1,2
TCK-5375,CLI-1074,TRD-105434,Reporting Request,7.9,1
TCK-5376,CLI-1018,TRD-109192,Settlement Delay,1.5,5
TCK-5377,CLI-1143,TRD-108855,Reporting Request,4.2,4
TCK-5378,CLI-1008,TRD-101780,Settlement Delay,8.6,4
TCK-5379,CLI-1043,TRD-107256,Settlement Delay,11.4,2
TCK-5380,CLI-1097,TRD-102362,Settlement Delay,26.1,5
TCK-5381,CLI-1074,TRD-106109,Trade Exception,3.5,1
TCK-5382,CLI-1122,TRD-100471,Reporting Request,5.4,4
TCK-5383,CLI-1111,TRD-106300,Reporting Request,10.8,2
TCK-5384,CLI-1040,TRD-108521,Reporting Request,3.9,5
TCK-5385,CLI-1010,TRD-100085,Reporting Request,29.6,2
TCK-5386,CLI-1140,TRD-107051,Settlement Delay,25.9,5
TCK-5387,CLI-1042,TRD-105383,Settlement Delay,27.2,2
TCK-5388,CLI-1053,TRD-107961,Settlement Delay,16.3,4
TCK-5389,CLI-1139,TRD-103859,Reporting Request,68,5
TCK-5390,CLI-1072,TRD-106558,Fee Query,22,3
TCK-5391,CLI-1088,TRD-101996,Settlement Delay,9.2,4
TCK-5392,CLI-1054,TRD-104145,Reporting Request,17.1,5
TCK-5393,CLI-1115,TRD-106642,Trade Exception,2.2,1
TCK-5394,CLI-1038,TRD-108351,Trade Exception,31,4
TCK-5395,CLI-1136,TRD-105151,Reporting Request,50.8,3
TCK-5396,CLI-1009,TRD-103594,Reporting Request,24.3,4
TCK-5397,CLI-1123,TRD-102059,Reporting Request,1.4,3
TCK-5398,CLI-1142,TRD-105652,Reporting Request,3.2,1
TCK-5399,CLI-1107,TRD-109492,Fee Query,2.3,3
TCK-5400,CLI-1002,TRD-102697,Reporting Request,7.7,1
TCK-5401,CLI-1087,TRD-101160,Reporting Request,1.5,2
TCK-5402,CLI-1008,TRD-107697,Reporting Request,35.5,2
TCK-5403,CLI-1032,TRD-106961,Trade Exception,11.6,3
TCK-5404,CLI-1013,TRD-107656,Trade Exception,11.1,3
TCK-5405,CLI-1002,TRD-106596,Fee Query,8.1,5
TCK-5406,CLI-1055,TRD-109451,Settlement Delay,5.9,4
TCK-5407,CLI-1079,TRD-106071,Fee Query,8.9,5
TCK-5408,CLI-1144,TRD-104064,Reporting Request,9.7,1
TCK-5409,CLI-1143,TRD-105602,Reporting Request,15.3,3
TCK-5410,CLI-1118,TRD-101244,Trade Exception,3.2,3
TCK-5411,CLI-1012,TRD-106506,Reporting Request,11.3,1
TCK-5412,CLI-1106,TRD-107118,Fee Query,11.4,5
TCK-5413,CLI-1011,TRD-102055,Reporting Request,6.5,3
TCK-5414,CLI-1073,TRD-108096,Trade Exception,41,4
TCK-5415,CLI-1009,TRD-104614,Reporting Request,17.4,4
TCK-5416,CLI-1051,TRD-106306,Fee Query,15.9,3
TCK-5417,CLI-1111,TRD-108689,Settlement Delay,25.8,5
TCK-5418,CLI-1096,TRD-108227,Trade Exception,6,3
TCK-5419,CLI-1104,TRD-101256,Trade Exception,3.9,1
TCK-5420,CLI-1108,TRD-108178,Fee Query,7.9,4
TCK-5421,CLI-1144,TRD-104209,Settlement Delay,11.9,2
TCK-5422,CLI-1001,TRD-103939,Settlement Delay,10.8,3
TCK-5423,CLI-1076,TRD-104269,Settlement Delay,4,3
TCK-5424,CLI-1084,TRD-102815,Reporting Request,4.8,5
TCK-5425,CLI-1077,TRD-104603,Settlement Delay,32.2,5
TCK-5426,CLI-1104,TRD-101136,Fee Query,2,5
TCK-5427,CLI-1014,TRD-106185,Fee Query,9.4,4
TCK-5428,CLI-1033,TRD-106251,Fee Query,8.7,4
TCK-5429,CLI-1140,TRD-101057,Fee Query,6.8,4
TCK-5430,CLI-1006,TRD-104013,Trade Exception,19.4,4
TCK-5431,CLI-1034,TRD-101316,Trade Exception,31.7,5
TCK-5432,CLI-1060,TRD-103740,Fee Query,71.9,1
TCK-5433,CLI-1114,TRD-107904,Reporting Request,2.6,3
TCK-5434,CLI-1084,TRD-107878,Fee Query,1.5,1
TCK-5435,CLI-1104,TRD-100004,Settlement Delay,4.9,3
TCK-5436,CLI-1083,TRD-107871,Settlement Delay,14.8,5
TCK-5437,CLI-1146,TRD-102677,Settlement Delay,7.2,4
TCK-5438,CLI-1148,TRD-107668,Fee Query,8.5,5
TCK-5439,CLI-1017,TRD-106700,Reporting Request,90.5,5
TCK-5440,CLI-1019,TRD-102613,Settlement Delay,9.1,2
TCK-5441,CLI-1100,TRD-105862,Trade Exception,30.6,3
TCK-5442,CLI-1061,TRD-103329,Reporting Request,7.4,4
TCK-5443,CLI-1030,TRD-109143,Trade Exception,8,3
TCK-5444,CLI-1020,TRD-108615,Reporting Request,18.7,4
TCK-5445,CLI-1047,TRD-107375,Reporting Request,28.8,4
TCK-5446,CLI-1079,TRD-105550,Reporting Request,21.1,1
TCK-5447,CLI-1006,TRD-103973,Settlement Delay,8.7,3
TCK-5448,CLI-1040,TRD-102479,Settlement Delay,15.4,3
TCK-5449,CLI-1103,TRD-104609,Trade Exception,4.7,5
TCK-5450,CLI-1106,TRD-106887,Settlement Delay,2,4
TCK-5451,CLI-1031,TRD-101994,Reporting Request,3.1,2
TCK-5452,CLI-1006,TRD-106588,Fee Query,1.3,4
TCK-5453,CLI-1039,TRD-108937,Trade Exception,8.1,3
TCK-5454,CLI-1075,TRD-106778,Trade Exception,13.8,5
TCK-5455,CLI-1116,TRD-107777,Fee Query,1.4,1
TCK-5456,CLI-1116,TRD-109343,Trade Exception,1.6,5
TCK-5457,CLI-1057,TRD-109149,Settlement Delay,9.8,2
TCK-5458,CLI-1000,TRD-103955,Reporting Request,34.7,4
TCK-5459,CLI-1033,TRD-102055,Trade Exception,2.8,3
TCK-5460,CLI-1053,TRD-100095,Fee Query,14.6,4
TCK-5461,CLI-1008,TRD-109907,Settlement Delay,13.8,3
TCK-5462,CLI-1020,TRD-104446,Settlement Delay,5.4,3
TCK-5463,CLI-1082,TRD-101526,Reporting Request,1.9,2
TCK-5464,CLI-1094,TRD-107427,Reporting Request,12.3,1
TCK-5465,CLI-1117,TRD-105378,Reporting Request,8,4
TCK-5466,CLI-1020,TRD-105548,Reporting Request,5.5,5
TCK-5467,CLI-1037,TRD-108173,Reporting Request,19.2,4
TCK-5468,CLI-1130,TRD-104637,Fee Query,7.2,4
TCK-5469,CLI-1138,TRD-107201,Reporting Request,12.5,1
TCK-5470,CLI-1102,TRD-109528,Trade Exception,4.6,4
TCK-5471,CLI-1109,TRD-107060,Settlement Delay,2,4
TCK-5472,CLI-1052,TRD-106858,Settlement Delay,3,2
TCK-5473,CLI-1034,TRD-107127,Settlement Delay,6.5,4
TCK-5474,CLI-1084,TRD-105940,Reporting Request,16.9,4
TCK-5475,CLI-1007,TRD-106114,Trade Exception,11.6,4
TCK-5476,CLI-1022,TRD-106104,Reporting Request,6.7,2
TCK-5477,CLI-1100,TRD-108265,Settlement Delay,8.7,2
TCK-5478,CLI-1002,TRD-108549,Reporting Request,11.5,3
TCK-5479,CLI-1137,TRD-101139,Fee Query,3.2,4
TCK-5480,CLI-1056,TRD-104193,Reporting Request,4.8,5
TCK-5481,CLI-1122,TRD-100752,Fee Query,4.9,5
TCK-5482,CLI-1042,TRD-105858,Fee Query,2.3,4
TCK-5483,CLI-1037,TRD-100405,Settlement Delay,3.7,2
TCK-5484,CLI-1003,TRD-106166,Fee Query,10.8,4
TCK-5485,CLI-1055,TRD-107575,Trade Exception,4.1,2
TCK-5486,CLI-1010,TRD-100969,Reporting Request,11.5,3
TCK-5487,CLI-1138,TRD-107106,Trade Exception,1.3,4
TCK-5488,CLI-1146,TRD-108714,Reporting Request,3.3,5
TCK-5489,CLI-1003,TRD-100827,Reporting Request,12.3,1
TCK-5490,CLI-1030,TRD-107201,Reporting Request,11.5,4
TCK-5491,CLI-1108,TRD-105010,Trade Exception,4.9,5
TCK-5492,CLI-1035,TRD-105019,Fee Query,12.7,4
TCK-5493,CLI-1050,TRD-106501,Fee Query,3.2,4
TCK-5494,CLI-1049,TRD-109139,Trade Exception,21.4,5
TCK-5495,CLI-1054,TRD-108063,Fee Query,4.5,4
TCK-5496,CLI-1130,TRD-104846,Fee Query,8.6,4
TCK-5497,CLI-1009,TRD-104432,Fee Query,36.3,2
TCK-5498,CLI-1106,TRD-104145,Trade Exception,11.3,4
TCK-5499,CLI-1082,TRD-103369,Reporting Request,17.7,2
TCK-5500,CLI-1000,TRD-100327,Fee Query,17.4,5
TCK-5501,CLI-1098,TRD-106230,Fee Query,6.8,4
TCK-5502,CLI-1076,TRD-109725,Settlement Delay,2.3,5
TCK-5503,CLI-1072,TRD-105202,Fee Query,6,2
TCK-5504,CLI-1097,TRD-108609,Trade Exception,1.4,4
TCK-5505,CLI-1082,TRD-104477,Trade Exception,4.7,1
TCK-5506,CLI-1142,TRD-106147,Reporting Request,1.4,1
TCK-5507,CLI-1023,TRD-100768,Settlement Delay,7.5,3
TCK-5508,CLI-1100,TRD-101131,Trade Exception,1.1,3
TCK-5509,CLI-1061,TRD-106747,Reporting Request,18.2,5
TCK-5510,CLI-1084,TRD-104519,Fee Query,40.6,4
TCK-5511,CLI-1032,TRD-102761,Settlement Delay,1.4,5
TCK-5512,CLI-1094,TRD-102651,Reporting Request,11.3,5
TCK-5513,CLI-1062,TRD-101425,Trade Exception,4.8,5
TCK-5514,CLI-1021,TRD-101383,Reporting Request,9.9,3
TCK-5515,CLI-1118,TRD-101410,Settlement Delay,35.4,4
TCK-5516,CLI-1146,TRD-102730,Reporting Request,18.4,4
TCK-5517,CLI-1010,TRD-108493,Trade Exception,17.5,4
TCK-5518,CLI-1012,TRD-105625,Reporting Request,5.2,3
TCK-5519,CLI-1070,TRD-101743,Reporting Request,20.1,2
TCK-5520,CLI-1023,TRD-104416,Settlement Delay,2.3,5
TCK-5521,CLI-1110,TRD-102059,Trade Exception,15.8,2
TCK-5522,CLI-1062,TRD-105870,Trade Exception,7.2,5
TCK-5523,CLI-1149,TRD-106095,Reporting Request,7.9,2
TCK-5524,CLI-1021,TRD-106819,Trade Exception,9.1,5
TCK-5525,CLI-1002,TRD-101510,Fee Query,18.5,3
TCK-5526,CLI-1023,TRD-108852,Settlement Delay,5.5,4
TCK-5527,CLI-1081,TRD-104333,Reporting Request,5.7,2
TCK-5528,CLI-1049,TRD-108713,Reporting Request,9.8,4
TCK-5529,CLI-1050,TRD-109778,Trade Exception,4.7,4
TCK-5530,CLI-1027,TRD-101306,Reporting Request,8.1,3
TCK-5531,CLI-1073,TRD-109233,Reporting Request,14,1
TCK-5532,CLI-1097,TRD-103508,Trade Exception,56.1,3
TCK-5533,CLI-1089,TRD-106897,Fee Query,4.6,4
TCK-5534,CLI-1099,TRD-102551,Fee Query,4.6,1
TCK-5535,CLI-1147,TRD-106326,Fee Query,7,3
TCK-5536,CLI-1007,TRD-107393,Reporting Request,13.9,5
TCK-5537,CLI-1005,TRD-104554,Fee Query,32.3,5
TCK-5538,CLI-1056,TRD-108014,Settlement Delay,36.7,5
TCK-5539,CLI-1071,TRD-104740,Reporting Request,6,2
TCK-5540,CLI-1065,TRD-100804,Fee Query,7.5,3
TCK-5541,CLI-1001,TRD-106005,Trade Exception,7.9,2
TCK-5542,CLI-1073,TRD-107483,Reporting Request,6.1,2
TCK-5543,CLI-1046,TRD-101824,Reporting Request,5.5,5
TCK-5544,CLI-1057,TRD-106368,Settlement Delay,1.9,3
TCK-5545,CLI-1067,TRD-109900,Settlement Delay,10.5,5
TCK-5546,CLI-1119,TRD-109350,Fee Query,14,3
TCK-5547,CLI-1018,TRD-109739,Fee Query,58.3,1
TCK-5548,CLI-1130,TRD-102883,Reporting Request,12.6,2
TCK-5549,CLI-1135,TRD-109881,Fee Query,12.3,1
TCK-5550,CLI-1129,TRD-104489,Settlement Delay,6.6,3
TCK-5551,CLI-1102,TRD-104031,Settlement Delay,1.7,4
TCK-5552,CLI-1093,TRD-104751,Fee Query,12.4,2
TCK-5553,CLI-1006,TRD-105461,Settlement Delay,2.6,4
TCK-5554,CLI-1013,TRD-101474,Reporting Request,17.3,3
TCK-5555,CLI-1073,TRD-109087,Fee Query,17.8,4
TCK-5556,CLI-1141,TRD-100810,Reporting Request,2.3,3
TCK-5557,CLI-1119,TRD-102815,Fee Query,4.9,4
TCK-5558,CLI-1018,TRD-103195,Settlement Delay,21.6,4
TCK-5559,CLI-1020,TRD-109613,Reporting Request,40.3,5
TCK-5560,CLI-1053,TRD-104159,Trade Exception,16.7,5
TCK-5561,CLI-1114,TRD-107390,Settlement Delay,7.2,4
TCK-5562,CLI-1059,TRD-107620,Trade Exception,22.1,3
TCK-5563,CLI-1130,TRD-109671,Settlement Delay,5.2,2
TCK-5564,CLI-1067,TRD-106579,Trade Exception,25.1,4
TCK-5565,CLI-1046,TRD-102966,Reporting Request,1.5,4
TCK-5566,CLI-1016,TRD-108822,Trade Exception,60.4,1
TCK-5567,CLI-1082,TRD-101439,Reporting Request,2.4,1
TCK-5568,CLI-1051,TRD-103887,Settlement Delay,30.6,2
TCK-5569,CLI-1062,TRD-106499,Fee Query,24,4
TCK-5570,CLI-1133,TRD-108889,Trade Exception,5.2,5
TCK-5571,CLI-1039,TRD-105618,Reporting Request,8.4,1
TCK-5572,CLI-1115,TRD-108343,Trade Exception,3.9,5
TCK-5573,CLI-1122,TRD-107938,Fee Query,8.9,4
TCK-5574,CLI-1146,TRD-102311,Reporting Request,3.4,3
TCK-5575,CLI-1035,TRD-108292,Settlement Delay,5.2,4
TCK-5576,CLI-1128,TRD-104224,Settlement Delay,1.5,5
TCK-5577,CLI-1042,TRD-108956,Fee Query,10.6,4
TCK-5578,CLI-1076,TRD-108164,Fee Query,16.4,2
TCK-5579,CLI-1075,TRD-100030,Trade Exception,3.7,4
TCK-5580,CLI-1089,TRD-101159,Fee Query,12.4,5
TCK-5581,CLI-1071,TRD-102954,Fee Query,1.6,2
TCK-5582,CLI-1019,TRD-104802,Reporting Request,2,4
TCK-5583,CLI-1046,TRD-102080,Reporting Request,10.4,4
TCK-5584,CLI-1125,TRD-102691,Settlement Delay,1.7,3
TCK-5585,CLI-1064,TRD-102546,Trade Exception,8.3,4
TCK-5586,CLI-1087,TRD-100493,Trade Exception,1.8,2
TCK-5587,CLI-1023,TRD-107917,Reporting Request,6.2,1
TCK-5588,CLI-1095,TRD-105350,Settlement Delay,26.5,3
TCK-5589,CLI-1105,TRD-102922,Reporting Request,17.5,5
TCK-5590,CLI-1002,TRD-104688,Settlement Delay,7.4,4
TCK-5591,CLI-1101,TRD-109311,Trade Exception,6.2,5
TCK-5592,CLI-1096,TRD-102585,Reporting Request,6.4,3
TCK-5593,CLI-1008,TRD-105006,Reporting Request,2.7,4
TCK-5594,CLI-1000,TRD-100415,Reporting Request,6.9,3
TCK-5595,CLI-1012,TRD-101501,Settlement Delay,11.6,4
TCK-5596,CLI-1020,TRD-106098,Reporting Request,23.6,2
TCK-5597,CLI-1074,TRD-109872,Settlement Delay,14.8,2
TCK-5598,CLI-1076,TRD-105131,Reporting Request,13.2,4
TCK-5599,CLI-1052,TRD-107886,Fee Query,1.8,5
TCK-5600,CLI-1068,TRD-105850,Fee Query,2.8,5
TCK-5601,CLI-1103,TRD-104877,Trade Exception,2.2,1
TCK-5602,CLI-1018,TRD-104364,Fee Query,3.5,4
TCK-5603,CLI-1132,TRD-101023,Trade Exception,18.8,4
TCK-5604,CLI-1131,TRD-108924,Settlement Delay,12.6,4
TCK-5605,CLI-1062,TRD-100042,Trade Exception,8,4
TCK-5606,CLI-1065,TRD-107447,Reporting Request,1.1,1
TCK-5607,CLI-1058,TRD-103036,Reporting Request,14.2,4
TCK-5608,CLI-1067,TRD-100257,Fee Query,10.3,1
TCK-5609,CLI-1053,TRD-108481,Reporting Request,2,5
TCK-5610,CLI-1092,TRD-107889,Fee Query,15.5,1
TCK-5611,CLI-1085,TRD-104542,Trade Exception,4.8,4
TCK-5612,CLI-1023,TRD-103965,Trade Exception,8.9,2
TCK-5613,CLI-1019,TRD-101231,Reporting Request,5.6,4
TCK-5614,CLI-1029,TRD-107049,Trade Exception,5.7,4
TCK-5615,CLI-1082,TRD-104494,Trade Exception,1.7,4
TCK-5616,CLI-1115,TRD-103122,Fee Query,1.6,4
TCK-5617,CLI-1097,TRD-109562,Trade Exception,19,5
TCK-5618,CLI-1011,TRD-105523,Reporting Request,1,4
TCK-5619,CLI-1033,TRD-103654,Fee Query,5.1,5
TCK-5620,CLI-1004,TRD-105466,Trade Exception,37.3,5
TCK-5621,CLI-1122,TRD-101972,Reporting Request,20.2,5
TCK-5622,CLI-1006,TRD-100652,Fee Query,9.8,5
TCK-5623,CLI-1078,TRD-103283,Reporting Request,17.3,4
TCK-5624,CLI-1057,TRD-106571,Settlement Delay,35.5,1
TCK-5625,CLI-1052,TRD-102086,Trade Exception,34.7,4
TCK-5626,CLI-1081,TRD-101871,Fee Query,8.1,1
TCK-5627,CLI-1087,TRD-101440,Trade Exception,5.7,1
TCK-5628,CLI-1094,TRD-105823,Reporting Request,17.5,1
TCK-5629,CLI-1102,TRD-109568,Reporting Request,7.3,5
TCK-5630,CLI-1137,TRD-108953,Trade Exception,3,3
TCK-5631,CLI-1003,TRD-107896,Fee Query,3.6,4
TCK-5632,CLI-1061,TRD-106047,Reporting Request,10.4,2
TCK-5633,CLI-1053,TRD-101545,Trade Exception,9.5,4
TCK-5634,CLI-1068,TRD-103903,Reporting Request,8.5,5
TCK-5635,CLI-1093,TRD-100844,Settlement Delay,6.5,3
TCK-5636,CLI-1066,TRD-102050,Fee Query,5.7,1
TCK-5637,CLI-1119,TRD-108891,Reporting Request,3.5,4
TCK-5638,CLI-1118,TRD-102969,Fee Query,14.7,5
TCK-5639,CLI-1147,TRD-103280,Settlement Delay,9.4,2
TCK-5640,CLI-1031,TRD-104316,Reporting Request,6.5,4
TCK-5641,CLI-1144,TRD-108063,Settlement Delay,19,3
TCK-5642,CLI-1037,TRD-109505,Fee Query,13,3
TCK-5643,CLI-1125,TRD-100870,Settlement Delay,17.9,3
TCK-5644,CLI-1102,TRD-100990,Settlement Delay,13.4,5
TCK-5645,CLI-1056,TRD-102548,Settlement Delay,12.8,3
TCK-5646,CLI-1053,TRD-105707,Trade Exception,7.4,5
TCK-5647,CLI-1074,TRD-108485,Reporting Request,5,2
TCK-5648,CLI-1124,TRD-103156,Trade Exception,4.2,5
TCK-5649,CLI-1136,TRD-100661,Settlement Delay,28.5,4
TCK-5650,CLI-1131,TRD-107453,Fee Query,3.7,3
TCK-5651,CLI-1011,TRD-104276,Trade Exception,14.4,1
TCK-5652,CLI-1040,TRD-103667,Trade Exception,3.5,2
TCK-5653,CLI-1104,TRD-104565,Fee Query,34.5,5
TCK-5654,CLI-1112,TRD-101222,Fee Query,3.6,4
TCK-5655,CLI-1107,TRD-101336,Reporting Request,24.2,4
TCK-5656,CLI-1134,TRD-102992,Reporting Request,33.8,5
TCK-5657,CLI-1022,TRD-103867,Trade Exception,3.8,4
TCK-5658,CLI-1079,TRD-101214,Settlement Delay,27.2,2
TCK-5659,CLI-1131,TRD-109909,Fee Query,2.4,4
TCK-5660,CLI-1113,TRD-108325,Fee Query,15.4,4
TCK-5661,CLI-1059,TRD-108637,Settlement Delay,9.5,2
TCK-5662,CLI-1065,TRD-107262,Fee Query,40,5
TCK-5663,CLI-1044,TRD-101571,Fee Query,8.9,2
TCK-5664,CLI-1055,TRD-109333,Trade Exception,1.9,4
TCK-5665,CLI-1127,TRD-104997,Reporting Request,2.6,5
TCK-5666,CLI-1142,TRD-101953,Settlement Delay,5.7,3
TCK-5667,CLI-1123,TRD-103079,Settlement Delay,8.6,5
TCK-5668,CLI-1146,TRD-105509,Trade Exception,39,4
TCK-5669,CLI-1058,TRD-109896,Reporting Request,8.9,3
TCK-5670,CLI-1091,TRD-108302,Fee Query,32.9,4
TCK-5671,CLI-1026,TRD-100882,Fee Query,30.4,3
TCK-5672,CLI-1050,TRD-103317,Settlement Delay,3.2,2
TCK-5673,CLI-1055,TRD-106926,Reporting Request,31.2,5
TCK-5674,CLI-1098,TRD-108341,Trade Exception,4.5,4
TCK-5675,CLI-1061,TRD-106088,Trade Exception,22.8,4
TCK-5676,CLI-1050,TRD-105175,Fee Query,45.4,5
TCK-5677,CLI-1085,TRD-100785,Fee Query,1.9,4
TCK-5678,CLI-1086,TRD-102154,Reporting Request,14.7,4
TCK-5679,CLI-1083,TRD-104988,Trade Exception,7.7,5
TCK-5680,CLI-1053,TRD-103607,Trade Exception,8.3,4
TCK-5681,CLI-1035,TRD-109442,Fee Query,10.8,2
TCK-5682,CLI-1146,TRD-109410,Reporting Request,35.9,4
TCK-5683,CLI-1022,TRD-101368,Trade Exception,13,1
TCK-5684,CLI-1074,TRD-109811,Fee Query,58.7,5
TCK-5685,CLI-1060,TRD-100088,Trade Exception,41.3,4
TCK-5686,CLI-1000,TRD-102236,Settlement Delay,24.3,1
TCK-5687,CLI-1130,TRD-105964,Settlement Delay,15.4,3
TCK-5688,CLI-1082,TRD-107501,Reporting Request,4.2,4
TCK-5689,CLI-1070,TRD-101885,Settlement Delay,11.2,3
TCK-5690,CLI-1100,TRD-108747,Reporting Request,4.2,3
TCK-5691,CLI-1016,TRD-100231,Settlement Delay,38,3
TCK-5692,CLI-1009,TRD-104891,Settlement Delay,39.3,4
TCK-5693,CLI-1035,TRD-102333,Settlement Delay,5.9,3
TCK-5694,CLI-1040,TRD-105105,Trade Exception,1.6,5
TCK-5695,CLI-1042,TRD-105485,Reporting Request,22.1,4
TCK-5696,CLI-1149,TRD-104927,Settlement Delay,6.2,3
TCK-5697,CLI-1120,TRD-109651,Settlement Delay,5.6,4
TCK-5698,CLI-1029,TRD-105915,Reporting Request,11.4,4
TCK-5699,CLI-1032,TRD-108676,Fee Query,1,1
TCK-5700,CLI-1110,TRD-105192,Fee Query,6.6,3
TCK-5701,CLI-1112,TRD-101933,Fee Query,7.5,2
TCK-5702,CLI-1021,TRD-107108,Settlement Delay,43.4,2
TCK-5703,CLI-1143,TRD-102869,Reporting Request,3.1,2
TCK-5704,CLI-1066,TRD-100176,Trade Exception,3,3
TCK-5705,CLI-1016,TRD-103055,Trade Exception,12.6,5
TCK-5706,CLI-1074,TRD-107174,Fee Query,2,4
TCK-5707,CLI-1016,TRD-105101,Settlement Delay,12.6,5
TCK-5708,CLI-1114,TRD-105035,Fee Query,7.3,4
TCK-5709,CLI-1107,TRD-100827,Fee Query,1,5
TCK-5710,CLI-1093,TRD-108448,Fee Query,8,4
TCK-5711,CLI-1133,TRD-100562,Fee Query,17.1,4
TCK-5712,CLI-1016,TRD-106114,Reporting Request,2.7,5
TCK-5713,CLI-1063,TRD-108769,Fee Query,3.4,4
TCK-5714,CLI-1076,TRD-104464,Trade Exception,4.2,2
TCK-5715,CLI-1105,TRD-107241,Settlement Delay,6.9,5
TCK-5716,CLI-1018,TRD-109314,Settlement Delay,36.7,4
TCK-5717,CLI-1017,TRD-106330,Settlement Delay,1.9,5
TCK-5718,CLI-1001,TRD-107393,Fee Query,21.7,4
TCK-5719,CLI-1062,TRD-108893,Trade Exception,20.4,3
TCK-5720,CLI-1107,TRD-109894,Trade Exception,8.5,5
TCK-5721,CLI-1088,TRD-102794,Trade Exception,2.8,2
TCK-5722,CLI-1022,TRD-106206,Settlement Delay,12.4,3
TCK-5723,CLI-1132,TRD-109812,Reporting Request,16.4,2
TCK-5724,CLI-1143,TRD-105526,Reporting Request,3,1
TCK-5725,CLI-1010,TRD-100889,Settlement Delay,15.4,2
TCK-5726,CLI-1136,TRD-100227,Settlement Delay,31.4,4
TCK-5727,CLI-1125,TRD-100014,Fee Query,3.5,4
TCK-5728,CLI-1145,TRD-108320,Reporting Request,2.6,3
TCK-5729,CLI-1017,TRD-109884,Settlement Delay,14.2,4
TCK-5730,CLI-1056,TRD-101117,Trade Exception,8.9,1
TCK-5731,CLI-1026,TRD-107570,Settlement Delay,24.1,4
TCK-5732,CLI-1099,TRD-105920,Fee Query,9.7,5
TCK-5733,CLI-1057,TRD-109594,Trade Exception,21.6,5
TCK-5734,CLI-1037,TRD-108878,Trade Exception,7,5
TCK-5735,CLI-1008,TRD-109142,Reporting Request,3.6,4
TCK-5736,CLI-1076,TRD-100529,Trade Exception,6.6,3
TCK-5737,CLI-1017,TRD-103526,Trade Exception,6.3,3
TCK-5738,CLI-1064,TRD-101115,Reporting Request,5.3,2
TCK-5739,CLI-1086,TRD-102490,Reporting Request,4.2,3
TCK-5740,CLI-1036,TRD-108166,Trade Exception,6.9,3
TCK-5741,CLI-1031,TRD-109818,Trade Exception,43.7,4
TCK-5742,CLI-1053,TRD-106256,Reporting Request,9.1,4
TCK-5743,CLI-1145,TRD-109666,Trade Exception,2.8,4
TCK-5744,CLI-1047,TRD-104486,Reporting Request,4.2,4
TCK-5745,CLI-1110,TRD-106129,Fee Query,6.2,3
TCK-5746,CLI-1122,TRD-103046,Trade Exception,3.5,4
TCK-5747,CLI-1037,TRD-105026,Settlement Delay,17.2,1
TCK-5748,CLI-1052,TRD-104916,Fee Query,19.8,4
TCK-5749,CLI-1062,TRD-103072,Fee Query,20.5,3
TCK-5750,CLI-1000,TRD-101421,Trade Exception,30.7,1
TCK-5751,CLI-1000,TRD-100754,Fee Query,24.5,1
TCK-5752,CLI-1096,TRD-107411,Fee Query,11.4,4
TCK-5753,CLI-1137,TRD-103289,Trade Exception,9.3,4
TCK-5754,CLI-1005,TRD-108597,Fee Query,20.4,1
TCK-5755,CLI-1108,TRD-107123,Reporting Request,41.4,4
TCK-5756,CLI-1008,TRD-107869,Fee Query,1.4,5
TCK-5757,CLI-1014,TRD-102447,Reporting Request,6.4,4
TCK-5758,CLI-1037,TRD-101214,Settlement Delay,14.2,4
TCK-5759,CLI-1135,TRD-107098,Settlement Delay,6.3,4
TCK-5760,CLI-1113,TRD-106057,Reporting Request,18.3,3
TCK-5761,CLI-1089,TRD-108871,Trade Exception,19.8,5
TCK-5762,CLI-1009,TRD-105773,Reporting Request,14.8,5
TCK-5763,CLI-1145,TRD-103571,Reporting Request,3.1,4
TCK-5764,CLI-1025,TRD-107631,Fee Query,33.3,2
TCK-5765,CLI-1003,TRD-107815,Trade Exception,5.8,5
TCK-5766,CLI-1088,TRD-102394,Fee Query,46.5,4
TCK-5767,CLI-1132,TRD-104211,Fee Query,6.2,5
TCK-5768,CLI-1003,TRD-105965,Fee Query,3.1,5
TCK-5769,CLI-1106,TRD-102041,Fee Query,5.1,2
TCK-5770,CLI-1007,TRD-100871,Trade Exception,21.2,1
TCK-5771,CLI-1001,TRD-102007,Fee Query,5.4,4
TCK-5772,CLI-1130,TRD-106334,Fee Query,11.9,4
TCK-5773,CLI-1029,TRD-104430,Fee Query,15.3,3
TCK-5774,CLI-1134,TRD-102541,Reporting Request,5.4,4
TCK-5775,CLI-1043,TRD-101608,Reporting Request,14.1,4
TCK-5776,CLI-1117,TRD-101697,Reporting Request,3,3
TCK-5777,CLI-1006,TRD-107328,Reporting Request,12.9,4
TCK-5778,CLI-1099,TRD-106249,Fee Query,13.8,4
TCK-5779,CLI-1000,TRD-104508,Reporting Request,1.4,5
TCK-5780,CLI-1029,TRD-102637,Settlement Delay,5.2,4
TCK-5781,CLI-1063,TRD-100377,Trade Exception,1.1,4
TCK-5782,CLI-1057,TRD-101502,Fee Query,19.9,5
TCK-5783,CLI-1060,TRD-108892,Fee Query,8.1,4
TCK-5784,CLI-1069,TRD-102298,Fee Query,7.7,4
TCK-5785,CLI-1089,TRD-104581,Trade Exception,8.3,3
TCK-5786,CLI-1030,TRD-100882,Trade Exception,7.2,2
TCK-5787,CLI-1103,TRD-104646,Settlement Delay,3.2,4
TCK-5788,CLI-1065,TRD-103692,Reporting Request,14,4
TCK-5789,CLI-1138,TRD-107230,Settlement Delay,30.9,5
TCK-5790,CLI-1108,TRD-105112,Fee Query,52.8,4
TCK-5791,CLI-1051,TRD-108282,Fee Query,20.1,4
TCK-5792,CLI-1061,TRD-108145,Reporting Request,6.9,5
TCK-5793,CLI-1104,TRD-106346,Reporting Request,10.9,4
TCK-5794,CLI-1037,TRD-104642,Reporting Request,1.2,5
TCK-5795,CLI-1093,TRD-109798,Fee Query,6.3,3
TCK-5796,CLI-1124,TRD-102322,Fee Query,14.4,2
TCK-5797,CLI-1086,TRD-109385,Fee Query,28,5
TCK-5798,CLI-1052,TRD-107418,Reporting Request,2.4,3
TCK-5799,CLI-1056,TRD-109151,Fee Query,2.2,4
TCK-5800,CLI-1119,TRD-104525,Fee Query,3,4
TCK-5801,CLI-1032,TRD-109026,Reporting Request,2.9,4
TCK-5802,CLI-1085,TRD-101864,Settlement Delay,19.4,1
TCK-5803,CLI-1038,TRD-108445,Reporting Request,15.9,4
TCK-5804,CLI-1003,TRD-106926,Fee Query,29.2,3
TCK-5805,CLI-1109,TRD-103563,Settlement Delay,5.2,3
TCK-5806,CLI-1144,TRD-103309,Reporting Request,14.7,3
TCK-5807,CLI-1030,TRD-104155,Reporting Request,6.4,4
TCK-5808,CLI-1038,TRD-101513,Trade Exception,2.8,4
TCK-5809,CLI-1149,TRD-106659,Fee Query,19.5,5
TCK-5810,CLI-1085,TRD-101467,Fee Query,12.8,4
TCK-5811,CLI-1063,TRD-101730,Trade Exception,15.6,5
TCK-5812,CLI-1066,TRD-106182,Trade Exception,3.1,2
TCK-5813,CLI-1145,TRD-102013,Trade Exception,13.4,4
TCK-5814,CLI-1089,TRD-101305,Trade Exception,5.4,5
TCK-5815,CLI-1035,TRD-100457,Trade Exception,4.5,2
TCK-5816,CLI-1084,TRD-109212,Settlement Delay,13.6,4
TCK-5817,CLI-1119,TRD-108973,Trade Exception,1.3,3
TCK-5818,CLI-1112,TRD-103208,Reporting Request,29.2,4
TCK-5819,CLI-1070,TRD-101738,Trade Exception,3.1,4
TCK-5820,CLI-1030,TRD-101199,Fee Query,7.5,4
TCK-5821,CLI-1124,TRD-101829,Reporting Request,10.4,4
TCK-5822,CLI-1129,TRD-104902,Reporting Request,22.6,1
TCK-5823,CLI-1145,TRD-102602,Reporting Request,4,3
TCK-5824,CLI-1137,TRD-101900,Settlement Delay,31.7,3
TCK-5825,CLI-1115,TRD-101997,Settlement Delay,5.2,4
TCK-5826,CLI-1045,TRD-105186,Trade Exception,10.3,5
TCK-5827,CLI-1065,TRD-109477,Reporting Request,3.2,5
TCK-5828,CLI-1009,TRD-103049,Settlement Delay,12.7,4
TCK-5829,CLI-1075,TRD-104111,Reporting Request,3,4
TCK-5830,CLI-1110,TRD-107408,Fee Query,2.1,3
TCK-5831,CLI-1021,TRD-105146,Reporting Request,9.1,3
TCK-5832,CLI-1104,TRD-101079,Trade Exception,15.4,4
TCK-5833,CLI-1020,TRD-108292,Fee Query,3.5,5
TCK-5834,CLI-1048,TRD-107082,Reporting Request,1.7,4
TCK-5835,CLI-1091,TRD-108890,Trade Exception,1.5,4
TCK-5836,CLI-1002,TRD-107517,Trade Exception,1,2
TCK-5837,CLI-1127,TRD-103165,Settlement Delay,4.2,4
TCK-5838,CLI-1068,TRD-103511,Fee Query,25.2,3
TCK-5839,CLI-1072,TRD-108692,Settlement Delay,8.2,4
TCK-5840,CLI-1125,TRD-101970,Settlement Delay,31.8,5
TCK-5841,CLI-1118,TRD-107780,Trade Exception,4.4,1
TCK-5842,CLI-1118,TRD-102844,Reporting Request,50.2,5
TCK-5843,CLI-1104,TRD-100909,Reporting Request,21.9,2
TCK-5844,CLI-1050,TRD-100739,Fee Query,19.4,5
TCK-5845,CLI-1026,TRD-100867,Fee Query,11.9,4
TCK-5846,CLI-1148,TRD-106630,Fee Query,3.6,3
TCK-5847,CLI-1086,TRD-109996,Settlement Delay,37.4,4
TCK-5848,CLI-1101,TRD-102825,Reporting Request,21,3
TCK-5849,CLI-1067,TRD-101195,Fee Query,22.4,4
TCK-5850,CLI-1131,TRD-109914,Reporting Request,27.1,5
TCK-5851,CLI-1110,TRD-102439,Reporting Request,4.6,4
TCK-5852,CLI-1012,TRD-100682,Fee Query,25.4,3
TCK-5853,CLI-1068,TRD-100856,Trade Exception,9.1,4
TCK-5854,CLI-1059,TRD-105383,Fee Query,13.7,3
TCK-5855,CLI-1142,TRD-109164,Reporting Request,39.9,3
TCK-5856,CLI-1145,TRD-109794,Reporting Request,28.5,4
TCK-5857,CLI-1103,TRD-108904,Fee Query,4.4,1
TCK-5858,CLI-1017,TRD-100423,Trade Exception,16.9,3
TCK-5859,CLI-1007,TRD-103145,Reporting Request,22.2,3
TCK-5860,CLI-1027,TRD-109005,Reporting Request,8,1
TCK-5861,CLI-1017,TRD-103538,Trade Exception,2.4,5
TCK-5862,CLI-1006,TRD-107569,Fee Query,5.5,5
TCK-5863,CLI-1146,TRD-106865,Trade Exception,16.9,3
TCK-5864,CLI-1114,TRD-106888,Reporting Request,11.6,3
TCK-5865,CLI-1142,TRD-100231,Fee Query,18.7,2
TCK-5866,CLI-1001,TRD-102183,Settlement Delay,28.2,4
TCK-5867,CLI-1092,TRD-100186,Settlement Delay,5.7,3
TCK-5868,CLI-1120,TRD-103935,Trade Exception,15,5
TCK-5869,CLI-1089,TRD-108207,Trade Exception,2.2,4
TCK-5870,CLI-1020,TRD-106866,Trade Exception,14.1,2
TCK-5871,CLI-1063,TRD-104662,Trade Exception,1.4,2
TCK-5872,CLI-1096,TRD-108853,Fee Query,4.5,2
TCK-5873,CLI-1142,TRD-108587,Fee Query,8.1,2
TCK-5874,CLI-1028,TRD-102503,Reporting Request,23.4,1
TCK-5875,CLI-1038,TRD-101544,Reporting Request,2.9,3
TCK-5876,CLI-1126,TRD-106606,Reporting Request,19.2,4
TCK-5877,CLI-1014,TRD-101559,Reporting Request,11,5
TCK-5878,CLI-1055,TRD-107551,Fee Query,8.3,3
TCK-5879,CLI-1029,TRD-104655,Trade Exception,13.3,5
TCK-5880,CLI-1024,TRD-107596,Reporting Request,6.1,1
TCK-5881,CLI-1046,TRD-101285,Settlement Delay,63.6,2
TCK-5882,CLI-1080,TRD-101983,Fee Query,2.4,3
TCK-5883,CLI-1130,TRD-103670,Settlement Delay,2.8,3
TCK-5884,CLI-1149,TRD-109575,Fee Query,26.9,1
TCK-5885,CLI-1115,TRD-108590,Fee Query,4,1
TCK-5886,CLI-1117,TRD-102333,Trade Exception,1.8,3
TCK-5887,CLI-1004,TRD-109332,Trade Exception,27.6,3
TCK-5888,CLI-1039,TRD-101801,Reporting Request,1.8,3
TCK-5889,CLI-1026,TRD-108648,Reporting Request,24.6,4
TCK-5890,CLI-1078,TRD-102633,Settlement Delay,10.1,2
TCK-5891,CLI-1059,TRD-106659,Settlement Delay,10.2,4
TCK-5892,CLI-1077,TRD-105073,Reporting Request,2.7,1
TCK-5893,CLI-1078,TRD-106109,Reporting Request,12.9,4
TCK-5894,CLI-1116,TRD-108232,Trade Exception,6.6,4
TCK-5895,CLI-1026,TRD-109130,Reporting Request,6.4,5
TCK-5896,CLI-1052,TRD-106541,Trade Exception,15.3,5
TCK-5897,CLI-1113,TRD-104508,Reporting Request,25.3,4
TCK-5898,CLI-1004,TRD-106386,Settlement Delay,16.8,5
TCK-5899,CLI-1021,TRD-101532,Trade Exception,14.7,3
TCK-5900,CLI-1038,TRD-102852,Fee Query,27.1,4
TCK-5901,CLI-1148,TRD-100507,Reporting Request,28.7,5
TCK-5902,CLI-1056,TRD-107281,Fee Query,17,4
TCK-5903,CLI-1116,TRD-102041,Trade Exception,21.6,3
TCK-5904,CLI-1044,TRD-102197,Trade Exception,4.3,5
TCK-5905,CLI-1055,TRD-101623,Settlement Delay,14.7,3
TCK-5906,CLI-1068,TRD-106370,Reporting Request,9.1,3
TCK-5907,CLI-1142,TRD-105240,Trade Exception,23.7,5
TCK-5908,CLI-1033,TRD-105923,Trade Exception,39.9,3
TCK-5909,CLI-1100,TRD-101246,Reporting Request,4.7,4
TCK-5910,CLI-1024,TRD-102438,Reporting Request,14.4,5
TCK-5911,CLI-1052,TRD-109442,Fee Query,24.2,2
TCK-5912,CLI-1067,TRD-108794,Trade Exception,14.7,4
TCK-5913,CLI-1025,TRD-101131,Trade Exception,15,2
TCK-5914,CLI-1101,TRD-103845,Fee Query,21.4,4
TCK-5915,CLI-1131,TRD-100230,Trade Exception,15.6,4
TCK-5916,CLI-1117,TRD-101549,Settlement Delay,22.1,5
TCK-5917,CLI-1035,TRD-105452,Trade Exception,57.8,5
TCK-5918,CLI-1129,TRD-103321,Settlement Delay,10.4,4
TCK-5919,CLI-1015,TRD-101146,Fee Query,14.2,4
TCK-5920,CLI-1077,TRD-100153,Fee Query,12.5,3
TCK-5921,CLI-1147,TRD-108503,Reporting Request,5,4
TCK-5922,CLI-1117,TRD-106595,Reporting Request,22.5,2
TCK-5923,CLI-1018,TRD-109418,Fee Query,6.9,1
TCK-5924,CLI-1052,TRD-101410,Reporting Request,38.1,4
TCK-5925,CLI-1147,TRD-109593,Trade Exception,22.1,3
TCK-5926,CLI-1091,TRD-109686,Fee Query,3,3
TCK-5927,CLI-1108,TRD-107303,Trade Exception,1.7,2
TCK-5928,CLI-1118,TRD-105035,Settlement Delay,2.8,1
TCK-5929,CLI-1132,TRD-102905,Trade Exception,19.1,2
TCK-5930,CLI-1053,TRD-108836,Reporting Request,16.7,2
TCK-5931,CLI-1045,TRD-106329,Trade Exception,12.1,3
TCK-5932,CLI-1036,TRD-106101,Trade Exception,3.4,1
TCK-5933,CLI-1119,TRD-100973,Fee Query,8.2,4
TCK-5934,CLI-1014,TRD-107422,Trade Exception,10.2,1
TCK-5935,CLI-1146,TRD-106338,Trade Exception,43.3,2
TCK-5936,CLI-1115,TRD-107916,Fee Query,4,5
TCK-5937,CLI-1102,TRD-102141,Reporting Request,6.2,1
TCK-5938,CLI-1054,TRD-100019,Settlement Delay,13.3,2
TCK-5939,CLI-1055,TRD-101312,Settlement Delay,3.8,4
TCK-5940,CLI-1112,TRD-107628,Reporting Request,3.4,3
TCK-5941,CLI-1063,TRD-104753,Trade Exception,8,4
TCK-5942,CLI-1075,TRD-108778,Reporting Request,9.8,3
TCK-5943,CLI-1008,TRD-109625,Reporting Request,15,4
TCK-5944,CLI-1117,TRD-105209,Settlement Delay,18.1,2
TCK-5945,CLI-1132,TRD-102818,Settlement Delay,25.4,4
TCK-5946,CLI-1125,TRD-104992,Trade Exception,6,5
TCK-5947,CLI-1024,TRD-100756,Reporting Request,9.4,5
TCK-5948,CLI-1097,TRD-102576,Settlement Delay,24.9,4
TCK-5949,CLI-1094,TRD-101125,Settlement Delay,8.5,1
TCK-5950,CLI-1107,TRD-109808,Fee Query,2.8,5
TCK-5951,CLI-1108,TRD-109830,Fee Query,7.9,5
TCK-5952,CLI-1059,TRD-104561,Trade Exception,18.6,2
TCK-5953,CLI-1009,TRD-107066,Reporting Request,8.6,5
TCK-5954,CLI-1124,TRD-108317,Fee Query,4.4,2
TCK-5955,CLI-1084,TRD-107793,Trade Exception,35.1,3
TCK-5956,CLI-1040,TRD-103598,Settlement Delay,5.4,5
TCK-5957,CLI-1012,TRD-107921,Settlement Delay,9.8,5
TCK-5958,CLI-1095,TRD-104907,Fee Query,6.2,4
TCK-5959,CLI-1145,TRD-108388,Fee Query,7.5,5
TCK-5960,CLI-1038,TRD-101840,Reporting Request,13.4,1
TCK-5961,CLI-1089,TRD-109534,Settlement Delay,8.9,4
TCK-5962,CLI-1054,TRD-103300,Settlement Delay,2.3,3
TCK-5963,CLI-1143,TRD-100290,Settlement Delay,9.5,4
TCK-5964,CLI-1100,TRD-101716,Settlement Delay,5.2,2
TCK-5965,CLI-1011,TRD-104097,Settlement Delay,13,2
TCK-5966,CLI-1132,TRD-104275,Reporting Request,3.4,4
TCK-5967,CLI-1107,TRD-109073,Reporting Request,11.5,4
TCK-5968,CLI-1073,TRD-103058,Trade Exception,8.2,4
TCK-5969,CLI-1128,TRD-109602,Settlement Delay,20.8,3
TCK-5970,CLI-1041,TRD-100263,Fee Query,6,4
TCK-5971,CLI-1089,TRD-108221,Settlement Delay,2.3,4
TCK-5972,CLI-1084,TRD-109392,Fee Query,2.1,4
TCK-5973,CLI-1048,TRD-108819,Reporting Request,8.2,2
TCK-5974,CLI-1081,TRD-106977,Reporting Request,9.8,4
TCK-5975,CLI-1092,TRD-109188,Trade Exception,6.6,2
TCK-5976,CLI-1028,TRD-108827,Fee Query,19.6,5
TCK-5977,CLI-1019,TRD-102330,Trade Exception,14.1,5
TCK-5978,CLI-1008,TRD-102744,Trade Exception,11,3
TCK-5979,CLI-1116,TRD-108210,Reporting Request,12.3,3
TCK-5980,CLI-1055,TRD-102169,Trade Exception,18.3,3
TCK-5981,CLI-1069,TRD-106431,Settlement Delay,12.2,2
TCK-5982,CLI-1093,TRD-104896,Settlement Delay,4,2
TCK-5983,CLI-1149,TRD-104348,Settlement Delay,7.3,5
TCK-5984,CLI-1003,TRD-103815,Settlement Delay,2.8,3
TCK-5985,CLI-1004,TRD-107958,Trade Exception,25.6,5
TCK-5986,CLI-1005,TRD-106669,Settlement Delay,4,1
TCK-5987,CLI-1002,TRD-106072,Trade Exception,12,4
TCK-5988,CLI-1140,TRD-109400,Fee Query,1.7,2
TCK-5989,CLI-1030,TRD-102745,Settlement Delay,5.6,4
TCK-5990,CLI-1075,TRD-100957,Fee Query,28,4
TCK-5991,CLI-1007,TRD-103367,Trade Exception,20,5
TCK-5992,CLI-1065,TRD-107019,Settlement Delay,2.2,2
TCK-5993,CLI-1006,TRD-103117,Settlement Delay,10.8,4
TCK-5994,CLI-1050,TRD-107273,Fee Query,6.8,1
TCK-5995,CLI-1021,TRD-105347,Trade Exception,2.7,5
TCK-5996,CLI-1044,TRD-101139,Trade Exception,21.5,3
TCK-5997,CLI-1124,TRD-106684,Trade Exception,25.5,2
TCK-5998,CLI-1012,TRD-109466,Fee Query,9.4,4
TCK-5999,CLI-1030,TRD-102480,Fee Query,3.5,4
TCK-6000,CLI-1128,TRD-108244,Trade Exception,7.5,1
TCK-6001,CLI-1137,TRD-104744,Settlement Delay,1.4,3
TCK-6002,CLI-1083,TRD-100840,Settlement Delay,15.6,5
TCK-6003,CLI-1027,TRD-106190,Trade Exception,29,3
TCK-6004,CLI-1047,TRD-104978,Fee Query,1.2,5
TCK-6005,CLI-1118,TRD-109296,Trade Exception,13.8,5
TCK-6006,CLI-1103,TRD-109649,Fee Query,2.1,3
TCK-6007,CLI-1041,TRD-104422,Trade Exception,4.2,3
TCK-6008,CLI-1028,TRD-106415,Reporting Request,10.2,4
TCK-6009,CLI-1030,TRD-108484,Trade Exception,5.6,4
TCK-6010,CLI-1043,TRD-106521,Trade Exception,1.1,3
TCK-6011,CLI-1139,TRD-106093,Reporting Request,49.7,1
TCK-6012,CLI-1036,TRD-109911,Settlement Delay,3.3,3
TCK-6013,CLI-1071,TRD-101648,Settlement Delay,10,4
TCK-6014,CLI-1063,TRD-104664,Fee Query,9.7,4
TCK-6015,CLI-1123,TRD-104952,Reporting Request,36.8,1
TCK-6016,CLI-1110,TRD-103896,Fee Query,18.7,4
TCK-6017,CLI-1113,TRD-101908,Fee Query,10.7,1
TCK-6018,CLI-1117,TRD-100109,Settlement Delay,17,4
TCK-6019,CLI-1033,TRD-106615,Settlement Delay,23.5,2
TCK-6020,CLI-1098,TRD-105101,Settlement Delay,5.7,5
TCK-6021,CLI-1140,TRD-102634,Reporting Request,2.5,3
TCK-6022,CLI-1106,TRD-104659,Fee Query,21,2
TCK-6023,CLI-1062,TRD-104453,Settlement Delay,3.5,1
TCK-6024,CLI-1078,TRD-105661,Fee Query,6,5
TCK-6025,CLI-1093,TRD-100848,Settlement Delay,26.6,5
TCK-6026,CLI-1102,TRD-107661,Trade Exception,14.1,4
TCK-6027,CLI-1026,TRD-109318,Trade Exception,2.1,4
TCK-6028,CLI-1025,TRD-104373,Trade Exception,4.3,2
TCK-6029,CLI-1122,TRD-109266,Trade Exception,3,4
TCK-6030,CLI-1027,TRD-103941,Fee Query,1.4,2
TCK-6031,CLI-1063,TRD-108320,Fee Query,3.9,5
TCK-6032,CLI-1113,TRD-103150,Reporting Request,13.5,3
TCK-6033,CLI-1033,TRD-107465,Settlement Delay,1.2,5
TCK-6034,CLI-1073,TRD-101884,Settlement Delay,40.4,3
TCK-6035,CLI-1111,TRD-105439,Fee Query,4.2,1
TCK-6036,CLI-1125,TRD-108596,Reporting Request,5.1,5
TCK-6037,CLI-1031,TRD-103150,Reporting Request,1.4,5
TCK-6038,CLI-1007,TRD-103554,Trade Exception,1.9,1
TCK-6039,CLI-1025,TRD-102701,Reporting Request,81.1,3
TCK-6040,CLI-1147,TRD-101550,Trade Exception,5.9,3
TCK-6041,CLI-1114,TRD-108370,Fee Query,14.7,4
TCK-6042,CLI-1146,TRD-100722,Reporting Request,17.7,2
TCK-6043,CLI-1079,TRD-109938,Fee Query,9.2,5
TCK-6044,CLI-1147,TRD-106966,Reporting Request,8.5,5
TCK-6045,CLI-1121,TRD-102070,Trade Exception,5.9,4
TCK-6046,CLI-1059,TRD-109873,Trade Exception,15.5,5
TCK-6047,CLI-1123,TRD-101836,Reporting Request,9.9,2
TCK-6048,CLI-1013,TRD-102136,Fee Query,7.7,2
TCK-6049,CLI-1045,TRD-107407,Reporting Request,3,3
TCK-6050,CLI-1073,TRD-109451,Reporting Request,14.2,4
TCK-6051,CLI-1026,TRD-101030,Trade Exception,7.9,4
TCK-6052,CLI-1090,TRD-102756,Fee Query,2.3,4
TCK-6053,CLI-1052,TRD-104456,Reporting Request,6,5
TCK-6054,CLI-1118,TRD-109943,Trade Exception,1.6,4
TCK-6055,CLI-1030,TRD-101107,Fee Query,2.6,3
TCK-6056,CLI-1033,TRD-102260,Settlement Delay,61.6,4
TCK-6057,CLI-1075,TRD-108568,Settlement Delay,19.8,4
TCK-6058,CLI-1087,TRD-101494,Reporting Request,53.8,5
TCK-6059,CLI-1122,TRD-106900,Trade Exception,34.9,4
TCK-6060,CLI-1007,TRD-100590,Settlement Delay,39,1
TCK-6061,CLI-1028,TRD-101800,Reporting Request,8.8,3
TCK-6062,CLI-1112,TRD-103418,Trade Exception,14.6,3
TCK-6063,CLI-1025,TRD-103705,Reporting Request,1.1,4
TCK-6064,CLI-1090,TRD-104539,Reporting Request,6.7,4
TCK-6065,CLI-1058,TRD-103867,Reporting Request,14.5,4
TCK-6066,CLI-1140,TRD-106408,Trade Exception,3,3
TCK-6067,CLI-1137,TRD-102296,Fee Query,28.1,5
TCK-6068,CLI-1008,TRD-101841,Reporting Request,2.4,3
TCK-6069,CLI-1080,TRD-107843,Trade Exception,22.8,4
TCK-6070,CLI-1097,TRD-104360,Settlement Delay,12.5,3
TCK-6071,CLI-1138,TRD-107930,Settlement Delay,24.6,4
TCK-6072,CLI-1121,TRD-107914,Fee Query,4,4
TCK-6073,CLI-1136,TRD-107606,Fee Query,13.2,2
TCK-6074,CLI-1005,TRD-107629,Fee Query,4,3
TCK-6075,CLI-1121,TRD-107950,Reporting Request,4.6,4
TCK-6076,CLI-1029,TRD-108948,Settlement Delay,2.4,3
TCK-6077,CLI-1001,TRD-100497,Trade Exception,24.1,3
TCK-6078,CLI-1146,TRD-105697,Reporting Request,20.4,4
TCK-6079,CLI-1115,TRD-106718,Settlement Delay,5,4
TCK-6080,CLI-1142,TRD-100630,Settlement Delay,3.4,5
TCK-6081,CLI-1056,TRD-107789,Fee Query,20.2,2
TCK-6082,CLI-1061,TRD-109834,Reporting Request,8.5,2
TCK-6083,CLI-1130,TRD-107544,Trade Exception,5.8,3
TCK-6084,CLI-1092,TRD-102015,Fee Query,14.7,3
TCK-6085,CLI-1045,TRD-107706,Settlement Delay,6.8,3
TCK-6086,CLI-1009,TRD-103263,Settlement Delay,16.6,4
TCK-6087,CLI-1086,TRD-104600,Reporting Request,3.8,1
TCK-6088,CLI-1102,TRD-106331,Trade Exception,11.1,4
TCK-6089,CLI-1113,TRD-101350,Reporting Request,25.9,4
TCK-6090,CLI-1104,TRD-105005,Trade Exception,21,4
TCK-6091,CLI-1134,TRD-107388,Trade Exception,35.5,4
TCK-6092,CLI-1123,TRD-107986,Settlement Delay,1.3,5
TCK-6093,CLI-1133,TRD-101489,Settlement Delay,32.7,2
TCK-6094,CLI-1092,TRD-104785,Fee Query,4.3,5
TCK-6095,CLI-1086,TRD-101222,Trade Exception,35.7,2
TCK-6096,CLI-1011,TRD-106587,Reporting Request,4.5,3
TCK-6097,CLI-1083,TRD-101365,Settlement Delay,3.5,1
TCK-6098,CLI-1068,TRD-109107,Reporting Request,12.9,5
TCK-6099,CLI-1080,TRD-105267,Trade Exception,16.6,4
TCK-6100,CLI-1060,TRD-103461,Reporting Request,40.3,4
TCK-6101,CLI-1024,TRD-108319,Reporting Request,5.3,5
TCK-6102,CLI-1003,TRD-108327,Trade Exception,8.2,4
TCK-6103,CLI-1028,TRD-104351,Fee Query,12.1,5
TCK-6104,CLI-1062,TRD-107374,Reporting Request,21.8,4
TCK-6105,CLI-1035,TRD-106178,Fee Query,19.3,4
TCK-6106,CLI-1044,TRD-108489,Trade Exception,35.5,2
TCK-6107,CLI-1132,TRD-106860,Reporting Request,10.4,1
TCK-6108,CLI-1013,TRD-103803,Fee Query,21.7,3
TCK-6109,CLI-1128,TRD-106980,Settlement Delay,20.5,1
TCK-6110,CLI-1143,TRD-104994,Trade Exception,3.8,4
TCK-6111,CLI-1133,TRD-100127,Settlement Delay,6.1,3
TCK-6112,CLI-1127,TRD-107706,Settlement Delay,3.7,2
TCK-6113,CLI-1079,TRD-108516,Settlement Delay,1.5,5
TCK-6114,CLI-1023,TRD-106652,Settlement Delay,23.8,5
TCK-6115,CLI-1012,TRD-107611,Fee Query,28.9,3
TCK-6116,CLI-1061,TRD-101264,Trade Exception,7.6,3
TCK-6117,CLI-1079,TRD-102486,Trade Exception,6.4,4
TCK-6118,CLI-1028,TRD-100816,Trade Exception,8.6,4
TCK-6119,CLI-1104,TRD-107007,Fee Query,12.9,5
TCK-6120,CLI-1012,TRD-103569,Fee Query,53.3,5
TCK-6121,CLI-1136,TRD-107834,Settlement Delay,25.6,1
TCK-6122,CLI-1088,TRD-100459,Settlement Delay,3.1,3
TCK-6123,CLI-1002,TRD-103063,Reporting Request,26.2,3
TCK-6124,CLI-1058,TRD-101830,Trade Exception,9,1
TCK-6125,CLI-1003,TRD-102052,Reporting Request,20.6,5
TCK-6126,CLI-1113,TRD-101657,Fee Query,23.4,2
TCK-6127,CLI-1071,TRD-101080,Reporting Request,6.7,1
TCK-6128,CLI-1047,TRD-103168,Settlement Delay,1.3,1
TCK-6129,CLI-1139,TRD-108979,Fee Query,6.4,3
TCK-6130,CLI-1044,TRD-108933,Fee Query,1.4,3
TCK-6131,CLI-1075,TRD-105983,Settlement Delay,9.7,5
TCK-6132,CLI-1127,TRD-101711,Settlement Delay,36.7,1
TCK-6133,CLI-1148,TRD-108705,Trade Exception,27,5
TCK-6134,CLI-1100,TRD-102187,Settlement Delay,6.8,3
TCK-6135,CLI-1116,TRD-100422,Reporting Request,18,2
TCK-6136,CLI-1057,TRD-107614,Reporting Request,16.8,5
TCK-6137,CLI-1096,TRD-104769,Trade Exception,11.3,5
TCK-6138,CLI-1126,TRD-106134,Settlement Delay,15.6,4
TCK-6139,CLI-1125,TRD-100016,Reporting Request,29,1
TCK-6140,CLI-1146,TRD-106917,Reporting Request,5,4
TCK-6141,CLI-1041,TRD-104125,Settlement Delay,3.3,1
TCK-6142,CLI-1050,TRD-100854,Trade Exception,5.7,3
TCK-6143,CLI-1110,TRD-102329,Settlement Delay,12.3,4
TCK-6144,CLI-1058,TRD-109838,Settlement Delay,8.9,1
TCK-6145,CLI-1043,TRD-103367,Reporting Request,14.4,3
TCK-6146,CLI-1104,TRD-101694,Reporting Request,8.1,3
TCK-6147,CLI-1100,TRD-109005,Reporting Request,13.6,1
TCK-6148,CLI-1130,TRD-105057,Trade Exception,2.1,4
TCK-6149,CLI-1074,TRD-107770,Reporting Request,7.8,4
TCK-6150,CLI-1046,TRD-105755,Settlement Delay,13.4,1
TCK-6151,CLI-1091,TRD-109973,Trade Exception,5.1,3
TCK-6152,CLI-1085,TRD-100355,Settlement Delay,5.7,3
TCK-6153,CLI-1014,TRD-102960,Reporting Request,1.2,4
TCK-6154,CLI-1061,TRD-102684,Trade Exception,19.5,5
TCK-6155,CLI-1118,TRD-103549,Trade Exception,9,4
TCK-6156,CLI-1033,TRD-103139,Fee Query,3.2,1
TCK-6157,CLI-1002,TRD-107784,Reporting Request,12.9,1
TCK-6158,CLI-1065,TRD-104305,Trade Exception,2.5,3
TCK-6159,CLI-1127,TRD-108858,Fee Query,8.5,2
TCK-6160,CLI-1042,TRD-104574,Fee Query,2.7,3
TCK-6161,CLI-1064,TRD-109208,Settlement Delay,14.5,4
TCK-6162,CLI-1082,TRD-102187,Fee Query,3.5,3
TCK-6163,CLI-1027,TRD-108473,Trade Exception,37.9,2
TCK-6164,CLI-1015,TRD-100524,Trade Exception,12,4
TCK-6165,CLI-1148,TRD-105585,Settlement Delay,1.3,5
TCK-6166,CLI-1049,TRD-109706,Settlement Delay,7.5,5
TCK-6167,CLI-1122,TRD-107056,Fee Query,3.1,4
TCK-6168,CLI-1031,TRD-109700,Trade Exception,12.2,2
TCK-6169,CLI-1064,TRD-107957,Settlement Delay,18.4,5
TCK-6170,CLI-1121,TRD-104727,Reporting Request,5.4,4
TCK-6171,CLI-1065,TRD-104717,Fee Query,14.5,5
TCK-6172,CLI-1112,TRD-109807,Settlement Delay,25.6,2
TCK-6173,CLI-1059,TRD-108701,Fee Query,29.3,4
TCK-6174,CLI-1145,TRD-105357,Settlement Delay,2.6,4
TCK-6175,CLI-1109,TRD-107573,Settlement Delay,6.3,4
TCK-6176,CLI-1106,TRD-105050,Trade Exception,4.8,3
TCK-6177,CLI-1144,TRD-102654,Reporting Request,11.1,3
TCK-6178,CLI-1111,TRD-107536,Settlement Delay,21.3,5
TCK-6179,CLI-1007,TRD-100321,Fee Query,13.4,4
TCK-6180,CLI-1009,TRD-106583,Settlement Delay,49.9,4
TCK-6181,CLI-1054,TRD-102133,Fee Query,1.5,2
TCK-6182,CLI-1096,TRD-107863,Trade Exception,3.7,1
TCK-6183,CLI-1059,TRD-106733,Settlement Delay,23.9,4
TCK-6184,CLI-1079,TRD-103575,Reporting Request,7,4
TCK-6185,CLI-1111,TRD-105188,Settlement Delay,19.1,5
TCK-6186,CLI-1004,TRD-101178,Settlement Delay,43.8,5
TCK-6187,CLI-1075,TRD-105934,Fee Query,11.7,4
TCK-6188,CLI-1082,TRD-100463,Fee Query,14.2,2
TCK-6189,CLI-1023,TRD-104077,Fee Query,6.8,1
TCK-6190,CLI-1133,TRD-103145,Trade Exception,28.5,4
TCK-6191,CLI-1074,TRD-106366,Reporting Request,14.3,2
TCK-6192,CLI-1124,TRD-103890,Trade Exception,12.1,4
TCK-6193,CLI-1141,TRD-100954,Reporting Request,1.3,1
TCK-6194,CLI-1039,TRD-108250,Reporting Request,9.2,5
TCK-6195,CLI-1105,TRD-102199,Trade Exception,64.8,5
TCK-6196,CLI-1077,TRD-107093,Trade Exception,8.2,4
TCK-6197,CLI-1107,TRD-108332,Settlement Delay,38.8,2
TCK-6198,CLI-1122,TRD-100965,Settlement Delay,48.8,3
TCK-6199,CLI-1128,TRD-108287,Fee Query,13.5,3
TCK-6200,CLI-1022,TRD-108404,Fee Query,5.3,2
TCK-6201,CLI-1000,TRD-105277,Trade Exception,3.6,2
TCK-6202,CLI-1043,TRD-107058,Trade Exception,10.5,4
TCK-6203,CLI-1108,TRD-106522,Reporting Request,2.3,4
TCK-6204,CLI-1027,TRD-103258,Reporting Request,9.5,2
TCK-6205,CLI-1126,TRD-107470,Reporting Request,13.9,4
TCK-6206,CLI-1121,TRD-104064,Trade Exception,7.9,2
TCK-6207,CLI-1086,TRD-102816,Settlement Delay,3,2
TCK-6208,CLI-1098,TRD-106231,Trade Exception,20.6,4
TCK-6209,CLI-1027,TRD-109395,Reporting Request,10.3,5
TCK-6210,CLI-1147,TRD-108468,Fee Query,4.8,4
TCK-6211,CLI-1016,TRD-101211,Trade Exception,1.2,2
TCK-6212,CLI-1132,TRD-100073,Trade Exception,10.4,3
TCK-6213,CLI-1147,TRD-108331,Fee Query,18.5,4
TCK-6214,CLI-1049,TRD-108662,Trade Exception,6.4,5
TCK-6215,CLI-1128,TRD-101995,Trade Exception,14,5
TCK-6216,CLI-1129,TRD-104047,Fee Query,20.1,4
TCK-6217,CLI-1145,TRD-100438,Fee Query,8.6,3
TCK-6218,CLI-1012,TRD-101429,Trade Exception,4.8,2
TCK-6219,CLI-1149,TRD-108686,Fee Query,7.4,1
TCK-6220,CLI-1134,TRD-107417,Settlement Delay,18.2,3
TCK-6221,CLI-1042,TRD-102120,Fee Query,4,4
TCK-6222,CLI-1048,TRD-106420,Reporting Request,4.5,4
TCK-6223,CLI-1067,TRD-105540,Trade Exception,6.4,3
TCK-6224,CLI-1046,TRD-100160,Fee Query,12.9,5
TCK-6225,CLI-1120,TRD-100633,Settlement Delay,4.3,1
TCK-6226,CLI-1071,TRD-104004,Fee Query,9.2,4
TCK-6227,CLI-1003,TRD-107207,Reporting Request,13.1,3
TCK-6228,CLI-1107,TRD-105608,Reporting Request,9.9,4
TCK-6229,CLI-1053,TRD-103019,Trade Exception,1.1,5
TCK-6230,CLI-1029,TRD-101183,Settlement Delay,9.3,4
TCK-6231,CLI-1044,TRD-108090,Settlement Delay,6.3,4
TCK-6232,CLI-1016,TRD-106953,Settlement Delay,1.6,1
TCK-6233,CLI-1130,TRD-107917,Trade Exception,30.6,2
TCK-6234,CLI-1088,TRD-100435,Fee Query,13.6,4
TCK-6235,CLI-1012,TRD-102588,Settlement Delay,30.4,5
TCK-6236,CLI-1022,TRD-104909,Fee Query,5.4,4
TCK-6237,CLI-1003,TRD-105933,Fee Query,31.9,5
TCK-6238,CLI-1071,TRD-109682,Reporting Request,8,5
TCK-6239,CLI-1017,TRD-108088,Fee Query,5.7,2
TCK-6240,CLI-1118,TRD-103008,Trade Exception,23.1,4
TCK-6241,CLI-1034,TRD-104024,Trade Exception,1.5,4
TCK-6242,CLI-1098,TRD-108593,Trade Exception,16.8,3
TCK-6243,CLI-1074,TRD-109918,Reporting Request,25,3
TCK-6244,CLI-1015,TRD-107447,Fee Query,25.6,5
TCK-6245,CLI-1011,TRD-105906,Reporting Request,1.4,4
TCK-6246,CLI-1060,TRD-100670,Reporting Request,26.6,4
TCK-6247,CLI-1058,TRD-100862,Fee Query,16.1,4
TCK-6248,CLI-1071,TRD-108683,Trade Exception,23.4,5
TCK-6249,CLI-1064,TRD-102133,Trade Exception,14.2,4
TCK-6250,CLI-1069,TRD-102497,Reporting Request,17.6,1
TCK-6251,CLI-1070,TRD-106211,Trade Exception,12.5,5
TCK-6252,CLI-1042,TRD-104781,Fee Query,8.6,2
TCK-6253,CLI-1064,TRD-108466,Settlement Delay,32.7,5
TCK-6254,CLI-1038,TRD-109897,Fee Query,2.4,3
TCK-6255,CLI-1141,TRD-103471,Trade Exception,1.8,5
TCK-6256,CLI-1033,TRD-107859,Settlement Delay,14.1,3
TCK-6257,CLI-1064,TRD-108490,Fee Query,14.4,4
TCK-6258,CLI-1025,TRD-104202,Reporting Request,23.1,3
TCK-6259,CLI-1035,TRD-101235,Fee Query,13.5,4
TCK-6260,CLI-1023,TRD-107804,Reporting Request,2.1,5
TCK-6261,CLI-1107,TRD-105037,Trade Exception,26.4,5
TCK-6262,CLI-1006,TRD-103832,Settlement Delay,2.3,2
TCK-6263,CLI-1103,TRD-101411,Fee Query,8.2,5
TCK-6264,CLI-1094,TRD-102318,Fee Query,12.9,3
TCK-6265,CLI-1140,TRD-108746,Settlement Delay,13,4
TCK-6266,CLI-1092,TRD-108998,Fee Query,8.1,1
TCK-6267,CLI-1030,TRD-108298,Trade Exception,5.8,4
TCK-6268,CLI-1124,TRD-104109,Reporting Request,5.3,5
TCK-6269,CLI-1005,TRD-103781,Trade Exception,44.6,3
TCK-6270,CLI-1098,TRD-105118,Reporting Request,6,4
TCK-6271,CLI-1012,TRD-103373,Settlement Delay,11.4,5
TCK-6272,CLI-1113,TRD-109955,Fee Query,11.4,3
TCK-6273,CLI-1140,TRD-109547,Settlement Delay,11.2,5
TCK-6274,CLI-1105,TRD-106618,Trade Exception,12.6,2
TCK-6275,CLI-1052,TRD-105322,Fee Query,4.7,4
TCK-6276,CLI-1043,TRD-102456,Settlement Delay,6,4
TCK-6277,CLI-1036,TRD-106608,Settlement Delay,1.9,4
TCK-6278,CLI-1017,TRD-106726,Reporting Request,11.2,3
TCK-6279,CLI-1001,TRD-102479,Trade Exception,4.3,4
TCK-6280,CLI-1096,TRD-106250,Settlement Delay,3.3,5
TCK-6281,CLI-1127,TRD-108226,Trade Exception,22.5,4
TCK-6282,CLI-1011,TRD-109817,Fee Query,11.5,4
TCK-6283,CLI-1015,TRD-100497,Reporting Request,10.8,4
TCK-6284,CLI-1017,TRD-103046,Trade Exception,3,3
TCK-6285,CLI-1026,TRD-109037,Fee Query,8.1,1
TCK-6286,CLI-1110,TRD-104885,Trade Exception,10.7,5
TCK-6287,CLI-1010,TRD-103787,Fee Query,7.9,3
TCK-6288,CLI-1065,TRD-107583,Fee Query,10.2,4
TCK-6289,CLI-1024,TRD-105165,Settlement Delay,1.2,4
TCK-6290,CLI-1032,TRD-108948,Fee Query,3.7,4
TCK-6291,CLI-1034,TRD-103328,Trade Exception,3.9,5
TCK-6292,CLI-1063,TRD-108258,Reporting Request,6.7,4
TCK-6293,CLI-1064,TRD-101904,Reporting Request,34.9,1
TCK-6294,CLI-1114,TRD-101457,Trade Exception,10.3,5
TCK-6295,CLI-1142,TRD-100125,Settlement Delay,4.6,5
TCK-6296,CLI-1081,TRD-104511,Settlement Delay,16.1,4
TCK-6297,CLI-1105,TRD-106635,Settlement Delay,4,5
TCK-6298,CLI-1052,TRD-102432,Settlement Delay,3.1,5
TCK-6299,CLI-1021,TRD-104014,Fee Query,5.2,5
TCK-6300,CLI-1007,TRD-100957,Settlement Delay,5.2,2
TCK-6301,CLI-1011,TRD-101715,Settlement Delay,7.6,4
TCK-6302,CLI-1128,TRD-109841,Reporting Request,16,3
TCK-6303,CLI-1103,TRD-105464,Fee Query,11.4,1
TCK-6304,CLI-1135,TRD-102564,Trade Exception,9.1,3
TCK-6305,CLI-1002,TRD-107878,Reporting Request,36.6,4
TCK-6306,CLI-1080,TRD-104406,Trade Exception,1.4,5
TCK-6307,CLI-1115,TRD-108632,Reporting Request,7.2,4
TCK-6308,CLI-1114,TRD-107150,Trade Exception,14.9,4
TCK-6309,CLI-1109,TRD-104962,Settlement Delay,5.6,3
TCK-6310,CLI-1074,TRD-105194,Reporting Request,8.7,2
TCK-6311,CLI-1104,TRD-108438,Fee Query,1.4,4
TCK-6312,CLI-1033,TRD-104646,Reporting Request,3.7,4
TCK-6313,CLI-1147,TRD-100079,Reporting Request,2,4
TCK-6314,CLI-1146,TRD-108552,Trade Exception,43.3,4
TCK-6315,CLI-1111,TRD-103782,Fee Query,17.4,3
TCK-6316,CLI-1119,TRD-104617,Settlement Delay,13.7,5
TCK-6317,CLI-1117,TRD-100890,Reporting Request,1,4
TCK-6318,CLI-1058,TRD-104433,Trade Exception,8.5,5
TCK-6319,CLI-1082,TRD-106297,Settlement Delay,15.8,1
TCK-6320,CLI-1042,TRD-106685,Settlement Delay,12.2,2
TCK-6321,CLI-1101,TRD-100620,Settlement Delay,9.7,2
TCK-6322,CLI-1108,TRD-101600,Settlement Delay,22.2,5
TCK-6323,CLI-1013,TRD-105029,Reporting Request,5.9,3
TCK-6324,CLI-1025,TRD-108686,Trade Exception,22.9,4
TCK-6325,CLI-1124,TRD-108024,Fee Query,6.9,1
TCK-6326,CLI-1141,TRD-108210,Trade Exception,11.4,4
TCK-6327,CLI-1069,TRD-106640,Trade Exception,9.8,4
TCK-6328,CLI-1063,TRD-103424,Trade Exception,7.3,4
TCK-6329,CLI-1054,TRD-105880,Fee Query,4.7,1
TCK-6330,CLI-1147,TRD-109998,Settlement Delay,8.1,1
TCK-6331,CLI-1104,TRD-107800,Reporting Request,2.6,4
TCK-6332,CLI-1130,TRD-103917,Settlement Delay,6.1,4
TCK-6333,CLI-1034,TRD-105180,Settlement Delay,11.4,3
TCK-6334,CLI-1099,TRD-104133,Trade Exception,1.8,4
TCK-6335,CLI-1007,TRD-107522,Trade Exception,17.3,1
TCK-6336,CLI-1115,TRD-102765,Trade Exception,11.1,3
TCK-6337,CLI-1092,TRD-108012,Fee Query,41.2,2
TCK-6338,CLI-1083,TRD-102260,Reporting Request,2.1,5
TCK-6339,CLI-1056,TRD-106859,Trade Exception,4.1,3
TCK-6340,CLI-1073,TRD-104823,Trade Exception,10.3,4
TCK-6341,CLI-1118,TRD-109939,Fee Query,9,2
TCK-6342,CLI-1032,TRD-104926,Trade Exception,9.3,2
TCK-6343,CLI-1066,TRD-106570,Trade Exception,6,4
TCK-6344,CLI-1082,TRD-108211,Settlement Delay,25.1,4
TCK-6345,CLI-1102,TRD-107482,Settlement Delay,1.6,5
TCK-6346,CLI-1129,TRD-106027,Fee Query,25.7,4
TCK-6347,CLI-1027,TRD-105843,Reporting Request,19,4
TCK-6348,CLI-1130,TRD-106932,Fee Query,19.6,2
TCK-6349,CLI-1060,TRD-103203,Reporting Request,29.9,5
TCK-6350,CLI-1065,TRD-104789,Settlement Delay,11,4
TCK-6351,CLI-1122,TRD-100666,Fee Query,25.1,2
TCK-6352,CLI-1092,TRD-102671,Settlement Delay,7.2,4
TCK-6353,CLI-1045,TRD-104830,Fee Query,14.8,5
TCK-6354,CLI-1030,TRD-100252,Settlement Delay,5.4,4
TCK-6355,CLI-1057,TRD-108905,Trade Exception,20.7,3
TCK-6356,CLI-1014,TRD-101347,Fee Query,1.4,5
TCK-6357,CLI-1137,TRD-100971,Trade Exception,23.4,5
TCK-6358,CLI-1106,TRD-104992,Trade Exception,2.5,4
TCK-6359,CLI-1085,TRD-105178,Settlement Delay,3,2
TCK-6360,CLI-1097,TRD-101324,Reporting Request,18,4
TCK-6361,CLI-1041,TRD-101864,Fee Query,4.2,3
TCK-6362,CLI-1103,TRD-103950,Fee Query,9.1,4
TCK-6363,CLI-1013,TRD-101329,Trade Exception,9.3,5
TCK-6364,CLI-1083,TRD-101205,Fee Query,6.6,2
TCK-6365,CLI-1098,TRD-106451,Reporting Request,33.4,3
TCK-6366,CLI-1064,TRD-107922,Reporting Request,11,2
TCK-6367,CLI-1015,TRD-103485,Trade Exception,16.1,4
TCK-6368,CLI-1114,TRD-104995,Settlement Delay,27.5,4
TCK-6369,CLI-1047,TRD-101076,Reporting Request,12.4,4
TCK-6370,CLI-1148,TRD-103223,Trade Exception,15.2,4
TCK-6371,CLI-1106,TRD-103377,Settlement Delay,8,3
TCK-6372,CLI-1052,TRD-107917,Trade Exception,65.7,2
TCK-6373,CLI-1078,TRD-109644,Settlement Delay,18.9,5
TCK-6374,CLI-1129,TRD-105948,Trade Exception,41.3,4
TCK-6375,CLI-1004,TRD-106233,Fee Query,2.6,4
TCK-6376,CLI-1138,TRD-102037,Fee Query,1.3,3
TCK-6377,CLI-1108,TRD-101522,Trade Exception,9.9,2
TCK-6378,CLI-1129,TRD-109260,Reporting Request,16.8,3
TCK-6379,CLI-1096,TRD-106892,Settlement Delay,22.5,5
TCK-6380,CLI-1148,TRD-103533,Fee Query,23.7,3
TCK-6381,CLI-1039,TRD-101009,Reporting Request,5.1,1
TCK-6382,CLI-1075,TRD-109249,Settlement Delay,18.1,4
TCK-6383,CLI-1024,TRD-102186,Trade Exception,3.1,3
TCK-6384,CLI-1083,TRD-104144,Reporting Request,9.8,4
TCK-6385,CLI-1126,TRD-106567,Settlement Delay,4.2,4
TCK-6386,CLI-1055,TRD-102994,Fee Query,4.2,5
TCK-6387,CLI-1069,TRD-109314,Settlement Delay,5.3,4
TCK-6388,CLI-1122,TRD-104029,Trade Exception,5.4,4
TCK-6389,CLI-1143,TRD-107822,Settlement Delay,5.9,4
TCK-6390,CLI-1138,TRD-104968,Fee Query,30.4,2
TCK-6391,CLI-1130,TRD-109326,Settlement Delay,14.9,5
TCK-6392,CLI-1102,TRD-108819,Settlement Delay,1.1,4
TCK-6393,CLI-1071,TRD-101932,Settlement Delay,7.2,5
TCK-6394,CLI-1080,TRD-109016,Reporting Request,3.2,4
TCK-6395,CLI-1148,TRD-101896,Settlement Delay,16.3,3
TCK-6396,CLI-1051,TRD-104296,Trade Exception,49.6,2
TCK-6397,CLI-1059,TRD-107910,Fee Query,9.3,4
TCK-6398,CLI-1095,TRD-106110,Settlement Delay,48.6,4
TCK-6399,CLI-1078,TRD-105603,Settlement Delay,4.9,3
TCK-6400,CLI-1090,TRD-103076,Reporting Request,11.4,3
TCK-6401,CLI-1062,TRD-107232,Fee Query,10.5,4
TCK-6402,CLI-1085,TRD-105557,Trade Exception,20.1,2
TCK-6403,CLI-1037,TRD-102216,Fee Query,4.6,3
TCK-6404,CLI-1090,TRD-100724,Reporting Request,4.6,4
TCK-6405,CLI-1007,TRD-107202,Settlement Delay,6.3,3
TCK-6406,CLI-1105,TRD-100297,Trade Exception,11.5,5
TCK-6407,CLI-1126,TRD-100342,Reporting Request,2.7,5
TCK-6408,CLI-1127,TRD-101927,Trade Exception,38.2,5
TCK-6409,CLI-1026,TRD-108178,Fee Query,8.4,5
TCK-6410,CLI-1033,TRD-108953,Fee Query,9.4,5
TCK-6411,CLI-1034,TRD-109086,Settlement Delay,7.3,3
TCK-6412,CLI-1104,TRD-104253,Reporting Request,6.9,4
TCK-6413,CLI-1087,TRD-103692,Settlement Delay,8.3,4
TCK-6414,CLI-1062,TRD-103923,Trade Exception,4.3,4
TCK-6415,CLI-1065,TRD-103419,Trade Exception,2.9,3
TCK-6416,CLI-1110,TRD-107849,Trade Exception,7.9,3
TCK-6417,CLI-1143,TRD-109485,Fee Query,14.5,5
TCK-6418,CLI-1112,TRD-101344,Reporting Request,6.3,5
TCK-6419,CLI-1064,TRD-100524,Fee Query,2.4,4
TCK-6420,CLI-1125,TRD-102392,Settlement Delay,9.9,1
TCK-6421,CLI-1034,TRD-106667,Trade Exception,9.9,4
TCK-6422,CLI-1115,TRD-108343,Reporting Request,3.2,2
TCK-6423,CLI-1142,TRD-102632,Trade Exception,6,4
TCK-6424,CLI-1066,TRD-100549,Settlement Delay,19.7,1
TCK-6425,CLI-1027,TRD-103070,Trade Exception,1.4,5
TCK-6426,CLI-1091,TRD-102156,Fee Query,2.2,3
TCK-6427,CLI-1076,TRD-101058,Trade Exception,15.5,3
TCK-6428,CLI-1005,TRD-105764,Fee Query,11.2,4
TCK-6429,CLI-1003,TRD-105417,Fee Query,11.4,2
TCK-6430,CLI-1115,TRD-108915,Settlement Delay,8.3,5
TCK-6431,CLI-1100,TRD-103859,Fee Query,2.1,5
TCK-6432,CLI-1097,TRD-109457,Reporting Request,1.7,5
TCK-6433,CLI-1132,TRD-100178,Fee Query,5.7,4
TCK-6434,CLI-1111,TRD-107510,Trade Exception,1.7,4
TCK-6435,CLI-1074,TRD-104299,Fee Query,11,5
TCK-6436,CLI-1030,TRD-107086,Reporting Request,14.6,3
TCK-6437,CLI-1138,TRD-108821,Fee Query,12.6,4
TCK-6438,CLI-1063,TRD-108568,Settlement Delay,16.7,2
TCK-6439,CLI-1035,TRD-103227,Settlement Delay,37.5,3
TCK-6440,CLI-1125,TRD-102499,Reporting Request,42.1,4
TCK-6441,CLI-1011,TRD-102478,Trade Exception,5,1
TCK-6442,CLI-1087,TRD-101903,Trade Exception,5.1,4
TCK-6443,CLI-1082,TRD-107239,Settlement Delay,17.3,5
TCK-6444,CLI-1128,TRD-106389,Reporting Request,56.3,4
TCK-6445,CLI-1005,TRD-103604,Trade Exception,7.4,2
TCK-6446,CLI-1057,TRD-108495,Trade Exception,3.5,3
TCK-6447,CLI-1019,TRD-106577,Fee Query,16.7,4
TCK-6448,CLI-1120,TRD-101213,Trade Exception,6.8,4
TCK-6449,CLI-1105,TRD-108271,Trade Exception,2,1
TCK-6450,CLI-1011,TRD-105703,Settlement Delay,17.6,2
TCK-6451,CLI-1009,TRD-107428,Fee Query,7.3,4
TCK-6452,CLI-1047,TRD-106361,Trade Exception,11.7,1
TCK-6453,CLI-1102,TRD-105608,Settlement Delay,15.1,5
TCK-6454,CLI-1126,TRD-105288,Trade Exception,21.6,3
TCK-6455,CLI-1007,TRD-107804,Settlement Delay,12.7,4
TCK-6456,CLI-1002,TRD-108231,Fee Query,34,5
TCK-6457,CLI-1048,TRD-103783,Trade Exception,9,5
TCK-6458,CLI-1146,TRD-100894,Reporting Request,10.1,4
TCK-6459,CLI-1113,TRD-108302,Settlement Delay,5.4,5
TCK-6460,CLI-1066,TRD-109332,Fee Query,2.7,3
TCK-6461,CLI-1069,TRD-104061,Trade Exception,12.9,1
TCK-6462,CLI-1033,TRD-102767,Reporting Request,5.2,4
TCK-6463,CLI-1145,TRD-105527,Settlement Delay,16,3
TCK-6464,CLI-1149,TRD-100602,Trade Exception,12.6,4
TCK-6465,CLI-1051,TRD-102509,Fee Query,5,3
TCK-6466,CLI-1010,TRD-104116,Fee Query,10.8,4
TCK-6467,CLI-1023,TRD-106529,Trade Exception,54.4,4
TCK-6468,CLI-1006,TRD-100954,Settlement Delay,26.7,3
TCK-6469,CLI-1070,TRD-103206,Fee Query,7.5,5
TCK-6470,CLI-1051,TRD-107572,Fee Query,15,4
TCK-6471,CLI-1087,TRD-101745,Reporting Request,3.4,5
TCK-6472,CLI-1031,TRD-100512,Settlement Delay,1.1,1
TCK-6473,CLI-1051,TRD-104314,Settlement Delay,23,4
TCK-6474,CLI-1031,TRD-103847,Reporting Request,7.4,1
TCK-6475,CLI-1024,TRD-100859,Trade Exception,3.4,3
TCK-6476,CLI-1050,TRD-102917,Fee Query,5.5,4
TCK-6477,CLI-1096,TRD-109493,Settlement Delay,31.7,2
TCK-6478,CLI-1118,TRD-103347,Fee Query,27.8,5
TCK-6479,CLI-1037,TRD-100717,Reporting Request,13.6,3
TCK-6480,CLI-1079,TRD-108123,Settlement Delay,2.2,2
TCK-6481,CLI-1024,TRD-106594,Reporting Request,16.2,3
TCK-6482,CLI-1069,TRD-108007,Reporting Request,27.5,2
TCK-6483,CLI-1074,TRD-108357,Fee Query,31.2,4
TCK-6484,CLI-1028,TRD-100244,Trade Exception,6.9,4
TCK-6485,CLI-1093,TRD-102419,Settlement Delay,3.2,2
TCK-6486,CLI-1026,TRD-105111,Fee Query,39.9,5
TCK-6487,CLI-1070,TRD-108912,Trade Exception,21,4
TCK-6488,CLI-1001,TRD-109182,Trade Exception,7.8,3
TCK-6489,CLI-1008,TRD-105825,Reporting Request,13,3
TCK-6490,CLI-1114,TRD-106148,Fee Query,7.1,5
TCK-6491,CLI-1087,TRD-104609,Trade Exception,8.3,4
TCK-6492,CLI-1110,TRD-103108,Trade Exception,5.8,2
TCK-6493,CLI-1146,TRD-100730,Reporting Request,1.7,5
TCK-6494,CLI-1014,TRD-107241,Fee Query,71.2,5
TCK-6495,CLI-1001,TRD-103578,Settlement Delay,4.3,4
TCK-6496,CLI-1048,TRD-106242,Settlement Delay,5.1,1
TCK-6497,CLI-1141,TRD-106295,Settlement Delay,5.7,3
TCK-6498,CLI-1145,TRD-101047,Trade Exception,4.4,4
TCK-6499,CLI-1073,TRD-106494,Trade Exception,5.7,3
TCK-6500,CLI-1005,TRD-105379,Reporting Request,11,3
TCK-6501,CLI-1020,TRD-105517,Reporting Request,2,3
TCK-6502,CLI-1022,TRD-101891,Trade Exception,1.9,2
TCK-6503,CLI-1144,TRD-101139,Reporting Request,8.4,4
TCK-6504,CLI-1038,TRD-103955,Fee Query,15.3,4
TCK-6505,CLI-1062,TRD-104122,Settlement Delay,3.9,3
TCK-6506,CLI-1049,TRD-104741,Settlement Delay,9.8,2
TCK-6507,CLI-1097,TRD-101562,Reporting Request,8,2
TCK-6508,CLI-1005,TRD-109485,Fee Query,8.2,4
TCK-6509,CLI-1064,TRD-104885,Reporting Request,15.5,2
TCK-6510,CLI-1145,TRD-100432,Settlement Delay,11.9,3
TCK-6511,CLI-1034,TRD-102434,Fee Query,8.6,2
TCK-6512,CLI-1106,TRD-100127,Fee Query,4.8,4
TCK-6513,CLI-1046,TRD-106088,Settlement Delay,11.6,4
TCK-6514,CLI-1066,TRD-104431,Reporting Request,2.8,5
TCK-6515,CLI-1064,TRD-100968,Reporting Request,7.5,5
TCK-6516,CLI-1130,TRD-108880,Reporting Request,2.7,5
TCK-6517,CLI-1014,TRD-105345,Reporting Request,5.6,5
TCK-6518,CLI-1122,TRD-108922,Settlement Delay,13.2,5
TCK-6519,CLI-1141,TRD-101409,Settlement Delay,19.5,1
TCK-6520,CLI-1036,TRD-108725,Trade Exception,4.2,4
TCK-6521,CLI-1016,TRD-100303,Trade Exception,13.3,3
TCK-6522,CLI-1114,TRD-102228,Reporting Request,4.8,2
TCK-6523,CLI-1015,TRD-106262,Reporting Request,7.4,3
TCK-6524,CLI-1028,TRD-106016,Settlement Delay,30.5,2
TCK-6525,CLI-1146,TRD-107093,Settlement Delay,2.3,3
TCK-6526,CLI-1019,TRD-108742,Reporting Request,50.6,3
TCK-6527,CLI-1091,TRD-104617,Trade Exception,13.3,4
TCK-6528,CLI-1148,TRD-100932,Reporting Request,12.3,5
TCK-6529,CLI-1115,TRD-104880,Fee Query,3.9,1
TCK-6530,CLI-1126,TRD-104482,Reporting Request,3.6,4
TCK-6531,CLI-1071,TRD-108532,Settlement Delay,31.8,1
TCK-6532,CLI-1110,TRD-103915,Settlement Delay,3.1,4
TCK-6533,CLI-1138,TRD-104282,Settlement Delay,3.3,4
TCK-6534,CLI-1054,TRD-104847,Settlement Delay,15.5,3
TCK-6535,CLI-1036,TRD-107694,Fee Query,15.6,1
TCK-6536,CLI-1137,TRD-101764,Settlement Delay,7.1,5
TCK-6537,CLI-1016,TRD-100552,Settlement Delay,29.6,3
TCK-6538,CLI-1075,TRD-104802,Trade Exception,31.2,1
TCK-6539,CLI-1049,TRD-104484,Trade Exception,23.1,1
TCK-6540,CLI-1114,TRD-100446,Fee Query,1.2,1
TCK-6541,CLI-1016,TRD-100140,Trade Exception,5.3,5
TCK-6542,CLI-1101,TRD-102648,Settlement Delay,5.1,4
TCK-6543,CLI-1042,TRD-108657,Trade Exception,1.8,5
TCK-6544,CLI-1033,TRD-100828,Reporting Request,27.8,4
TCK-6545,CLI-1087,TRD-100898,Reporting Request,59.9,1
TCK-6546,CLI-1057,TRD-107042,Reporting Request,2.9,3
TCK-6547,CLI-1123,TRD-108671,Settlement Delay,5,4
TCK-6548,CLI-1085,TRD-107661,Settlement Delay,1.3,1
TCK-6549,CLI-1125,TRD-102719,Reporting Request,2.5,5
TCK-6550,CLI-1092,TRD-109695,Settlement Delay,9.3,5
TCK-6551,CLI-1083,TRD-105731,Settlement Delay,6.5,2
TCK-6552,CLI-1015,TRD-106955,Fee Query,7.6,3
TCK-6553,CLI-1143,TRD-108540,Settlement Delay,14.2,4
TCK-6554,CLI-1129,TRD-102340,Settlement Delay,2.2,1
TCK-6555,CLI-1129,TRD-102146,Trade Exception,23.6,2
TCK-6556,CLI-1041,TRD-106426,Fee Query,25.1,4
TCK-6557,CLI-1003,TRD-100663,Fee Query,3.1,3
TCK-6558,CLI-1009,TRD-102487,Fee Query,13.1,2
TCK-6559,CLI-1114,TRD-106051,Reporting Request,15.1,4
TCK-6560,CLI-1022,TRD-103042,Reporting Request,3.3,5
TCK-6561,CLI-1073,TRD-104327,Fee Query,6.6,2
TCK-6562,CLI-1059,TRD-106598,Reporting Request,15.1,2
TCK-6563,CLI-1142,TRD-103004,Settlement Delay,14.4,1
TCK-6564,CLI-1026,TRD-103738,Trade Exception,22.9,4
TCK-6565,CLI-1091,TRD-106889,Settlement Delay,2.7,3
TCK-6566,CLI-1077,TRD-108235,Trade Exception,5.7,4
TCK-6567,CLI-1006,TRD-100637,Fee Query,17.8,1
TCK-6568,CLI-1038,TRD-107365,Settlement Delay,4.4,4
TCK-6569,CLI-1034,TRD-103458,Reporting Request,10.2,5
TCK-6570,CLI-1143,TRD-109634,Reporting Request,2.8,5
TCK-6571,CLI-1067,TRD-101217,Reporting Request,3,3
TCK-6572,CLI-1137,TRD-107401,Trade Exception,4.5,2
TCK-6573,CLI-1104,TRD-109174,Settlement Delay,5.2,4
TCK-6574,CLI-1012,TRD-106920,Fee Query,1.5,3
TCK-6575,CLI-1042,TRD-105607,Fee Query,24.2,1
TCK-6576,CLI-1116,TRD-101160,Fee Query,1.5,3
TCK-6577,CLI-1113,TRD-109762,Reporting Request,18.3,4
TCK-6578,CLI-1011,TRD-108715,Reporting Request,5.1,4
TCK-6579,CLI-1143,TRD-102882,Trade Exception,7.1,5
TCK-6580,CLI-1122,TRD-106655,Trade Exception,11.4,5
TCK-6581,CLI-1149,TRD-109828,Settlement Delay,4.1,4
TCK-6582,CLI-1090,TRD-105560,Trade Exception,2,5
TCK-6583,CLI-1081,TRD-100219,Fee Query,38.8,5
TCK-6584,CLI-1046,TRD-100992,Fee Query,22.1,5
TCK-6585,CLI-1138,TRD-107905,Reporting Request,18.1,2
TCK-6586,CLI-1119,TRD-108106,Trade Exception,10.2,3
TCK-6587,CLI-1102,TRD-107061,Trade Exception,13.2,2
TCK-6588,CLI-1006,TRD-100228,Settlement Delay,25,5
TCK-6589,CLI-1062,TRD-100335,Trade Exception,6.9,4
TCK-6590,CLI-1092,TRD-100499,Trade Exception,2.3,2
TCK-6591,CLI-1127,TRD-100738,Trade Exception,23.1,5
TCK-6592,CLI-1109,TRD-105824,Fee Query,1.8,4
TCK-6593,CLI-1016,TRD-100726,Reporting Request,31.1,1
TCK-6594,CLI-1121,TRD-101188,Reporting Request,16.4,3
TCK-6595,CLI-1058,TRD-103793,Settlement Delay,8.1,4
TCK-6596,CLI-1036,TRD-100259,Reporting Request,12.5,3
TCK-6597,CLI-1073,TRD-100265,Settlement Delay,10.2,4
TCK-6598,CLI-1107,TRD-100794,Settlement Delay,7.2,4
TCK-6599,CLI-1110,TRD-100110,Fee Query,2.7,5
TCK-6600,CLI-1011,TRD-102614,Fee Query,20.8,4
TCK-6601,CLI-1144,TRD-100423,Fee Query,11.6,2
TCK-6602,CLI-1008,TRD-103936,Settlement Delay,15.5,5
TCK-6603,CLI-1031,TRD-103560,Fee Query,3.8,2
TCK-6604,CLI-1081,TRD-102695,Fee Query,3.7,4
TCK-6605,CLI-1135,TRD-102318,Reporting Request,22.9,1
TCK-6606,CLI-1106,TRD-103132,Settlement Delay,10.5,2
TCK-6607,CLI-1139,TRD-105254,Reporting Request,8.2,2
TCK-6608,CLI-1128,TRD-102924,Fee Query,2.2,4
TCK-6609,CLI-1132,TRD-102711,Reporting Request,7.7,2
TCK-6610,CLI-1037,TRD-100019,Fee Query,15.6,4
TCK-6611,CLI-1020,TRD-104100,Reporting Request,2.3,4
TCK-6612,CLI-1058,TRD-101665,Fee Query,1.4,4
TCK-6613,CLI-1119,TRD-104857,Trade Exception,10.7,4
TCK-6614,CLI-1093,TRD-101100,Fee Query,5.6,5
TCK-6615,CLI-1019,TRD-102068,Fee Query,29.4,5
TCK-6616,CLI-1094,TRD-101026,Settlement Delay,11.8,4
TCK-6617,CLI-1042,TRD-100692,Fee Query,5.3,2
TCK-6618,CLI-1061,TRD-100636,Settlement Delay,5.5,5
TCK-6619,CLI-1001,TRD-102612,Trade Exception,2.7,1
TCK-6620,CLI-1073,TRD-109022,Settlement Delay,7.9,5
TCK-6621,CLI-1042,TRD-102485,Trade Exception,1.9,4
TCK-6622,CLI-1029,TRD-103143,Settlement Delay,8,5
TCK-6623,CLI-1002,TRD-104997,Settlement Delay,2.5,3
TCK-6624,CLI-1098,TRD-107127,Settlement Delay,14.6,4
TCK-6625,CLI-1128,TRD-100793,Settlement Delay,13.6,2
TCK-6626,CLI-1128,TRD-100417,Reporting Request,22.9,5
TCK-6627,CLI-1028,TRD-105572,Trade Exception,31.7,3
TCK-6628,CLI-1008,TRD-101761,Reporting Request,13.7,3
TCK-6629,CLI-1116,TRD-106505,Settlement Delay,3,3
TCK-6630,CLI-1139,TRD-106860,Trade Exception,9.5,3
TCK-6631,CLI-1056,TRD-108196,Reporting Request,35,2
TCK-6632,CLI-1139,TRD-103540,Trade Exception,3.7,1
TCK-6633,CLI-1149,TRD-104311,Fee Query,6.9,3
TCK-6634,CLI-1082,TRD-102854,Trade Exception,17.5,4
TCK-6635,CLI-1106,TRD-107732,Reporting Request,18.3,2
TCK-6636,CLI-1115,TRD-103335,Fee Query,36.8,2
TCK-6637,CLI-1083,TRD-107363,Trade Exception,4.4,4
TCK-6638,CLI-1109,TRD-108611,Settlement Delay,24.4,4
TCK-6639,CLI-1089,TRD-105189,Trade Exception,1.6,5
TCK-6640,CLI-1078,TRD-107301,Reporting Request,2.9,1
TCK-6641,CLI-1057,TRD-102588,Settlement Delay,35.4,4
TCK-6642,CLI-1057,TRD-108278,Fee Query,26.5,5
TCK-6643,CLI-1043,TRD-104842,Fee Query,1.8,4
TCK-6644,CLI-1123,TRD-107282,Trade Exception,1.8,4
TCK-6645,CLI-1098,TRD-103791,Fee Query,6.2,5
TCK-6646,CLI-1062,TRD-100995,Reporting Request,7.1,3
TCK-6647,CLI-1020,TRD-105141,Fee Query,8.6,4
TCK-6648,CLI-1143,TRD-102055,Reporting Request,10.5,4
TCK-6649,CLI-1097,TRD-102069,Settlement Delay,2.7,3
TCK-6650,CLI-1067,TRD-108268,Reporting Request,52.6,5
TCK-6651,CLI-1007,TRD-104175,Settlement Delay,39,3
TCK-6652,CLI-1045,TRD-103721,Settlement Delay,7.3,2
TCK-6653,CLI-1145,TRD-104013,Reporting Request,9,2
TCK-6654,CLI-1081,TRD-109505,Trade Exception,6.4,2
TCK-6655,CLI-1036,TRD-107151,Fee Query,13.6,4
TCK-6656,CLI-1063,TRD-109951,Settlement Delay,15.4,5
TCK-6657,CLI-1079,TRD-103963,Settlement Delay,10.2,2
TCK-6658,CLI-1081,TRD-102680,Trade Exception,32,1
TCK-6659,CLI-1034,TRD-105657,Settlement Delay,6.1,2
TCK-6660,CLI-1019,TRD-100048,Fee Query,4.6,4
TCK-6661,CLI-1122,TRD-109959,Settlement Delay,13.8,4
TCK-6662,CLI-1019,TRD-100402,Reporting Request,3.1,3
TCK-6663,CLI-1074,TRD-106135,Trade Exception,11.3,1
TCK-6664,CLI-1062,TRD-105577,Fee Query,5.7,5
TCK-6665,CLI-1076,TRD-100730,Settlement Delay,2.8,1
TCK-6666,CLI-1097,TRD-104663,Reporting Request,5.6,2
TCK-6667,CLI-1012,TRD-104072,Fee Query,3.7,2
TCK-6668,CLI-1070,TRD-101937,Fee Query,12.9,4
TCK-6669,CLI-1096,TRD-100866,Fee Query,1.6,3
TCK-6670,CLI-1085,TRD-109868,Trade Exception,21.5,1
TCK-6671,CLI-1094,TRD-102453,Fee Query,11.5,4
TCK-6672,CLI-1058,TRD-103710,Trade Exception,24.3,4
TCK-6673,CLI-1034,TRD-107507,Settlement Delay,3.1,5
TCK-6674,CLI-1095,TRD-108843,Fee Query,8.7,1
TCK-6675,CLI-1068,TRD-108540,Trade Exception,14.2,5
TCK-6676,CLI-1002,TRD-104847,Trade Exception,2.9,2
TCK-6677,CLI-1038,TRD-109351,Settlement Delay,1.2,4
TCK-6678,CLI-1043,TRD-105526,Reporting Request,35.4,4
TCK-6679,CLI-1114,TRD-102700,Settlement Delay,19.2,5
TCK-6680,CLI-1030,TRD-108544,Fee Query,19.3,4
TCK-6681,CLI-1141,TRD-107942,Trade Exception,31.4,3
TCK-6682,CLI-1097,TRD-104675,Trade Exception,11.4,2
TCK-6683,CLI-1028,TRD-101913,Reporting Request,13.3,3
TCK-6684,CLI-1007,TRD-107012,Trade Exception,3.8,3
TCK-6685,CLI-1076,TRD-100392,Reporting Request,8.6,2
TCK-6686,CLI-1048,TRD-104626,Settlement Delay,3.1,2
TCK-6687,CLI-1143,TRD-105976,Fee Query,2.2,5
TCK-6688,CLI-1088,TRD-103264,Trade Exception,4.5,5
TCK-6689,CLI-1002,TRD-109027,Fee Query,8.4,4
TCK-6690,CLI-1012,TRD-100465,Reporting Request,13.2,5
TCK-6691,CLI-1025,TRD-101746,Trade Exception,9.4,4
TCK-6692,CLI-1138,TRD-105078,Reporting Request,28,4
TCK-6693,CLI-1032,TRD-102075,Fee Query,5.7,5
TCK-6694,CLI-1086,TRD-102012,Trade Exception,23.5,3
TCK-6695,CLI-1038,TRD-102565,Settlement Delay,7.9,4
TCK-6696,CLI-1112,TRD-107467,Trade Exception,2.8,4
TCK-6697,CLI-1041,TRD-108986,Settlement Delay,25.1,4
TCK-6698,CLI-1128,TRD-102415,Reporting Request,9.1,3
TCK-6699,CLI-1066,TRD-102605,Fee Query,2.8,5
TCK-6700,CLI-1109,TRD-102390,Trade Exception,3.5,5
TCK-6701,CLI-1108,TRD-103485,Settlement Delay,1.9,5
TCK-6702,CLI-1019,TRD-106652,Fee Query,13.4,3
TCK-6703,CLI-1129,TRD-102621,Settlement Delay,6.4,5
TCK-6704,CLI-1135,TRD-108757,Fee Query,41.7,4
TCK-6705,CLI-1065,TRD-103863,Trade Exception,10.3,5
TCK-6706,CLI-1115,TRD-105599,Settlement Delay,4.4,3
TCK-6707,CLI-1081,TRD-103146,Trade Exception,11.7,1
TCK-6708,CLI-1119,TRD-101437,Trade Exception,46.1,4
TCK-6709,CLI-1043,TRD-105754,Reporting Request,1.3,4
TCK-6710,CLI-1129,TRD-103801,Trade Exception,3.2,4
TCK-6711,CLI-1111,TRD-107914,Fee Query,32.6,3
TCK-6712,CLI-1033,TRD-102488,Fee Query,1.3,2
TCK-6713,CLI-1005,TRD-102228,Trade Exception,40.7,4
TCK-6714,CLI-1046,TRD-106355,Trade Exception,12.9,4
TCK-6715,CLI-1050,TRD-106281,Reporting Request,4.2,2
TCK-6716,CLI-1020,TRD-104205,Trade Exception,2.1,2
TCK-6717,CLI-1109,TRD-101408,Settlement Delay,2.3,4
TCK-6718,CLI-1079,TRD-109515,Reporting Request,22.8,4
TCK-6719,CLI-1065,TRD-107226,Settlement Delay,21.7,4
TCK-6720,CLI-1015,TRD-102314,Fee Query,22.5,2
TCK-6721,CLI-1037,TRD-102891,Fee Query,39.8,3
TCK-6722,CLI-1015,TRD-102747,Settlement Delay,6.9,5
TCK-6723,CLI-1135,TRD-107039,Reporting Request,30.7,3
TCK-6724,CLI-1110,TRD-105775,Fee Query,3.1,2
TCK-6725,CLI-1026,TRD-109038,Fee Query,34.6,4
TCK-6726,CLI-1003,TRD-104279,Settlement Delay,4.4,4
TCK-6727,CLI-1084,TRD-100970,Fee Query,7.3,2
TCK-6728,CLI-1013,TRD-103714,Settlement Delay,9.7,3
TCK-6729,CLI-1113,TRD-109601,Trade Exception,20.5,1
TCK-6730,CLI-1114,TRD-104267,Reporting Request,6.9,1
TCK-6731,CLI-1068,TRD-107804,Reporting Request,6,1
TCK-6732,CLI-1093,TRD-108786,Fee Query,49.7,1
TCK-6733,CLI-1084,TRD-102911,Trade Exception,1.9,4
TCK-6734,CLI-1023,TRD-103158,Reporting Request,1.3,4
TCK-6735,CLI-1086,TRD-106679,Fee Query,1.7,3
TCK-6736,CLI-1031,TRD-101036,Trade Exception,30.5,2
TCK-6737,CLI-1057,TRD-109254,Settlement Delay,4.2,5
TCK-6738,CLI-1019,TRD-104484,Fee Query,1.5,3
TCK-6739,CLI-1129,TRD-106284,Settlement Delay,16.7,1
TCK-6740,CLI-1072,TRD-108164,Fee Query,13.3,1
TCK-6741,CLI-1044,TRD-108112,Reporting Request,19.8,2
TCK-6742,CLI-1014,TRD-104783,Trade Exception,9.9,5
TCK-6743,CLI-1129,TRD-101707,Settlement Delay,3.3,4
TCK-6744,CLI-1084,TRD-101076,Reporting Request,5.1,1
TCK-6745,CLI-1072,TRD-105795,Fee Query,1.8,2
TCK-6746,CLI-1040,TRD-103155,Reporting Request,15.6,4
TCK-6747,CLI-1090,TRD-102116,Settlement Delay,13.5,1
TCK-6748,CLI-1051,TRD-103014,Settlement Delay,14.7,3
TCK-6749,CLI-1120,TRD-102845,Settlement Delay,46.6,5
TCK-6750,CLI-1049,TRD-105285,Trade Exception,1.7,4
TCK-6751,CLI-1019,TRD-100134,Trade Exception,1.8,3
TCK-6752,CLI-1085,TRD-101786,Fee Query,17.1,5
TCK-6753,CLI-1016,TRD-108394,Reporting Request,44.2,4
TCK-6754,CLI-1061,TRD-105843,Reporting Request,10.4,4
TCK-6755,CLI-1049,TRD-104384,Settlement Delay,21.1,4
TCK-6756,CLI-1065,TRD-100835,Settlement Delay,12.3,4
TCK-6757,CLI-1062,TRD-104402,Reporting Request,33.3,3
TCK-6758,CLI-1078,TRD-107561,Fee Query,3.7,2
TCK-6759,CLI-1112,TRD-107079,Trade Exception,6.4,4
TCK-6760,CLI-1136,TRD-104247,Reporting Request,12.4,4
TCK-6761,CLI-1131,TRD-105249,Reporting Request,3.7,4
TCK-6762,CLI-1122,TRD-102070,Reporting Request,22.6,2
TCK-6763,CLI-1136,TRD-108233,Reporting Request,20.2,2
TCK-6764,CLI-1092,TRD-100281,Fee Query,16.2,5
TCK-6765,CLI-1103,TRD-108529,Reporting Request,12.6,5
TCK-6766,CLI-1118,TRD-102175,Reporting Request,4,3
TCK-6767,CLI-1073,TRD-100939,Fee Query,25.5,5
TCK-6768,CLI-1120,TRD-100815,Settlement Delay,11.3,4
TCK-6769,CLI-1106,TRD-105479,Settlement Delay,3.9,3
TCK-6770,CLI-1126,TRD-107587,Fee Query,17,3
TCK-6771,CLI-1000,TRD-102824,Settlement Delay,1.4,5
TCK-6772,CLI-1111,TRD-106240,Reporting Request,4,3
TCK-6773,CLI-1143,TRD-104605,Trade Exception,4.1,1
TCK-6774,CLI-1069,TRD-102442,Fee Query,5.1,4
TCK-6775,CLI-1146,TRD-108681,Settlement Delay,1.4,2
TCK-6776,CLI-1112,TRD-105288,Trade Exception,23.2,4
TCK-6777,CLI-1080,TRD-100087,Reporting Request,2.2,4
TCK-6778,CLI-1059,TRD-104503,Trade Exception,22.2,4
TCK-6779,CLI-1062,TRD-109247,Settlement Delay,3.4,4
TCK-6780,CLI-1048,TRD-104128,Settlement Delay,23.1,3
TCK-6781,CLI-1074,TRD-101895,Fee Query,1.4,3
TCK-6782,CLI-1092,TRD-108656,Trade Exception,19.4,2
TCK-6783,CLI-1059,TRD-104780,Fee Query,10.1,4
TCK-6784,CLI-1027,TRD-106145,Fee Query,3.9,5
TCK-6785,CLI-1076,TRD-106861,Trade Exception,7.3,1
TCK-6786,CLI-1131,TRD-102880,Trade Exception,2.2,4
TCK-6787,CLI-1079,TRD-108479,Reporting Request,2.8,2
TCK-6788,CLI-1053,TRD-106044,Reporting Request,6.5,4
TCK-6789,CLI-1015,TRD-108099,Settlement Delay,7.4,1
TCK-6790,CLI-1083,TRD-108088,Fee Query,19,1
TCK-6791,CLI-1101,TRD-104164,Trade Exception,17.9,5
TCK-6792,CLI-1034,TRD-103836,Reporting Request,4.3,3
TCK-6793,CLI-1035,TRD-102483,Trade Exception,3.4,5
TCK-6794,CLI-1080,TRD-106900,Reporting Request,3.2,4
TCK-6795,CLI-1086,TRD-104600,Reporting Request,11.7,4
TCK-6796,CLI-1034,TRD-104064,Trade Exception,11.4,3
TCK-6797,CLI-1133,TRD-103412,Settlement Delay,2.3,5
TCK-6798,CLI-1064,TRD-106410,Settlement Delay,6,2
TCK-6799,CLI-1126,TRD-106757,Trade Exception,25.9,5
TCK-6800,CLI-1103,TRD-104668,Trade Exception,35.2,4
TCK-6801,CLI-1002,TRD-100593,Trade Exception,43.9,3
TCK-6802,CLI-1044,TRD-102219,Fee Query,15.2,2
TCK-6803,CLI-1078,TRD-102806,Reporting Request,1.5,3
TCK-6804,CLI-1097,TRD-108432,Settlement Delay,9,2
TCK-6805,CLI-1024,TRD-101568,Reporting Request,4.3,4
TCK-6806,CLI-1080,TRD-100782,Reporting Request,27.3,2
TCK-6807,CLI-1054,TRD-109163,Settlement Delay,1.5,1
TCK-6808,CLI-1065,TRD-101201,Trade Exception,2.4,4
TCK-6809,CLI-1005,TRD-101656,Fee Query,5,3
TCK-6810,CLI-1049,TRD-104901,Fee Query,15.5,4
TCK-6811,CLI-1076,TRD-102657,Settlement Delay,34,3
TCK-6812,CLI-1096,TRD-100285,Fee Query,6.9,4
TCK-6813,CLI-1137,TRD-109994,Settlement Delay,6,4
TCK-6814,CLI-1034,TRD-109798,Trade Exception,19.3,1
TCK-6815,CLI-1085,TRD-107859,Fee Query,28.4,4
TCK-6816,CLI-1076,TRD-102494,Trade Exception,2.1,2
TCK-6817,CLI-1069,TRD-101306,Trade Exception,52.3,5
TCK-6818,CLI-1104,TRD-102342,Trade Exception,9.6,2
TCK-6819,CLI-1139,TRD-100388,Reporting Request,62.9,2
TCK-6820,CLI-1086,TRD-101508,Settlement Delay,1.2,4
TCK-6821,CLI-1106,TRD-103784,Trade Exception,27.6,3
TCK-6822,CLI-1046,TRD-107382,Settlement Delay,2.2,5
TCK-6823,CLI-1092,TRD-105883,Trade Exception,19,4
TCK-6824,CLI-1094,TRD-101757,Reporting Request,1,2
TCK-6825,CLI-1001,TRD-103619,Reporting Request,2.8,4
TCK-6826,CLI-1145,TRD-100512,Trade Exception,3.1,3
TCK-6827,CLI-1023,TRD-101075,Settlement Delay,12.2,1
TCK-6828,CLI-1013,TRD-104871,Fee Query,15.2,3
TCK-6829,CLI-1037,TRD-103913,Settlement Delay,2.1,5
TCK-6830,CLI-1040,TRD-109125,Fee Query,7.2,2
TCK-6831,CLI-1033,TRD-100314,Fee Query,15.5,4
TCK-6832,CLI-1067,TRD-105947,Settlement Delay,29.8,5
TCK-6833,CLI-1071,TRD-100489,Reporting Request,3.5,4
TCK-6834,CLI-1090,TRD-106407,Fee Query,7.6,3
TCK-6835,CLI-1029,TRD-100033,Trade Exception,4.1,4
TCK-6836,CLI-1066,TRD-107847,Trade Exception,1.5,3
TCK-6837,CLI-1038,TRD-102857,Settlement Delay,8.3,4
TCK-6838,CLI-1041,TRD-103189,Reporting Request,7.5,5
TCK-6839,CLI-1087,TRD-109631,Settlement Delay,21.7,3
TCK-6840,CLI-1091,TRD-103596,Fee Query,27.5,4
TCK-6841,CLI-1094,TRD-104457,Reporting Request,6.2,5
TCK-6842,CLI-1018,TRD-107540,Reporting Request,15.8,3
TCK-6843,CLI-1032,TRD-107862,Fee Query,11.4,5
TCK-6844,CLI-1038,TRD-109867,Fee Query,18.6,4
TCK-6845,CLI-1140,TRD-106089,Trade Exception,2.9,4
TCK-6846,CLI-1144,TRD-103668,Settlement Delay,21.1,4
TCK-6847,CLI-1135,TRD-106266,Fee Query,12.1,4
TCK-6848,CLI-1044,TRD-105584,Trade Exception,18.5,2
TCK-6849,CLI-1034,TRD-105373,Fee Query,7.5,4
TCK-6850,CLI-1144,TRD-108356,Trade Exception,1.1,4
TCK-6851,CLI-1018,TRD-109647,Trade Exception,31,2
TCK-6852,CLI-1049,TRD-106924,Settlement Delay,16.6,5
TCK-6853,CLI-1076,TRD-104246,Settlement Delay,15.1,4
TCK-6854,CLI-1149,TRD-104592,Fee Query,8.7,4
TCK-6855,CLI-1083,TRD-109435,Reporting Request,1.5,4
TCK-6856,CLI-1030,TRD-102281,Fee Query,2.8,4
TCK-6857,CLI-1017,TRD-101810,Reporting Request,7.9,3
TCK-6858,CLI-1147,TRD-101567,Settlement Delay,19.9,3
TCK-6859,CLI-1033,TRD-100649,Settlement Delay,27.5,4
TCK-6860,CLI-1021,TRD-108071,Trade Exception,8.3,2
TCK-6861,CLI-1121,TRD-107888,Fee Query,64.5,4
TCK-6862,CLI-1071,TRD-103503,Fee Query,47.8,2
TCK-6863,CLI-1149,TRD-100431,Trade Exception,6.4,1
TCK-6864,CLI-1130,TRD-108726,Fee Query,1.8,4
TCK-6865,CLI-1129,TRD-101689,Fee Query,9.1,1
TCK-6866,CLI-1000,TRD-109063,Fee Query,47.6,5
TCK-6867,CLI-1124,TRD-109327,Trade Exception,6.5,3
TCK-6868,CLI-1052,TRD-109204,Settlement Delay,6.2,2
TCK-6869,CLI-1079,TRD-100761,Fee Query,5.3,3
TCK-6870,CLI-1042,TRD-104118,Fee Query,37,4
TCK-6871,CLI-1145,TRD-102993,Fee Query,3.5,2
TCK-6872,CLI-1030,TRD-108373,Trade Exception,7.9,5
TCK-6873,CLI-1045,TRD-105116,Fee Query,3.7,2
TCK-6874,CLI-1000,TRD-109783,Fee Query,2.4,4
TCK-6875,CLI-1128,TRD-106572,Reporting Request,7.9,4
TCK-6876,CLI-1055,TRD-104422,Trade Exception,20.7,4
TCK-6877,CLI-1045,TRD-100758,Trade Exception,1.1,4
TCK-6878,CLI-1087,TRD-101685,Fee Query,9,3
TCK-6879,CLI-1055,TRD-100357,Settlement Delay,9.5,1
TCK-6880,CLI-1077,TRD-100175,Trade Exception,1.9,5
TCK-6881,CLI-1022,TRD-109421,Settlement Delay,47,4
TCK-6882,CLI-1047,TRD-104806,Reporting Request,3.6,3
TCK-6883,CLI-1135,TRD-108191,Settlement Delay,29.5,2
TCK-6884,CLI-1065,TRD-107762,Fee Query,4.1,5
TCK-6885,CLI-1004,TRD-101210,Settlement Delay,9.9,5
TCK-6886,CLI-1037,TRD-100966,Settlement Delay,20.3,4
TCK-6887,CLI-1096,TRD-107099,Fee Query,36.9,4
TCK-6888,CLI-1131,TRD-103546,Trade Exception,7.2,3
TCK-6889,CLI-1007,TRD-102832,Reporting Request,1.9,3
TCK-6890,CLI-1092,TRD-105921,Trade Exception,1.3,5
TCK-6891,CLI-1092,TRD-101389,Settlement Delay,25.8,4
TCK-6892,CLI-1036,TRD-103720,Trade Exception,8.8,5
TCK-6893,CLI-1119,TRD-103394,Reporting Request,2.9,5
TCK-6894,CLI-1110,TRD-107318,Fee Query,8.5,3
TCK-6895,CLI-1139,TRD-107847,Fee Query,4,2
TCK-6896,CLI-1103,TRD-108120,Settlement Delay,15.4,5
TCK-6897,CLI-1111,TRD-109836,Reporting Request,7.3,5
TCK-6898,CLI-1058,TRD-101679,Fee Query,16.6,3
TCK-6899,CLI-1110,TRD-108316,Reporting Request,18.4,5
TCK-6900,CLI-1018,TRD-100212,Fee Query,6.6,3
TCK-6901,CLI-1066,TRD-104376,Reporting Request,14.1,4
TCK-6902,CLI-1022,TRD-101412,Fee Query,18.8,3
TCK-6903,CLI-1143,TRD-107552,Fee Query,1.6,5
TCK-6904,CLI-1049,TRD-109981,Reporting Request,3.6,1
TCK-6905,CLI-1139,TRD-107917,Settlement Delay,49.4,4
TCK-6906,CLI-1043,TRD-108671,Reporting Request,1.1,2
TCK-6907,CLI-1114,TRD-108173,Fee Query,5.5,1
TCK-6908,CLI-1017,TRD-108339,Reporting Request,19.3,4
TCK-6909,CLI-1059,TRD-109568,Reporting Request,5.6,4
TCK-6910,CLI-1086,TRD-102147,Trade Exception,21.5,5
TCK-6911,CLI-1142,TRD-109579,Reporting Request,2.7,2
TCK-6912,CLI-1126,TRD-109388,Fee Query,26.1,2
TCK-6913,CLI-1062,TRD-107608,Settlement Delay,8.7,5
TCK-6914,CLI-1122,TRD-104945,Settlement Delay,1.5,2
TCK-6915,CLI-1137,TRD-108023,Trade Exception,12.7,4
TCK-6916,CLI-1054,TRD-102687,Fee Query,4.9,4
TCK-6917,CLI-1095,TRD-103848,Reporting Request,15.5,5
TCK-6918,CLI-1008,TRD-106772,Reporting Request,29,3
TCK-6919,CLI-1072,TRD-108855,Settlement Delay,2,2
TCK-6920,CLI-1108,TRD-108428,Reporting Request,4.4,1
TCK-6921,CLI-1060,TRD-107637,Fee Query,7,1
TCK-6922,CLI-1058,TRD-105857,Trade Exception,39.6,4
TCK-6923,CLI-1085,TRD-109206,Reporting Request,7.2,3
TCK-6924,CLI-1065,TRD-100826,Reporting Request,2.4,5
TCK-6925,CLI-1062,TRD-106017,Fee Query,5.2,3
TCK-6926,CLI-1044,TRD-100870,Settlement Delay,1.2,4
TCK-6927,CLI-1121,TRD-101129,Reporting Request,3.5,5
TCK-6928,CLI-1032,TRD-107558,Trade Exception,12.3,4
TCK-6929,CLI-1074,TRD-106528,Fee Query,3.2,4
TCK-6930,CLI-1025,TRD-104377,Settlement Delay,30.9,4
TCK-6931,CLI-1015,TRD-106779,Trade Exception,16,3
TCK-6932,CLI-1137,TRD-105944,Trade Exception,15,4
TCK-6933,CLI-1132,TRD-108981,Reporting Request,8.1,2
TCK-6934,CLI-1038,TRD-100258,Trade Exception,19.2,2
TCK-6935,CLI-1127,TRD-101517,Trade Exception,3.5,5
TCK-6936,CLI-1111,TRD-109015,Fee Query,8,2
TCK-6937,CLI-1143,TRD-107922,Reporting Request,62,5
TCK-6938,CLI-1127,TRD-105243,Settlement Delay,5.1,4
TCK-6939,CLI-1040,TRD-101213,Settlement Delay,7.2,5
TCK-6940,CLI-1111,TRD-100167,Settlement Delay,4,2
TCK-6941,CLI-1043,TRD-108653,Trade Exception,1.9,3
TCK-6942,CLI-1036,TRD-100492,Settlement Delay,7.2,5
TCK-6943,CLI-1008,TRD-102959,Reporting Request,2.9,4
TCK-6944,CLI-1033,TRD-102043,Settlement Delay,9.6,4
TCK-6945,CLI-1081,TRD-101377,Reporting Request,17.8,3
TCK-6946,CLI-1018,TRD-102100,Reporting Request,23.6,4
TCK-6947,CLI-1049,TRD-101857,Settlement Delay,3.2,4
TCK-6948,CLI-1080,TRD-106794,Reporting Request,28.8,5
TCK-6949,CLI-1084,TRD-108306,Trade Exception,6.3,4
TCK-6950,CLI-1015,TRD-100104,Trade Exception,8.1,3
TCK-6951,CLI-1046,TRD-104140,Settlement Delay,11.5,4
TCK-6952,CLI-1083,TRD-106333,Settlement Delay,2.9,5
TCK-6953,CLI-1037,TRD-105096,Trade Exception,23.1,4
TCK-6954,CLI-1066,TRD-103439,Reporting Request,19.7,4
TCK-6955,CLI-1073,TRD-101622,Reporting Request,8.7,4
TCK-6956,CLI-1123,TRD-101600,Settlement Delay,5.6,4
TCK-6957,CLI-1013,TRD-107234,Trade Exception,9.2,4
TCK-6958,CLI-1034,TRD-104892,Settlement Delay,13.7,5
TCK-6959,CLI-1131,TRD-106651,Fee Query,15.5,1
TCK-6960,CLI-1065,TRD-103670,Reporting Request,7.9,3
TCK-6961,CLI-1128,TRD-102567,Fee Query,1.3,4
TCK-6962,CLI-1113,TRD-107013,Trade Exception,16,5
TCK-6963,CLI-1129,TRD-105171,Reporting Request,5.6,5
TCK-6964,CLI-1053,TRD-107293,Reporting Request,26.3,5
TCK-6965,CLI-1131,TRD-108971,Trade Exception,7.6,3
TCK-6966,CLI-1093,TRD-103587,Fee Query,20.1,5
TCK-6967,CLI-1067,TRD-103259,Fee Query,6.5,4
TCK-6968,CLI-1019,TRD-109576,Settlement Delay,6.6,3
TCK-6969,CLI-1100,TRD-104192,Fee Query,18.3,5
TCK-6970,CLI-1086,TRD-108460,Reporting Request,10.3,4
TCK-6971,CLI-1020,TRD-109465,Fee Query,4.6,4
TCK-6972,CLI-1090,TRD-108082,Settlement Delay,23,3
TCK-6973,CLI-1134,TRD-106309,Fee Query,12.9,3
TCK-6974,CLI-1018,TRD-100372,Trade Exception,13.1,1
TCK-6975,CLI-1132,TRD-108003,Settlement Delay,19.4,2
TCK-6976,CLI-1095,TRD-105237,Fee Query,12.9,4
TCK-6977,CLI-1100,TRD-106166,Reporting Request,4.6,2
TCK-6978,CLI-1110,TRD-108574,Trade Exception,1.1,3
TCK-6979,CLI-1093,TRD-104648,Reporting Request,19.7,3
TCK-6980,CLI-1131,TRD-106369,Reporting Request,38.9,4
TCK-6981,CLI-1005,TRD-106712,Trade Exception,16.3,4
TCK-6982,CLI-1129,TRD-109757,Reporting Request,22,4
TCK-6983,CLI-1148,TRD-109423,Fee Query,24.9,2
TCK-6984,CLI-1093,TRD-109567,Trade Exception,4.5,4
TCK-6985,CLI-1090,TRD-100593,Trade Exception,6.3,4
TCK-6986,CLI-1141,TRD-107815,Settlement Delay,16.9,4
TCK-6987,CLI-1028,TRD-107134,Fee Query,7.9,2
TCK-6988,CLI-1143,TRD-105027,Reporting Request,13.2,4
TCK-6989,CLI-1112,TRD-102252,Reporting Request,4.8,4
TCK-6990,CLI-1107,TRD-107544,Fee Query,16.1,4
TCK-6991,CLI-1123,TRD-108346,Trade Exception,11.8,5
TCK-6992,CLI-1049,TRD-108069,Trade Exception,38.9,2
TCK-6993,CLI-1131,TRD-103833,Settlement Delay,31.8,4
TCK-6994,CLI-1015,TRD-106719,Fee Query,10.9,4
TCK-6995,CLI-1138,TRD-109724,Settlement Delay,4.5,5
TCK-6996,CLI-1094,TRD-109929,Settlement Delay,6.9,5
TCK-6997,CLI-1028,TRD-105796,Reporting Request,17.1,4
TCK-6998,CLI-1037,TRD-106958,Fee Query,7.6,5
TCK-6999,CLI-1037,TRD-107339,Fee Query,21.7,3
TCK-7000,CLI-1091,TRD-105199,Fee Query,4.3,3
TCK-7001,CLI-1098,TRD-101066,Reporting Request,18.7,5
TCK-7002,CLI-1096,TRD-102616,Trade Exception,19.4,1
TCK-7003,CLI-1071,TRD-108425,Settlement Delay,3.4,5
TCK-7004,CLI-1111,TRD-105550,Reporting Request,2.1,2
TCK-7005,CLI-1053,TRD-105720,Reporting Request,12,5
TCK-7006,CLI-1101,TRD-101509,Trade Exception,18.9,4
TCK-7007,CLI-1119,TRD-108595,Reporting Request,34.3,3
TCK-7008,CLI-1008,TRD-103058,Reporting Request,14.8,5
TCK-7009,CLI-1148,TRD-100893,Trade Exception,14.8,4
TCK-7010,CLI-1054,TRD-108760,Reporting Request,7.8,5
TCK-7011,CLI-1065,TRD-102403,Fee Query,5.6,3
TCK-7012,CLI-1100,TRD-103943,Fee Query,7.6,4
TCK-7013,CLI-1069,TRD-107296,Reporting Request,15.3,3
TCK-7014,CLI-1019,TRD-106473,Reporting Request,50.4,5
TCK-7015,CLI-1077,TRD-106251,Reporting Request,14.9,4
TCK-7016,CLI-1130,TRD-101374,Fee Query,11.4,4
TCK-7017,CLI-1107,TRD-107123,Settlement Delay,7.4,3
TCK-7018,CLI-1104,TRD-101031,Fee Query,6.9,4
TCK-7019,CLI-1043,TRD-100815,Trade Exception,7.8,3
TCK-7020,CLI-1050,TRD-106772,Settlement Delay,9.2,5
TCK-7021,CLI-1014,TRD-100703,Reporting Request,7.8,4
TCK-7022,CLI-1105,TRD-103142,Trade Exception,25.9,3
TCK-7023,CLI-1067,TRD-105346,Fee Query,1.2,5
TCK-7024,CLI-1089,TRD-100490,Trade Exception,10.9,4
TCK-7025,CLI-1044,TRD-108743,Reporting Request,23.3,4
TCK-7026,CLI-1105,TRD-106914,Settlement Delay,7.9,4
TCK-7027,CLI-1028,TRD-102058,Fee Query,25.5,4
TCK-7028,CLI-1034,TRD-103129,Trade Exception,11.9,4
TCK-7029,CLI-1012,TRD-101400,Trade Exception,4.9,4
TCK-7030,CLI-1013,TRD-108907,Reporting Request,3.9,4
TCK-7031,CLI-1072,TRD-109833,Reporting Request,1.5,3
TCK-7032,CLI-1077,TRD-101641,Fee Query,15.6,3
TCK-7033,CLI-1002,TRD-105639,Trade Exception,13.6,5
TCK-7034,CLI-1003,TRD-100211,Settlement Delay,19.3,3
TCK-7035,CLI-1014,TRD-105790,Settlement Delay,38.4,5
TCK-7036,CLI-1111,TRD-105421,Settlement Delay,5.8,2
TCK-7037,CLI-1075,TRD-108211,Settlement Delay,4.3,3
TCK-7038,CLI-1016,TRD-102006,Fee Query,4.9,3
TCK-7039,CLI-1016,TRD-109317,Fee Query,10.7,4
TCK-7040,CLI-1005,TRD-101060,Trade Exception,8.5,5
TCK-7041,CLI-1047,TRD-104729,Reporting Request,2.1,4
TCK-7042,CLI-1130,TRD-102246,Settlement Delay,4,2
TCK-7043,CLI-1011,TRD-101850,Settlement Delay,10.7,4
TCK-7044,CLI-1053,TRD-106593,Settlement Delay,45.1,1
TCK-7045,CLI-1051,TRD-107487,Trade Exception,18.3,4
TCK-7046,CLI-1064,TRD-107130,Trade Exception,49.9,5
TCK-7047,CLI-1132,TRD-104222,Fee Query,16.3,3
TCK-7048,CLI-1069,TRD-108179,Reporting Request,53.4,4
TCK-7049,CLI-1014,TRD-104595,Trade Exception,4.4,4
TCK-7050,CLI-1061,TRD-109935,Settlement Delay,30.6,1
TCK-7051,CLI-1051,TRD-104157,Fee Query,14.3,3
TCK-7052,CLI-1148,TRD-108207,Settlement Delay,11.9,4
TCK-7053,CLI-1063,TRD-101779,Settlement Delay,15.5,1
TCK-7054,CLI-1111,TRD-108068,Reporting Request,11.1,4
TCK-7055,CLI-1033,TRD-106388,Settlement Delay,6.4,4
TCK-7056,CLI-1053,TRD-109136,Fee Query,21.2,4
TCK-7057,CLI-1007,TRD-102751,Reporting Request,6.6,5
TCK-7058,CLI-1132,TRD-105110,Fee Query,7.8,1
TCK-7059,CLI-1089,TRD-108269,Fee Query,19.7,1
TCK-7060,CLI-1020,TRD-100235,Fee Query,44.8,3
TCK-7061,CLI-1106,TRD-103683,Trade Exception,5.5,4
TCK-7062,CLI-1086,TRD-106784,Settlement Delay,47.8,1
TCK-7063,CLI-1086,TRD-100601,Settlement Delay,27.3,3
TCK-7064,CLI-1091,TRD-105955,Reporting Request,3.6,2
TCK-7065,CLI-1070,TRD-102137,Fee Query,3.1,4
TCK-7066,CLI-1092,TRD-103423,Settlement Delay,21.5,4
TCK-7067,CLI-1020,TRD-101703,Reporting Request,1.8,1
TCK-7068,CLI-1144,TRD-101107,Trade Exception,51,5
TCK-7069,CLI-1005,TRD-106751,Fee Query,3.8,4
TCK-7070,CLI-1128,TRD-101391,Reporting Request,1.3,3
TCK-7071,CLI-1118,TRD-104009,Reporting Request,14.1,4
TCK-7072,CLI-1136,TRD-108765,Trade Exception,11.1,4
TCK-7073,CLI-1041,TRD-100348,Reporting Request,30.1,4
TCK-7074,CLI-1085,TRD-101974,Trade Exception,2.8,3
TCK-7075,CLI-1000,TRD-101050,Trade Exception,3.5,3
TCK-7076,CLI-1027,TRD-102644,Trade Exception,16.7,2
TCK-7077,CLI-1073,TRD-104582,Settlement Delay,6.9,5
TCK-7078,CLI-1092,TRD-101508,Trade Exception,12.9,5
TCK-7079,CLI-1109,TRD-103359,Settlement Delay,1.4,3
TCK-7080,CLI-1077,TRD-106376,Fee Query,20.8,3
TCK-7081,CLI-1119,TRD-107051,Fee Query,4.7,2
TCK-7082,CLI-1140,TRD-106450,Settlement Delay,10.1,3
TCK-7083,CLI-1065,TRD-102327,Reporting Request,15.2,5
TCK-7084,CLI-1147,TRD-109908,Trade Exception,3.2,3
TCK-7085,CLI-1065,TRD-105638,Reporting Request,2,4
TCK-7086,CLI-1017,TRD-106892,Reporting Request,1,5
TCK-7087,CLI-1068,TRD-109824,Trade Exception,1.7,3
TCK-7088,CLI-1067,TRD-100442,Trade Exception,30,5
TCK-7089,CLI-1120,TRD-106439,Settlement Delay,9.8,4
TCK-7090,CLI-1003,TRD-106033,Trade Exception,1.8,3
TCK-7091,CLI-1056,TRD-108056,Reporting Request,68.7,2
TCK-7092,CLI-1138,TRD-100595,Settlement Delay,2.1,3
TCK-7093,CLI-1065,TRD-100724,Settlement Delay,31,2
TCK-7094,CLI-1008,TRD-104334,Fee Query,4,4
TCK-7095,CLI-1076,TRD-102668,Fee Query,15.6,3
TCK-7096,CLI-1119,TRD-107549,Fee Query,4.2,3
TCK-7097,CLI-1061,TRD-103365,Fee Query,59.1,3
TCK-7098,CLI-1143,TRD-106519,Settlement Delay,3.4,4
TCK-7099,CLI-1036,TRD-104629,Fee Query,6.2,3
TCK-7100,CLI-1028,TRD-109467,Trade Exception,2.8,2
TCK-7101,CLI-1081,TRD-101752,Settlement Delay,9.2,4
TCK-7102,CLI-1090,TRD-105689,Settlement Delay,7.7,4
TCK-7103,CLI-1077,TRD-107756,Fee Query,21.2,4
TCK-7104,CLI-1008,TRD-105431,Settlement Delay,24.1,3
TCK-7105,CLI-1097,TRD-105928,Trade Exception,24.4,5
TCK-7106,CLI-1010,TRD-108952,Trade Exception,1.4,3
TCK-7107,CLI-1103,TRD-105872,Fee Query,3.4,4
TCK-7108,CLI-1006,TRD-105312,Reporting Request,13.2,5
TCK-7109,CLI-1005,TRD-105004,Settlement Delay,12,4
TCK-7110,CLI-1003,TRD-102711,Settlement Delay,20.7,4
TCK-7111,CLI-1080,TRD-106486,Trade Exception,18.9,3
TCK-7112,CLI-1016,TRD-104700,Trade Exception,3.9,3
TCK-7113,CLI-1027,TRD-104751,Trade Exception,6.1,1
TCK-7114,CLI-1100,TRD-105808,Reporting Request,11,3
TCK-7115,CLI-1129,TRD-102847,Settlement Delay,24.8,3
TCK-7116,CLI-1094,TRD-100619,Fee Query,9.9,5
TCK-7117,CLI-1036,TRD-108463,Trade Exception,15.1,1
TCK-7118,CLI-1136,TRD-109770,Reporting Request,6.8,3
TCK-7119,CLI-1057,TRD-104916,Reporting Request,2.2,4
TCK-7120,CLI-1110,TRD-105885,Trade Exception,8,5
TCK-7121,CLI-1081,TRD-107700,Trade Exception,3.1,3
TCK-7122,CLI-1081,TRD-101440,Fee Query,6.3,5
TCK-7123,CLI-1138,TRD-105179,Settlement Delay,5.3,4
TCK-7124,CLI-1059,TRD-101652,Trade Exception,4.4,4
TCK-7125,CLI-1012,TRD-100032,Reporting Request,14.9,1
TCK-7126,CLI-1033,TRD-106499,Reporting Request,3.7,4
TCK-7127,CLI-1093,TRD-102295,Reporting Request,14.6,1
TCK-7128,CLI-1018,TRD-109905,Fee Query,1.5,4
TCK-7129,CLI-1063,TRD-100415,Reporting Request,14.5,3
TCK-7130,CLI-1127,TRD-104397,Trade Exception,1.5,3
TCK-7131,CLI-1111,TRD-109371,Settlement Delay,3.4,1
TCK-7132,CLI-1110,TRD-109394,Fee Query,9.4,4
TCK-7133,CLI-1146,TRD-104336,Settlement Delay,54,4
TCK-7134,CLI-1058,TRD-108933,Reporting Request,13.2,3
TCK-7135,CLI-1123,TRD-103353,Settlement Delay,1,5
TCK-7136,CLI-1036,TRD-107481,Trade Exception,18.9,1
TCK-7137,CLI-1015,TRD-106318,Fee Query,6,4
TCK-7138,CLI-1099,TRD-102350,Settlement Delay,59.1,4
TCK-7139,CLI-1066,TRD-107749,Reporting Request,12.2,5
TCK-7140,CLI-1039,TRD-102657,Trade Exception,32.1,4
TCK-7141,CLI-1001,TRD-100402,Reporting Request,1.6,2
TCK-7142,CLI-1036,TRD-102896,Trade Exception,6.5,3
TCK-7143,CLI-1011,TRD-101510,Fee Query,5.1,4
TCK-7144,CLI-1145,TRD-108911,Trade Exception,6.6,3
TCK-7145,CLI-1127,TRD-102101,Trade Exception,5.4,4
TCK-7146,CLI-1116,TRD-108422,Settlement Delay,4.9,5
TCK-7147,CLI-1115,TRD-108922,Settlement Delay,8.9,4
TCK-7148,CLI-1050,TRD-106609,Settlement Delay,19.2,4
TCK-7149,CLI-1080,TRD-104272,Trade Exception,13.5,4
TCK-7150,CLI-1014,TRD-106682,Fee Query,6.5,5
TCK-7151,CLI-1041,TRD-102103,Trade Exception,11.7,3
TCK-7152,CLI-1079,TRD-101451,Reporting Request,29.5,5
TCK-7153,CLI-1064,TRD-102027,Reporting Request,4.8,5
TCK-7154,CLI-1015,TRD-107882,Fee Query,9.3,3
TCK-7155,CLI-1099,TRD-107723,Fee Query,30.1,1
TCK-7156,CLI-1064,TRD-109238,Fee Query,16.8,5
TCK-7157,CLI-1114,TRD-104393,Reporting Request,3.3,2
TCK-7158,CLI-1043,TRD-108097,Reporting Request,19.9,5
TCK-7159,CLI-1000,TRD-107906,Settlement Delay,20.4,4
TCK-7160,CLI-1049,TRD-101013,Reporting Request,17.4,5
TCK-7161,CLI-1122,TRD-101962,Settlement Delay,11.9,2
TCK-7162,CLI-1100,TRD-108037,Fee Query,2.5,3
TCK-7163,CLI-1017,TRD-103795,Trade Exception,8.6,1
TCK-7164,CLI-1043,TRD-104319,Trade Exception,2.1,5
TCK-7165,CLI-1010,TRD-103353,Settlement Delay,9.8,4
TCK-7166,CLI-1144,TRD-104097,Reporting Request,7.2,3
TCK-7167,CLI-1038,TRD-107692,Fee Query,1.1,4
TCK-7168,CLI-1036,TRD-100386,Trade Exception,19,5
TCK-7169,CLI-1094,TRD-103994,Fee Query,13.6,3
TCK-7170,CLI-1040,TRD-107415,Trade Exception,4.3,5
TCK-7171,CLI-1054,TRD-109704,Reporting Request,13.3,2
TCK-7172,CLI-1095,TRD-103445,Fee Query,10.4,4
TCK-7173,CLI-1111,TRD-104773,Reporting Request,9.5,3
TCK-7174,CLI-1049,TRD-106603,Fee Query,6.7,2
TCK-7175,CLI-1143,TRD-107285,Trade Exception,1.5,5
TCK-7176,CLI-1077,TRD-105159,Trade Exception,52.4,4
TCK-7177,CLI-1127,TRD-100049,Fee Query,9.6,3
TCK-7178,CLI-1014,TRD-105825,Trade Exception,1.7,3
TCK-7179,CLI-1055,TRD-107869,Fee Query,1.6,1
TCK-7180,CLI-1077,TRD-106153,Settlement Delay,18.6,4
TCK-7181,CLI-1087,TRD-102309,Fee Query,6.1,4
TCK-7182,CLI-1010,TRD-103382,Reporting Request,7.7,5
TCK-7183,CLI-1092,TRD-105692,Reporting Request,12.5,5
TCK-7184,CLI-1067,TRD-107598,Trade Exception,1,5
TCK-7185,CLI-1095,TRD-105449,Trade Exception,9.7,5
TCK-7186,CLI-1031,TRD-102606,Trade Exception,15.2,4
TCK-7187,CLI-1066,TRD-109973,Settlement Delay,7,3
TCK-7188,CLI-1133,TRD-109004,Settlement Delay,3.1,2
TCK-7189,CLI-1146,TRD-106203,Fee Query,23.9,3
TCK-7190,CLI-1144,TRD-106898,Trade Exception,7.1,2
TCK-7191,CLI-1123,TRD-109770,Fee Query,68.6,4
TCK-7192,CLI-1047,TRD-101291,Fee Query,10.2,3
TCK-7193,CLI-1132,TRD-105075,Trade Exception,2.6,4
TCK-7194,CLI-1124,TRD-109279,Trade Exception,2,3
TCK-7195,CLI-1090,TRD-103453,Reporting Request,3.8,5
TCK-7196,CLI-1035,TRD-103283,Trade Exception,28,3
TCK-7197,CLI-1095,TRD-101713,Reporting Request,9.1,5
TCK-7198,CLI-1042,TRD-108469,Settlement Delay,22.1,1
TCK-7199,CLI-1097,TRD-109946,Reporting Request,14.3,1
TCK-7200,CLI-1078,TRD-108890,Fee Query,24.4,4
TCK-7201,CLI-1072,TRD-100196,Fee Query,9.8,4
TCK-7202,CLI-1129,TRD-103297,Settlement Delay,21.5,1
TCK-7203,CLI-1102,TRD-109949,Settlement Delay,35.4,4
TCK-7204,CLI-1069,TRD-109666,Fee Query,2.9,1
TCK-7205,CLI-1123,TRD-101520,Reporting Request,70.7,2
TCK-7206,CLI-1103,TRD-105390,Settlement Delay,17.1,5
TCK-7207,CLI-1021,TRD-101094,Settlement Delay,11.3,3
TCK-7208,CLI-1007,TRD-100130,Trade Exception,59.3,4
TCK-7209,CLI-1019,TRD-106533,Fee Query,3.2,4
TCK-7210,CLI-1037,TRD-104186,Trade Exception,13.5,5
TCK-7211,CLI-1136,TRD-100752,Settlement Delay,3.5,2
TCK-7212,CLI-1146,TRD-100693,Trade Exception,9.5,2
TCK-7213,CLI-1074,TRD-108353,Fee Query,1.5,4
TCK-7214,CLI-1120,TRD-107865,Fee Query,6.1,4
TCK-7215,CLI-1117,TRD-101134,Fee Query,25.8,3
TCK-7216,CLI-1091,TRD-109816,Reporting Request,18.1,4
TCK-7217,CLI-1112,TRD-107822,Settlement Delay,7.1,1
TCK-7218,CLI-1020,TRD-106922,Trade Exception,3.3,2
TCK-7219,CLI-1070,TRD-103659,Settlement Delay,1.8,5
TCK-7220,CLI-1115,TRD-106134,Trade Exception,37.7,4
TCK-7221,CLI-1088,TRD-102873,Settlement Delay,7.8,4
TCK-7222,CLI-1041,TRD-104514,Reporting Request,16.3,4
TCK-7223,CLI-1056,TRD-101579,Settlement Delay,29.7,2
TCK-7224,CLI-1084,TRD-109912,Fee Query,17,3
TCK-7225,CLI-1101,TRD-102971,Trade Exception,8.6,5
TCK-7226,CLI-1076,TRD-107006,Trade Exception,6.5,1
TCK-7227,CLI-1089,TRD-103234,Trade Exception,25.8,3
TCK-7228,CLI-1086,TRD-109815,Fee Query,5.6,1
TCK-7229,CLI-1140,TRD-104565,Reporting Request,5.8,3
TCK-7230,CLI-1136,TRD-104041,Settlement Delay,18,3
TCK-7231,CLI-1083,TRD-103279,Reporting Request,11.6,2
TCK-7232,CLI-1071,TRD-103684,Trade Exception,7.7,1
TCK-7233,CLI-1025,TRD-109093,Trade Exception,8.2,5
TCK-7234,CLI-1037,TRD-109720,Reporting Request,11.5,3
TCK-7235,CLI-1090,TRD-105473,Trade Exception,7.9,4
TCK-7236,CLI-1086,TRD-105732,Settlement Delay,5.6,4
TCK-7237,CLI-1141,TRD-109913,Trade Exception,29.4,4
TCK-7238,CLI-1144,TRD-103972,Trade Exception,9.5,3
TCK-7239,CLI-1061,TRD-100501,Settlement Delay,3.7,4
TCK-7240,CLI-1137,TRD-102642,Reporting Request,3.2,5
TCK-7241,CLI-1142,TRD-109332,Trade Exception,5.1,4
TCK-7242,CLI-1033,TRD-107870,Reporting Request,52.7,2
TCK-7243,CLI-1021,TRD-102282,Fee Query,32,2
TCK-7244,CLI-1144,TRD-104404,Settlement Delay,2.2,4
TCK-7245,CLI-1121,TRD-101935,Fee Query,2.1,2
TCK-7246,CLI-1022,TRD-106622,Trade Exception,6.8,4
TCK-7247,CLI-1000,TRD-108458,Fee Query,9.6,5
TCK-7248,CLI-1041,TRD-108000,Reporting Request,5.3,2
TCK-7249,CLI-1065,TRD-102350,Settlement Delay,13.8,3
TCK-7250,CLI-1016,TRD-105712,Settlement Delay,7.7,4
TCK-7251,CLI-1097,TRD-108047,Settlement Delay,10.2,1
TCK-7252,CLI-1012,TRD-107216,Settlement Delay,5,4
TCK-7253,CLI-1134,TRD-108246,Trade Exception,1.9,4
TCK-7254,CLI-1025,TRD-100370,Reporting Request,15.1,4
TCK-7255,CLI-1091,TRD-103178,Trade Exception,16.5,5
TCK-7256,CLI-1070,TRD-100673,Settlement Delay,8.7,4
TCK-7257,CLI-1126,TRD-108975,Reporting Request,24.8,3
TCK-7258,CLI-1122,TRD-100085,Trade Exception,5.4,1
TCK-7259,CLI-1061,TRD-102847,Fee Query,16.5,5
TCK-7260,CLI-1040,TRD-104293,Reporting Request,11.4,2
TCK-7261,CLI-1102,TRD-109857,Reporting Request,7.7,5
TCK-7262,CLI-1007,TRD-100838,Fee Query,3.9,4
TCK-7263,CLI-1062,TRD-100906,Settlement Delay,14,2
TCK-7264,CLI-1006,TRD-107561,Fee Query,3.1,4
TCK-7265,CLI-1069,TRD-108242,Reporting Request,16.5,4
TCK-7266,CLI-1009,TRD-104736,Fee Query,3.9,4
TCK-7267,CLI-1083,TRD-107753,Fee Query,1.2,1
TCK-7268,CLI-1002,TRD-101210,Settlement Delay,5.3,4
TCK-7269,CLI-1094,TRD-102786,Fee Query,25,5
TCK-7270,CLI-1020,TRD-100844,Settlement Delay,1.3,4
TCK-7271,CLI-1083,TRD-106889,Reporting Request,1.8,4
TCK-7272,CLI-1034,TRD-103917,Trade Exception,10.2,4
TCK-7273,CLI-1051,TRD-107211,Fee Query,1,4
TCK-7274,CLI-1145,TRD-107671,Fee Query,13.2,4
TCK-7275,CLI-1027,TRD-109596,Reporting Request,12.7,2
TCK-7276,CLI-1077,TRD-108229,Reporting Request,4,5
TCK-7277,CLI-1111,TRD-104205,Trade Exception,7.9,3
TCK-7278,CLI-1057,TRD-109674,Trade Exception,18.4,3
TCK-7279,CLI-1112,TRD-107576,Settlement Delay,3.7,4
TCK-7280,CLI-1132,TRD-101494,Fee Query,12.1,4
TCK-7281,CLI-1068,TRD-104935,Reporting Request,7.9,2
TCK-7282,CLI-1145,TRD-105867,Trade Exception,7,3
TCK-7283,CLI-1034,TRD-108441,Fee Query,5.8,4
TCK-7284,CLI-1092,TRD-105123,Trade Exception,10.4,3
TCK-7285,CLI-1079,TRD-102519,Fee Query,4.5,3
TCK-7286,CLI-1019,TRD-109534,Reporting Request,13.1,4
TCK-7287,CLI-1063,TRD-107144,Trade Exception,2.5,4
TCK-7288,CLI-1113,TRD-107677,Trade Exception,24.5,2
TCK-7289,CLI-1000,TRD-100831,Trade Exception,18.4,5
TCK-7290,CLI-1042,TRD-104493,Trade Exception,7.4,3
TCK-7291,CLI-1096,TRD-102389,Fee Query,3.4,4
TCK-7292,CLI-1113,TRD-105954,Trade Exception,7,5
TCK-7293,CLI-1095,TRD-104831,Fee Query,14.5,3
TCK-7294,CLI-1103,TRD-108543,Fee Query,6.5,4
TCK-7295,CLI-1017,TRD-109690,Trade Exception,2,4
TCK-7296,CLI-1007,TRD-104694,Trade Exception,2.4,3
TCK-7297,CLI-1024,TRD-104164,Trade Exception,15.3,3
TCK-7298,CLI-1076,TRD-109004,Reporting Request,24.3,4
TCK-7299,CLI-1111,TRD-102824,Fee Query,22.2,3
TCK-7300,CLI-1149,TRD-101592,Fee Query,17.4,3
TCK-7301,CLI-1063,TRD-100592,Trade Exception,18.1,5
TCK-7302,CLI-1029,TRD-106738,Settlement Delay,48.4,1
TCK-7303,CLI-1035,TRD-106197,Reporting Request,3,1
TCK-7304,CLI-1058,TRD-101934,Fee Query,10.5,3
TCK-7305,CLI-1146,TRD-109448,Reporting Request,4.7,4
TCK-7306,CLI-1025,TRD-106529,Reporting Request,4.1,3
TCK-7307,CLI-1056,TRD-106383,Reporting Request,7.3,4
TCK-7308,CLI-1077,TRD-105983,Fee Query,5.9,3
TCK-7309,CLI-1142,TRD-105990,Trade Exception,13.7,1
TCK-7310,CLI-1135,TRD-108496,Settlement Delay,7.4,4
TCK-7311,CLI-1034,TRD-106233,Trade Exception,5,4
TCK-7312,CLI-1131,TRD-102541,Settlement Delay,2,4
TCK-7313,CLI-1075,TRD-105353,Fee Query,5.1,2
TCK-7314,CLI-1031,TRD-106361,Settlement Delay,8.9,4
TCK-7315,CLI-1127,TRD-103019,Trade Exception,12.2,5
TCK-7316,CLI-1040,TRD-106128,Fee Query,13.2,2
TCK-7317,CLI-1096,TRD-102390,Trade Exception,3.8,3
TCK-7318,CLI-1009,TRD-103980,Reporting Request,7.3,4
TCK-7319,CLI-1088,TRD-106820,Reporting Request,7.2,4
TCK-7320,CLI-1042,TRD-106183,Trade Exception,1.2,2
TCK-7321,CLI-1042,TRD-101896,Trade Exception,26.9,3
TCK-7322,CLI-1063,TRD-105586,Reporting Request,14.4,5
TCK-7323,CLI-1144,TRD-100629,Settlement Delay,14,3
TCK-7324,CLI-1138,TRD-106381,Trade Exception,11.4,1
TCK-7325,CLI-1057,TRD-104312,Reporting Request,8.4,4
TCK-7326,CLI-1048,TRD-106868,Settlement Delay,4.1,3
TCK-7327,CLI-1078,TRD-108133,Fee Query,7,4
TCK-7328,CLI-1127,TRD-104208,Settlement Delay,3.3,2
TCK-7329,CLI-1013,TRD-105911,Reporting Request,21.3,3
TCK-7330,CLI-1010,TRD-103227,Trade Exception,3.8,3
TCK-7331,CLI-1074,TRD-108905,Fee Query,4.9,4
TCK-7332,CLI-1015,TRD-108311,Trade Exception,1.2,2
TCK-7333,CLI-1041,TRD-105264,Fee Query,6.6,3
TCK-7334,CLI-1129,TRD-102003,Fee Query,15.8,4
TCK-7335,CLI-1090,TRD-104115,Settlement Delay,3.4,2
TCK-7336,CLI-1039,TRD-103443,Trade Exception,9.6,3
TCK-7337,CLI-1095,TRD-104633,Reporting Request,34.5,3
TCK-7338,CLI-1017,TRD-100028,Fee Query,7.9,2
TCK-7339,CLI-1077,TRD-108823,Trade Exception,20,5
TCK-7340,CLI-1009,TRD-108175,Settlement Delay,20.2,4
TCK-7341,CLI-1128,TRD-107701,Settlement Delay,13.7,3
TCK-7342,CLI-1060,TRD-107647,Trade Exception,6.5,4
TCK-7343,CLI-1142,TRD-104636,Fee Query,18.1,1
TCK-7344,CLI-1022,TRD-100124,Settlement Delay,34.8,5
TCK-7345,CLI-1053,TRD-108303,Settlement Delay,4.8,5
TCK-7346,CLI-1089,TRD-105078,Reporting Request,9.4,1
TCK-7347,CLI-1067,TRD-102872,Fee Query,12,5
TCK-7348,CLI-1126,TRD-100609,Reporting Request,11.8,3
TCK-7349,CLI-1110,TRD-109931,Fee Query,7.5,2
TCK-7350,CLI-1060,TRD-102898,Settlement Delay,10.4,4
TCK-7351,CLI-1076,TRD-102175,Settlement Delay,1.7,5
TCK-7352,CLI-1015,TRD-102303,Reporting Request,1.8,2
TCK-7353,CLI-1009,TRD-104496,Fee Query,33.2,5
TCK-7354,CLI-1054,TRD-100887,Settlement Delay,10.6,3
TCK-7355,CLI-1042,TRD-101105,Trade Exception,3.6,4
TCK-7356,CLI-1045,TRD-106596,Settlement Delay,4.7,4
TCK-7357,CLI-1064,TRD-109728,Reporting Request,15.6,3
TCK-7358,CLI-1127,TRD-102777,Trade Exception,15.1,5
TCK-7359,CLI-1059,TRD-101137,Fee Query,13.9,5
TCK-7360,CLI-1101,TRD-101740,Trade Exception,4.5,3
TCK-7361,CLI-1124,TRD-109446,Fee Query,22.5,2
TCK-7362,CLI-1005,TRD-103366,Fee Query,1.8,5
TCK-7363,CLI-1109,TRD-102431,Trade Exception,7.6,4
TCK-7364,CLI-1091,TRD-103475,Reporting Request,18.3,4
TCK-7365,CLI-1023,TRD-109800,Fee Query,4.3,3
TCK-7366,CLI-1044,TRD-108572,Reporting Request,4.3,2
TCK-7367,CLI-1069,TRD-104384,Trade Exception,1,5
TCK-7368,CLI-1000,TRD-107605,Trade Exception,9.2,4
TCK-7369,CLI-1004,TRD-108320,Settlement Delay,31.1,2
TCK-7370,CLI-1113,TRD-103322,Settlement Delay,9.6,2
TCK-7371,CLI-1011,TRD-100788,Trade Exception,33.5,4
TCK-7372,CLI-1053,TRD-107964,Trade Exception,3.9,5
TCK-7373,CLI-1135,TRD-105907,Trade Exception,7,3
TCK-7374,CLI-1106,TRD-103140,Settlement Delay,58.3,3
TCK-7375,CLI-1070,TRD-109266,Reporting Request,20.3,2
TCK-7376,CLI-1069,TRD-105146,Reporting Request,11.3,3
TCK-7377,CLI-1135,TRD-103562,Reporting Request,2.1,5
TCK-7378,CLI-1000,TRD-100501,Settlement Delay,2.7,2
TCK-7379,CLI-1118,TRD-109824,Fee Query,8,4
TCK-7380,CLI-1105,TRD-105739,Fee Query,21.2,2
TCK-7381,CLI-1113,TRD-106948,Reporting Request,17.2,2
TCK-7382,CLI-1115,TRD-102836,Reporting Request,24.1,1
TCK-7383,CLI-1047,TRD-100513,Trade Exception,7.2,4
TCK-7384,CLI-1137,TRD-100462,Settlement Delay,11.3,3
TCK-7385,CLI-1011,TRD-106794,Fee Query,5.4,5
TCK-7386,CLI-1014,TRD-106442,Reporting Request,10.3,1
TCK-7387,CLI-1065,TRD-101366,Trade Exception,12.5,1
TCK-7388,CLI-1081,TRD-103207,Reporting Request,9.7,3
TCK-7389,CLI-1116,TRD-106206,Reporting Request,3.6,4
TCK-7390,CLI-1124,TRD-106074,Fee Query,6,4
TCK-7391,CLI-1043,TRD-109697,Trade Exception,12.9,3
TCK-7392,CLI-1022,TRD-106937,Trade Exception,11.2,3
TCK-7393,CLI-1137,TRD-108684,Reporting Request,8.1,4
TCK-7394,CLI-1005,TRD-103415,Settlement Delay,1.8,3
TCK-7395,CLI-1122,TRD-105416,Reporting Request,8.3,4
TCK-7396,CLI-1144,TRD-109863,Settlement Delay,11,3
TCK-7397,CLI-1048,TRD-100541,Fee Query,4,5
TCK-7398,CLI-1064,TRD-107505,Fee Query,1.2,5
TCK-7399,CLI-1009,TRD-107320,Settlement Delay,9.6,4
TCK-7400,CLI-1100,TRD-100699,Fee Query,6.7,5
TCK-7401,CLI-1060,TRD-108586,Fee Query,15,4
TCK-7402,CLI-1140,TRD-103699,Reporting Request,2.6,5
TCK-7403,CLI-1091,TRD-106063,Settlement Delay,10.4,5
TCK-7404,CLI-1094,TRD-100690,Settlement Delay,28.6,5
TCK-7405,CLI-1144,TRD-108173,Settlement Delay,32.2,5
TCK-7406,CLI-1131,TRD-103912,Trade Exception,26.4,5
TCK-7407,CLI-1139,TRD-108075,Settlement Delay,20.4,3
TCK-7408,CLI-1069,TRD-100245,Trade Exception,34.4,5
TCK-7409,CLI-1126,TRD-103182,Reporting Request,42.6,4
TCK-7410,CLI-1113,TRD-102345,Settlement Delay,5,5
TCK-7411,CLI-1119,TRD-102135,Settlement Delay,9,4
TCK-7412,CLI-1137,TRD-107890,Fee Query,15.8,4
TCK-7413,CLI-1082,TRD-108366,Trade Exception,9.5,4
TCK-7414,CLI-1001,TRD-107793,Settlement Delay,29.6,3
TCK-7415,CLI-1055,TRD-104364,Reporting Request,45.1,2
TCK-7416,CLI-1065,TRD-101705,Fee Query,9.2,4
TCK-7417,CLI-1012,TRD-104246,Reporting Request,5.8,3
TCK-7418,CLI-1039,TRD-104885,Fee Query,7.3,2
TCK-7419,CLI-1064,TRD-103259,Reporting Request,14.6,3
TCK-7420,CLI-1143,TRD-102756,Fee Query,16.5,3
TCK-7421,CLI-1076,TRD-106026,Reporting Request,6.7,1
TCK-7422,CLI-1116,TRD-106567,Reporting Request,23.5,3
TCK-7423,CLI-1122,TRD-103717,Reporting Request,2.6,4
TCK-7424,CLI-1101,TRD-104767,Trade Exception,1.3,2
TCK-7425,CLI-1006,TRD-101959,Trade Exception,47.8,2
TCK-7426,CLI-1016,TRD-107187,Trade Exception,31.4,2
TCK-7427,CLI-1124,TRD-108465,Fee Query,5.4,2
TCK-7428,CLI-1101,TRD-103041,Settlement Delay,38.5,1
TCK-7429,CLI-1144,TRD-102897,Fee Query,5.5,5
TCK-7430,CLI-1117,TRD-101281,Trade Exception,8.7,1
TCK-7431,CLI-1060,TRD-100012,Trade Exception,10,4
TCK-7432,CLI-1072,TRD-109271,Settlement Delay,13.2,3
TCK-7433,CLI-1130,TRD-109901,Reporting Request,10,4
TCK-7434,CLI-1031,TRD-108955,Fee Query,30.1,3
TCK-7435,CLI-1066,TRD-108564,Settlement Delay,10.8,5
TCK-7436,CLI-1000,TRD-108665,Fee Query,1.4,3
TCK-7437,CLI-1103,TRD-102367,Trade Exception,3.3,3
TCK-7438,CLI-1007,TRD-101931,Fee Query,39.1,5
TCK-7439,CLI-1029,TRD-108587,Reporting Request,1.5,1
TCK-7440,CLI-1055,TRD-100395,Trade Exception,17.9,3
TCK-7441,CLI-1005,TRD-100619,Fee Query,46.1,3
TCK-7442,CLI-1066,TRD-100407,Trade Exception,1.4,3
TCK-7443,CLI-1067,TRD-100558,Fee Query,24.6,5
TCK-7444,CLI-1027,TRD-105082,Reporting Request,15.6,3
TCK-7445,CLI-1108,TRD-108743,Trade Exception,1.4,3
TCK-7446,CLI-1107,TRD-105804,Reporting Request,12,3
TCK-7447,CLI-1012,TRD-102626,Fee Query,30.7,2
TCK-7448,CLI-1086,TRD-101138,Trade Exception,8.1,2
TCK-7449,CLI-1066,TRD-103038,Fee Query,17.3,2
TCK-7450,CLI-1126,TRD-106253,Fee Query,5.7,2
TCK-7451,CLI-1037,TRD-108312,Trade Exception,7,3
TCK-7452,CLI-1023,TRD-107861,Fee Query,15,2
TCK-7453,CLI-1011,TRD-104641,Trade Exception,1.4,4
TCK-7454,CLI-1008,TRD-106715,Trade Exception,16.8,5
TCK-7455,CLI-1000,TRD-103321,Reporting Request,4.7,4
TCK-7456,CLI-1147,TRD-106761,Reporting Request,23.6,3
TCK-7457,CLI-1080,TRD-104089,Settlement Delay,10.8,2
TCK-7458,CLI-1031,TRD-108999,Fee Query,5.1,2
TCK-7459,CLI-1068,TRD-100587,Fee Query,14.8,4
TCK-7460,CLI-1083,TRD-107609,Trade Exception,30.5,2
TCK-7461,CLI-1119,TRD-104275,Reporting Request,9.7,2
TCK-7462,CLI-1006,TRD-101661,Fee Query,24.8,4
TCK-7463,CLI-1135,TRD-105133,Fee Query,34,4
TCK-7464,CLI-1006,TRD-100988,Fee Query,6.6,5
TCK-7465,CLI-1106,TRD-100673,Fee Query,22.2,2
TCK-7466,CLI-1081,TRD-108227,Trade Exception,19,4
TCK-7467,CLI-1087,TRD-105750,Trade Exception,10.8,2
TCK-7468,CLI-1076,TRD-102122,Trade Exception,1.7,2
TCK-7469,CLI-1007,TRD-108810,Settlement Delay,20.5,5
TCK-7470,CLI-1040,TRD-109686,Settlement Delay,1.6,3
TCK-7471,CLI-1110,TRD-104020,Settlement Delay,42,3
TCK-7472,CLI-1018,TRD-109971,Settlement Delay,8.3,3
TCK-7473,CLI-1018,TRD-105308,Reporting Request,1.3,1
TCK-7474,CLI-1137,TRD-105273,Settlement Delay,4.1,5
TCK-7475,CLI-1034,TRD-101366,Trade Exception,4.1,5
TCK-7476,CLI-1009,TRD-109137,Settlement Delay,24.9,2
TCK-7477,CLI-1071,TRD-106663,Settlement Delay,1.9,1
TCK-7478,CLI-1139,TRD-103734,Fee Query,3.3,4
TCK-7479,CLI-1006,TRD-105342,Settlement Delay,6.5,4
TCK-7480,CLI-1019,TRD-102962,Trade Exception,3.3,4
TCK-7481,CLI-1014,TRD-104629,Settlement Delay,3.6,4
TCK-7482,CLI-1018,TRD-103240,Fee Query,3.9,5
TCK-7483,CLI-1010,TRD-108624,Trade Exception,2.8,3
TCK-7484,CLI-1001,TRD-109400,Reporting Request,12.6,5
TCK-7485,CLI-1047,TRD-108282,Trade Exception,1.9,4
TCK-7486,CLI-1040,TRD-105406,Fee Query,6.3,4
TCK-7487,CLI-1119,TRD-103344,Trade Exception,14.4,5
TCK-7488,CLI-1148,TRD-109323,Trade Exception,5.5,3
TCK-7489,CLI-1064,TRD-101377,Trade Exception,6.1,3
TCK-7490,CLI-1105,TRD-105331,Fee Query,18.5,1
TCK-7491,CLI-1142,TRD-101081,Settlement Delay,19.5,4
TCK-7492,CLI-1049,TRD-107554,Reporting Request,17.2,1
TCK-7493,CLI-1018,TRD-104600,Fee Query,5.9,3
TCK-7494,CLI-1016,TRD-109726,Trade Exception,10.1,5
TCK-7495,CLI-1095,TRD-103939,Fee Query,25.8,2
TCK-7496,CLI-1145,TRD-104605,Fee Query,7.7,5
TCK-7497,CLI-1112,TRD-105907,Settlement Delay,4.8,4
TCK-7498,CLI-1073,TRD-109220,Fee Query,1.4,2
TCK-7499,CLI-1081,TRD-109689,Settlement Delay,11.1,1
